x(0),x(1),x(2),x(3),x(4),x(5),x(6),x(7),x(8),x(9),x(10),x(11),x(12),x(13),x(14),x(15),x(16),x(17),x(18),x(19),x(20),x(21),x(22),x(23),mean_iota,aspect,growth_rate,quasisymmetry_total,mirror_ratio
0.10177098577593813,0.0,0.0,0.004106451263649791,0.17201349350786074,-0.0917796879354592,0.0,0.0,0.0,0.0,0.0,0.0,-0.12188831262957864,0.0,0.0,-0.0023444752113936608,0.21700245849038646,0.09690587396006418,0.0,0.0,0.0,0.0,0.0,0.0,0.3786407094253745,5.902128425830998,0.27406557245222707,0.20964087522075622,0.0
0.10177098577593813,0.0,0.0,0.004106451263649791,0.17201349350786074,-0.0917796879354592,0.0,0.0,0.0,0.0,0.0,0.0,-0.12188831262957864,0.0,0.0,-0.0023444752113936608,0.21700245849038646,0.09690587396006418,0.0,0.0,0.0,0.0,0.0,0.0,0.3786407094253745,5.902128425830998,0.27406557245222707,0.20964087522075622,0.0
0.10177098577593813,0.0,0.0,0.004106451263649791,0.17201349350786074,-0.0917796879354592,0.0,0.0,0.0,0.0,0.0,0.0,-0.12188831262957864,0.0,0.0,-0.0023444752113936608,0.21700245849038646,0.09690587396006418,0.0,0.0,0.0,0.0,0.0,0.0,0.3786407094253745,5.902128425830998,0.27406557245222707,0.20964087522075622,0.0
0.10177098577593813,0.0,0.0,0.004106451263649791,0.17201349350786074,-0.0917796879354592,0.0,0.0,0.0,0.0,0.0,0.0,-0.12188831262957864,0.0,0.0,-0.0023444752113936608,0.21700245849038646,0.09690587396006418,0.0,0.0,0.0,0.0,0.0,0.0,0.3786407094253745,5.902128425830998,0.27406557245222707,0.20964087522075622,0.0
0.10177098577593813,0.0,0.0,0.004106451263649791,0.17201349350786074,-0.0917796879354592,0.0001,0.0,0.0,0.0,0.0,0.0,-0.12188831262957864,0.0,0.0,-0.0023444752113936608,0.21700245849038646,0.09690587396006418,0.0,0.0,0.0,0.0,0.0,0.0,0.37872285946101764,5.9022313275012,0.27954423560275743,0.21071738514440058,0.0
0.10177098577593813,0.0,0.0,0.004106451263649791,0.17201349350786074,-0.0917796879354592,0.0,0.0,0.0,0.0,0.0,0.0,-0.12188831262957864,0.0,0.0,-0.0023444752113936608,0.21700245849038646,0.09690587396006418,0.0,0.0,0.0,0.0,0.0001,0.0,0.3786524663977973,5.901798977411145,0.281216378341246,0.20962064442888986,0.0
0.10177098577593813,0.0,0.0,0.004106451263649791,0.17201349350786074,-0.0917796879354592,0.0,0.0,0.0,0.0,0.0,0.0,-0.12188831262957864,0.0,0.0,-0.0023444752113936608,0.21700245849038646,0.09690587396006418,0.0001,0.0,0.0,0.0,0.0,0.0,0.3785740647705839,5.902030967516069,0.2739033418141416,0.21300007109879654,0.0
0.10177098577593813,0.0,0.0001,0.004106451263649791,0.17201349350786074,-0.0917796879354592,0.0,0.0,0.0,0.0,0.0,0.0,-0.12188831262957864,0.0,0.0,-0.0023444752113936608,0.21700245849038646,0.09690587396006418,0.0,0.0,0.0,0.0,0.0,0.0,0.3786331804172536,5.902125936297503,0.28201363452076317,0.21222367565303157,0.0
0.10177098577593813,0.0,0.0,0.004106451263649791,0.17201349350786074,-0.0917796879354592,0.0,0.0,0.0,0.0,0.0,0.0001,-0.12188831262957864,0.0,0.0,-0.0023444752113936608,0.21700245849038646,0.09690587396006418,0.0,0.0,0.0,0.0,0.0,0.0,0.37863470829245033,5.902035626462752,0.27437064261372607,0.20992611986105886,0.0
0.10177098577593813,0.0,0.0,0.004106451263649791,0.17201349350786074,-0.0917796879354592,0.0,0.0,0.0001,0.0,0.0,0.0,-0.12188831262957864,0.0,0.0,-0.0023444752113936608,0.21700245849038646,0.09690587396006418,0.0,0.0,0.0,0.0,0.0,0.0,0.37865023800494163,5.902133515805894,0.28060632127781154,0.20969342021339216,0.0
0.10177098577593813,0.0,0.0,0.004106451263649791,0.17201349350786074,-0.0917796879354592,0.0,0.0,0.0,0.0,0.0,0.0,-0.12188831262957864,0.0,0.0,-0.0023444752113936608,0.21917248307529033,0.09690587396006418,0.0,0.0,0.0,0.0,0.0,0.0,0.374132150173841,5.862147532585623,0.27805566695794404,0.2315548981074536,0.0
0.10278869563369751,0.0,0.0,0.004106451263649791,0.17201349350786074,-0.0917796879354592,0.0,0.0,0.0,0.0,0.0,0.0,-0.12188831262957864,0.0,0.0,-0.0023444752113936608,0.21700245849038646,0.09690587396006418,0.0,0.0,0.0,0.0,0.0,0.0,0.37885692037202334,5.901835405191993,0.27980631296909253,0.2098309607614485,0.0
0.10177098577593813,0.0,0.0,0.004106451263649791,0.17201349350786074,-0.0917796879354592,0.0,0.0001,0.0,0.0,0.0,0.0,-0.12188831262957864,0.0,0.0,-0.0023444752113936608,0.21700245849038646,0.09690587396006418,0.0,0.0,0.0,0.0,0.0,0.0,0.3786393802140139,5.902128325378473,0.28041003519098817,0.209850726279397,0.0
0.10177098577593813,0.0,0.0,0.004106451263649791,0.17201349350786074,-0.0917796879354592,0.0,0.0,0.0,0.0,0.0,0.0,-0.12188831262957864,0.0001,0.0,-0.0023444752113936608,0.21700245849038646,0.09690587396006418,0.0,0.0,0.0,0.0,0.0,0.0,0.37865234782044227,5.902128425830998,0.28050462456857905,0.20944508457133895,0.0
0.10177098577593813,0.0,0.0,0.004106451263649791,0.17201349350786074,-0.0917796879354592,0.0,0.0,0.0,0.0,0.0001,0.0,-0.12188831262957864,0.0,0.0,-0.0023444752113936608,0.21700245849038646,0.09690587396006418,0.0,0.0,0.0,0.0,0.0,0.0,0.3786837218497449,5.902094543697212,0.280774237392076,0.20956782150528228,0.0
0.10177098577593813,0.0,0.0,0.004106451263649791,0.17201349350786074,-0.0917796879354592,0.0,0.0,0.0,0.0,0.0,0.0,-0.12188831262957864,0.0,0.0,-0.002244475211393661,0.21700245849038646,0.09690587396006418,0.0,0.0,0.0,0.0,0.0,0.0,0.3786878809212581,5.902268867237169,0.2810359620898125,0.2061693634693387,0.0
0.10177098577593813,0.0,0.0,0.004106451263649791,0.17201349350786074,-0.0917796879354592,0.0,0.0,0.0,0.0,0.0,0.0,-0.12188831262957864,0.0,0.0,-0.0023444752113936608,0.21700245849038646,0.09690587396006418,0.0,0.0,0.0001,0.0,0.0,0.0,0.3786451401077153,5.902143166171767,0.2739455423258045,0.2095211967046501,0.0
0.10177098577593813,0.0,0.0,0.004106451263649791,0.17201349350786074,-0.0917796879354592,0.0,0.0,0.0,0.0,0.0,0.0,-0.12066942950328285,0.0,0.0,-0.0023444752113936608,0.21700245849038646,0.09690587396006418,0.0,0.0,0.0,0.0,0.0,0.0,0.37846962121891253,5.902128425830998,0.27289420026198874,0.211024282497879,0.0
0.10177098577593813,0.0,0.0,0.004106451263649791,0.17201349350786074,-0.0917796879354592,0.0,0.0,0.0,0.0,0.0,0.0,-0.12188831262957864,0.0,0.0001,-0.0023444752113936608,0.21700245849038646,0.09690587396006418,0.0,0.0,0.0,0.0,0.0,0.0,0.37863260755219164,5.902132786358116,0.27381881715204626,0.21153142400795222,0.0
0.10177098577593813,0.0,0.0,0.004106451263649791,0.17201349350786074,-0.0917796879354592,0.0,0.0,0.0,0.0,0.0,0.0,-0.12188831262957864,0.0,0.0,-0.0023444752113936608,0.21700245849038646,0.09787493269966482,0.0,0.0,0.0,0.0,0.0,0.0,0.3816198794853559,5.913070513580127,0.27682961453186905,0.18798323412259252,0.0
0.10177098577593813,0.0,0.0,0.004106451263649791,0.17201349350786074,-0.0917796879354592,0.0,0.0,0.0,0.0001,0.0,0.0,-0.12188831262957864,0.0,0.0,-0.0023444752113936608,0.21700245849038646,0.09690587396006418,0.0,0.0,0.0,0.0,0.0,0.0,0.37863597843554575,5.902524294375638,0.28099662132537395,0.20965271773412106,0.0
0.10177098577593813,0.0,0.0,0.004106451263649791,0.17373362844293935,-0.0917796879354592,0.0,0.0,0.0,0.0,0.0,0.0,-0.12188831262957864,0.0,0.0,-0.0023444752113936608,0.21700245849038646,0.09690587396006418,0.0,0.0,0.0,0.0,0.0,0.0,0.3772841394542651,5.86582237498989,0.27754309372653085,0.18167374048799453,0.0
0.10177098577593813,0.0001,0.0,0.004106451263649791,0.17201349350786074,-0.0917796879354592,0.0,0.0,0.0,0.0,0.0,0.0,-0.12188831262957864,0.0,0.0,-0.0023444752113936608,0.21700245849038646,0.09690587396006418,0.0,0.0,0.0,0.0,0.0,0.0,0.37862627367421914,5.902134823030462,0.2742420083232291,0.2099128175975762,0.0
0.10177098577593813,0.0,0.0,0.004106451263649791,0.17201349350786074,-0.09086189105610461,0.0,0.0,0.0,0.0,0.0,0.0,-0.12188831262957864,0.0,0.0,-0.0023444752113936608,0.21700245849038646,0.09690587396006418,0.0,0.0,0.0,0.0,0.0,0.0,0.37587062581143565,5.895112188706428,0.2795433902501925,0.18067042377322784,0.0
0.10177098577593813,0.0,0.0,0.004106451263649791,0.17201349350786074,-0.0917796879354592,0.0,0.0,0.0,0.0,0.0,0.0,-0.12188831262957864,0.0,0.0,-0.0023444752113936608,0.21700245849038646,0.09690587396006418,0.0,0.0,0.0,0.0,0.0,0.0001,0.37860374366632954,5.902216316241593,0.2742764855447226,0.2098589295437167,0.0
0.10177098577593813,0.0,0.0,0.004106451263649791,0.17201349350786074,-0.0917796879354592,0.0,0.0,0.0,0.0,0.0,0.0,-0.12188831262957864,0.0,0.0,-0.0023444752113936608,0.21700245849038646,0.09690587396006418,0.0,0.0,0.0,0.0001,0.0,0.0,0.37863961686931724,5.902429287078731,0.27408106549970607,0.2096621857886063,0.0
0.10177098577593813,0.0,0.0,0.004106451263649791,0.17201349350786074,-0.0917796879354592,0.0,0.0,0.0,0.0,0.0,0.0,-0.12188831262957864,0.0,0.0,-0.0023444752113936608,0.21700245849038646,0.09690587396006418,0.0,0.0001,0.0,0.0,0.0,0.0,0.3786400433963927,5.902128601777859,0.274450688086346,0.209829192545308,0.0
0.10177098577593813,0.0,0.0,0.004206451263649791,0.17201349350786074,-0.0917796879354592,0.0,0.0,0.0,0.0,0.0,0.0,-0.12188831262957864,0.0,0.0,-0.0023444752113936608,0.21700245849038646,0.09690587396006418,0.0,0.0,0.0,0.0,0.0,0.0,0.3786615372418881,5.902382957320453,0.27970693459056606,0.20760756338433972,0.0
0.18629682313266316,0.008159631089250387,0.004358211063685042,0.018283614975577362,0.18888104213807652,-0.1022491111402694,-0.015468524466039494,-0.0009130349875618928,0.0005863191358847514,-0.010662385581019798,0.022684616859912632,0.008921496702055812,-0.14101749188812607,-0.006961725492751786,0.004674286832880539,0.014876916625271436,0.19036890412916907,0.08009829604344407,0.006400747057223797,-0.000586992114366594,-0.0017155482202525201,0.0019633849460565754,-0.03455850582623078,-0.0031366898488175724,0.39842767415574554,6.270164137698096,0.23625313628404063,0.03358055305459956,0.0
0.18629682313266316,0.008159631089250387,0.004358211063685042,0.018283614975577362,0.18888104213807652,-0.1022491111402694,-0.015468524466039494,-0.0009130349875618928,0.0005863191358847514,-0.010662385581019798,0.022684616859912632,0.008921496702055812,-0.14101749188812607,-0.006961725492751786,0.004674286832880539,0.014876916625271436,0.19036890412916907,0.08009829604344407,0.006400747057223797,-0.000586992114366594,-0.0017155482202525201,0.0019633849460565754,-0.03455850582623078,-0.0031366898488175724,0.39842767415574554,6.270164137698096,0.23625313628404063,0.03358055305459956,0.0
0.18629682313266316,0.008159631089250387,0.004358211063685042,0.018283614975577362,0.19076985255945728,-0.1022491111402694,-0.015468524466039494,-0.0009130349875618928,0.0005863191358847514,-0.010662385581019798,0.022684616859912632,0.008921496702055812,-0.14101749188812607,-0.006961725492751786,0.004674286832880539,0.014876916625271436,0.19036890412916907,0.08009829604344407,0.006400747057223797,-0.000586992114366594,-0.0017155482202525201,0.0019633849460565754,-0.03455850582623078,-0.0031366898488175724,0.3968375401585779,6.23187269862364,0.23826827382141647,0.038987309706817,0.0
0.18629682313266316,0.008159631089250387,0.004358211063685042,0.018283614975577362,0.18888104213807652,-0.1012266200288667,-0.015468524466039494,-0.0009130349875618928,0.0005863191358847514,-0.010662385581019798,0.022684616859912632,0.008921496702055812,-0.14101749188812607,-0.006961725492751786,0.004674286832880539,0.014876916625271436,0.19036890412916907,0.08009829604344407,0.006400747057223797,-0.000586992114366594,-0.0017155482202525201,0.0019633849460565754,-0.03455850582623078,-0.0031366898488175724,0.39605615214841444,6.263598409679841,0.2393455043711224,0.03922653288712578,0.0
0.18629682313266316,0.008159631089250387,0.004358211063685042,0.018283614975577362,0.18888104213807652,-0.1022491111402694,-0.015468524466039494,-0.0008130349875618927,0.0005863191358847514,-0.010662385581019798,0.022684616859912632,0.008921496702055812,-0.14101749188812607,-0.006961725492751786,0.004674286832880539,0.014876916625271436,0.19036890412916907,0.08009829604344407,0.006400747057223797,-0.000586992114366594,-0.0017155482202525201,0.0019633849460565754,-0.03455850582623078,-0.0031366898488175724,0.398423761301712,6.270194749071993,0.23634475578264091,0.03430435104208427,0.0
0.18629682313266316,0.008159631089250387,0.004458211063685043,0.018283614975577362,0.18888104213807652,-0.1022491111402694,-0.015468524466039494,-0.0009130349875618928,0.0005863191358847514,-0.010662385581019798,0.022684616859912632,0.008921496702055812,-0.14101749188812607,-0.006961725492751786,0.004674286832880539,0.014876916625271436,0.19036890412916907,0.08009829604344407,0.006400747057223797,-0.000586992114366594,-0.0017155482202525201,0.0019633849460565754,-0.03455850582623078,-0.0031366898488175724,0.39841751311788826,6.2701558018087535,0.23707319073525718,0.033359918718603346,0.0
0.18629682313266316,0.008159631089250387,0.004358211063685042,0.018283614975577362,0.18888104213807652,-0.1022491111402694,-0.015468524466039494,-0.0009130349875618928,0.0005863191358847514,-0.010662385581019798,0.022684616859912632,0.008921496702055812,-0.14101749188812607,-0.006961725492751786,0.004674286832880539,0.014876916625271436,0.19036890412916907,0.08009829604344407,0.006400747057223797,-0.000586992114366594,-0.0017155482202525201,0.0019633849460565754,-0.034212920767968474,-0.0031366898488175724,0.3990613455931835,6.266621292133247,0.23622011899927212,0.0335912510360045,0.0
0.18629682313266316,0.008159631089250387,0.004358211063685042,0.018283614975577362,0.18888104213807652,-0.1022491111402694,-0.015468524466039494,-0.0009130349875618928,0.0005863191358847514,-0.010662385581019798,0.022684616859912632,0.008921496702055812,-0.14101749188812607,-0.006961725492751786,0.004674286832880539,0.014876916625271436,0.19227259317046075,0.08009829604344407,0.006400747057223797,-0.000586992114366594,-0.0017155482202525201,0.0019633849460565754,-0.03455850582623078,-0.0031366898488175724,0.3960139204703727,6.2219256691278915,0.24082744083297683,0.029701788603759403,0.0
0.18629682313266316,0.008159631089250387,0.004358211063685042,0.018283614975577362,0.18888104213807652,-0.1022491111402694,-0.015468524466039494,-0.0009130349875618928,0.0005863191358847514,-0.010662385581019798,0.022684616859912632,0.008921496702055812,-0.14101749188812607,-0.006961725492751786,0.00477428683288054,0.014876916625271436,0.19036890412916907,0.08009829604344407,0.006400747057223797,-0.000586992114366594,-0.0017155482202525201,0.0019633849460565754,-0.03455850582623078,-0.0031366898488175724,0.3984101108479993,6.270167689782833,0.2368953282025973,0.03596083720186838,0.0
0.18629682313266316,0.008159631089250387,0.004358211063685042,0.018283614975577362,0.18888104213807652,-0.1022491111402694,-0.015468524466039494,-0.0009130349875618928,0.0005863191358847514,-0.010662385581019798,0.022684616859912632,0.008921496702055812,-0.14101749188812607,-0.006961725492751786,0.004674286832880539,0.014876916625271436,0.19036890412916907,0.08009829604344407,0.006400747057223797,-0.000586992114366594,-0.0017155482202525201,0.0020633849460565752,-0.03455850582623078,-0.0031366898488175724,0.398270660976296,6.270903002067027,0.23645617460157914,0.03364826781754874,0.0
0.18629682313266316,0.008159631089250387,0.004358211063685042,0.018283614975577362,0.18888104213807652,-0.1022491111402694,-0.015468524466039494,-0.0009130349875618928,0.0006863191358847515,-0.010662385581019798,0.022684616859912632,0.008921496702055812,-0.14101749188812607,-0.006961725492751786,0.004674286832880539,0.014876916625271436,0.19036890412916907,0.08009829604344407,0.006400747057223797,-0.000586992114366594,-0.0017155482202525201,0.0019633849460565754,-0.03455850582623078,-0.0031366898488175724,0.3984579045796307,6.2702780553857576,0.23614612581435088,0.03348552298714317,0.0
0.1881597913639898,0.008159631089250387,0.004358211063685042,0.018283614975577362,0.18888104213807652,-0.1022491111402694,-0.015468524466039494,-0.0009130349875618928,0.0005863191358847514,-0.010662385581019798,0.022684616859912632,0.008921496702055812,-0.14101749188812607,-0.006961725492751786,0.004674286832880539,0.014876916625271436,0.19036890412916907,0.08009829604344407,0.006400747057223797,-0.000586992114366594,-0.0017155482202525201,0.0019633849460565754,-0.03455850582623078,-0.0031366898488175724,0.39860565839726936,6.2702340154111385,0.23680942383548534,0.03516235673048432,0.0
0.18629682313266316,0.008159631089250387,0.004358211063685042,0.018283614975577362,0.18888104213807652,-0.1022491111402694,-0.015468524466039494,-0.0009130349875618928,0.0005863191358847514,-0.010662385581019798,0.02291146302851176,0.008921496702055812,-0.14101749188812607,-0.006961725492751786,0.004674286832880539,0.014876916625271436,0.19036890412916907,0.08009829604344407,0.006400747057223797,-0.000586992114366594,-0.0017155482202525201,0.0019633849460565754,-0.03455850582623078,-0.0031366898488175724,0.3986162429228206,6.271965144598392,0.23608825636850136,0.0335723178985955,0.0
0.18629682313266316,0.008159631089250387,0.004358211063685042,0.018283614975577362,0.18888104213807652,-0.1022491111402694,-0.015468524466039494,-0.0009130349875618928,0.0005863191358847514,-0.010662385581019798,0.022684616859912632,0.008921496702055812,-0.1396073169692448,-0.006961725492751786,0.004674286832880539,0.014876916625271436,0.19036890412916907,0.08009829604344407,0.006400747057223797,-0.000586992114366594,-0.0017155482202525201,0.0019633849460565754,-0.03455850582623078,-0.0031366898488175724,0.3981662493961802,6.270164137698096,0.23715488996107298,0.03403310694324941,0.0
0.18629682313266316,0.008159631089250387,0.004358211063685042,0.018283614975577362,0.18888104213807652,-0.1022491111402694,-0.015468524466039494,-0.0009130349875618928,0.0005863191358847514,-0.010662385581019798,0.022684616859912632,0.008921496702055812,-0.14101749188812607,-0.006961725492751786,0.004674286832880539,0.01502568579152415,0.19036890412916907,0.08009829604344407,0.006400747057223797,-0.000586992114366594,-0.0017155482202525201,0.0019633849460565754,-0.03455850582623078,-0.0031366898488175724,0.39843942416326783,6.270457123922774,0.23648180425607973,0.03388478239382953,0.0
0.18629682313266316,0.008159631089250387,0.004358211063685042,0.018283614975577362,0.18888104213807652,-0.1022491111402694,-0.015468524466039494,-0.0009130349875618928,0.0005863191358847514,-0.010662385581019798,0.022684616859912632,0.009021496702055811,-0.14101749188812607,-0.006961725492751786,0.004674286832880539,0.014876916625271436,0.19036890412916907,0.08009829604344407,0.006400747057223797,-0.000586992114366594,-0.0017155482202525201,0.0019633849460565754,-0.03455850582623078,-0.0031366898488175724,0.3984531898247293,6.269974365032087,0.23653989766560302,0.03329991375161697,0.0
0.18629682313266316,0.008159631089250387,0.004358211063685042,0.018283614975577362,0.18888104213807652,-0.1022491111402694,-0.0153138392213791,-0.0009130349875618928,0.0005863191358847514,-0.010662385581019798,0.022684616859912632,0.008921496702055812,-0.14101749188812607,-0.006961725492751786,0.004674286832880539,0.014876916625271436,0.19036890412916907,0.08009829604344407,0.006400747057223797,-0.000586992114366594,-0.0017155482202525201,0.0019633849460565754,-0.03455850582623078,-0.0031366898488175724,0.3983926148872341,6.270332970783041,0.23690695313361979,0.03474110318815722,0.0
0.18629682313266316,0.008159631089250387,0.004358211063685042,0.018283614975577362,0.18888104213807652,-0.1022491111402694,-0.015468524466039494,-0.0009130349875618928,0.0005863191358847514,-0.010662385581019798,0.022684616859912632,0.008921496702055812,-0.14101749188812607,-0.006961725492751786,0.004674286832880539,0.014876916625271436,0.19036890412916907,0.08009829604344407,0.006400747057223797,-0.000586992114366594,-0.0017155482202525201,0.0019633849460565754,-0.03455850582623078,-0.0030366898488175726,0.3983492938037168,6.270095543068119,0.23633138649321922,0.033358956345420396,0.0
0.18629682313266316,0.008159631089250387,0.004358211063685042,0.018283614975577362,0.18888104213807652,-0.1022491111402694,-0.015468524466039494,-0.0009130349875618928,0.0005863191358847514,-0.010662385581019798,0.022684616859912632,0.008921496702055812,-0.14101749188812607,-0.006961725492751786,0.004674286832880539,0.014876916625271436,0.19036890412916907,0.08009829604344407,0.006500747057223797,-0.000586992114366594,-0.0017155482202525201,0.0019633849460565754,-0.03455850582623078,-0.0031366898488175724,0.3984490472313803,6.270173403954559,0.23703631634756644,0.033988454736796826,0.0
0.18629682313266316,0.008159631089250387,0.004358211063685042,0.018283614975577362,0.18888104213807652,-0.1022491111402694,-0.015468524466039494,-0.0009130349875618928,0.0005863191358847514,-0.010662385581019798,0.022684616859912632,0.008921496702055812,-0.14101749188812607,-0.006961725492751786,0.004674286832880539,0.014876916625271436,0.19036890412916907,0.08089927900387851,0.006400747057223797,-0.000586992114366594,-0.0017155482202525201,0.0019633849460565754,-0.03455850582623078,-0.0031366898488175724,0.40026493327888957,6.283638028240345,0.23761607248262578,0.03722939592309192,0.0
0.18629682313266316,0.008159631089250387,0.004358211063685042,0.018283614975577362,0.18888104213807652,-0.1022491111402694,-0.015468524466039494,-0.0009130349875618928,0.0005863191358847514,-0.010662385581019798,0.022684616859912632,0.008921496702055812,-0.14101749188812607,-0.006961725492751786,0.004674286832880539,0.014876916625271436,0.19036890412916907,0.08009829604344407,0.006400747057223797,-0.000586992114366594,-0.00161554822025252,0.0019633849460565754,-0.03455850582623078,-0.0031366898488175724,0.39845789606270143,6.2701740045923415,0.23636019202330577,0.0337886906220053,0.0
0.18629682313266316,0.008159631089250387,0.004358211063685042,0.018466451125333135,0.18888104213807652,-0.1022491111402694,-0.015468524466039494,-0.0009130349875618928,0.0005863191358847514,-0.010662385581019798,0.022684616859912632,0.008921496702055812,-0.14101749188812607,-0.006961725492751786,0.004674286832880539,0.014876916625271436,0.19036890412916907,0.08009829604344407,0.006400747057223797,-0.000586992114366594,-0.0017155482202525201,0.0019633849460565754,-0.03455850582623078,-0.0031366898488175724,0.398379192999616,6.270609018133327,0.23680626858929543,0.034961165721471524,0.0
0.18629682313266316,0.008159631089250387,0.004358211063685042,0.018283614975577362,0.18888104213807652,-0.1022491111402694,-0.015468524466039494,-0.0009130349875618928,0.0005863191358847514,-0.010555761725209601,0.022684616859912632,0.008921496702055812,-0.14101749188812607,-0.006961725492751786,0.004674286832880539,0.014876916625271436,0.19036890412916907,0.08009829604344407,0.006400747057223797,-0.000586992114366594,-0.0017155482202525201,0.0019633849460565754,-0.03455850582623078,-0.0031366898488175724,0.39832550263993055,6.270391150756996,0.23657861851144732,0.033440107180254655,0.0
0.18629682313266316,0.008159631089250387,0.004358211063685042,0.018283614975577362,0.18888104213807652,-0.1022491111402694,-0.015468524466039494,-0.0009130349875618928,0.0005863191358847514,-0.010662385581019798,0.022684616859912632,0.008921496702055812,-0.14101749188812607,-0.0068617254927517855,0.004674286832880539,0.014876916625271436,0.19036890412916907,0.08009829604344407,0.006400747057223797,-0.000586992114366594,-0.0017155482202525201,0.0019633849460565754,-0.03455850582623078,-0.0031366898488175724,0.3984256259184081,6.270164137698096,0.2362873402062825,0.033492216480016414,0.0
0.18629682313266316,0.008259631089250387,0.004358211063685042,0.018283614975577362,0.18888104213807652,-0.1022491111402694,-0.015468524466039494,-0.0009130349875618928,0.0005863191358847514,-0.010662385581019798,0.022684616859912632,0.008921496702055812,-0.14101749188812607,-0.006961725492751786,0.004674286832880539,0.014876916625271436,0.19036890412916907,0.08009829604344407,0.006400747057223797,-0.000586992114366594,-0.0017155482202525201,0.0019633849460565754,-0.03455850582623078,-0.0031366898488175724,0.39843506257883854,6.270163113184322,0.23627074400671924,0.03323470077439915,0.0
0.18629682313266316,0.008159631089250387,0.004358211063685042,0.018283614975577362,0.18888104213807652,-0.1022491111402694,-0.015468524466039494,-0.0009130349875618928,0.0005863191358847514,-0.010662385581019798,0.022684616859912632,0.008921496702055812,-0.14101749188812607,-0.006961725492751786,0.004674286832880539,0.014876916625271436,0.19036890412916907,0.08009829604344407,0.006400747057223797,-0.00048699211436659405,-0.0017155482202525201,0.0019633849460565754,-0.03455850582623078,-0.0031366898488175724,0.398427111361374,6.270210376011739,0.23630938068827645,0.032815552300668537,0.0
0.1488257649544991,0.012733284797018631,0.00303827034714289,0.011927973856082312,0.24188291582950663,-0.11493197382533947,-0.014521064266576572,-0.003046946598815388,-0.001462208549320861,-0.008651034089756503,0.021477828491581516,0.006601333221108497,-0.18626807588184324,-0.009994396795078806,0.0018569000964388498,0.007202101484468337,0.13758323578922482,0.05435798530674976,0.007271221844797428,-0.0015385462181731944,-0.0012520549358053944,0.004687025718290558,-0.018429610518799794,-0.0016951711292400237,0.3664724199363366,6.27914496901881,0.18064948234306125,0.01920691791498363,0.0
0.1488257649544991,0.012733284797018631,0.00303827034714289,0.011927973856082312,0.24188291582950663,-0.11493197382533947,-0.014521064266576572,-0.003046946598815388,-0.001462208549320861,-0.008651034089756503,0.021477828491581516,0.006601333221108497,-0.18626807588184324,-0.009994396795078806,0.0018569000964388498,0.007202101484468337,0.13758323578922482,0.05435798530674976,0.007271221844797428,-0.0015385462181731944,-0.0012520549358053944,0.004687025718290558,-0.018429610518799794,-0.0016951711292400237,0.3664724199363366,6.27914496901881,0.18064948234306125,0.01920691791498363,0.0
0.1488257649544991,0.012733284797018631,0.00303827034714289,0.011927973856082312,0.24188291582950663,-0.11378265408708607,-0.014521064266576572,-0.003046946598815388,-0.001462208549320861,-0.008651034089756503,0.021477828491581516,0.006601333221108497,-0.18626807588184324,-0.009994396795078806,0.0018569000964388498,0.007202101484468337,0.13758323578922482,0.05435798530674976,0.007271221844797428,-0.0015385462181731944,-0.0012520549358053944,0.004687025718290558,-0.018429610518799794,-0.0016951711292400237,0.36395928258779137,6.273663510648411,0.17988617344425176,0.013070122730059251,0.0
0.1488257649544991,0.012733284797018631,0.00303827034714289,0.011927973856082312,0.2443017449878017,-0.11493197382533947,-0.014521064266576572,-0.003046946598815388,-0.001462208549320861,-0.008651034089756503,0.021477828491581516,0.006601333221108497,-0.18626807588184324,-0.009994396795078806,0.0018569000964388498,0.007202101484468337,0.13758323578922482,0.05435798530674976,0.007271221844797428,-0.0015385462181731944,-0.0012520549358053944,0.004687025718290558,-0.018429610518799794,-0.0016951711292400237,0.36283301944956803,6.242818436121941,0.17743338464678868,0.013881913429670828,0.0
0.1488257649544991,0.012733284797018631,0.00313827034714289,0.011927973856082312,0.24188291582950663,-0.11493197382533947,-0.014521064266576572,-0.003046946598815388,-0.001462208549320861,-0.008651034089756503,0.021477828491581516,0.006601333221108497,-0.18626807588184324,-0.009994396795078806,0.0018569000964388498,0.007202101484468337,0.13758323578922482,0.05435798530674976,0.007271221844797428,-0.0015385462181731944,-0.0012520549358053944,0.004687025718290558,-0.018429610518799794,-0.0016951711292400237,0.3664113801978644,6.279141755245474,0.18099123723391683,0.01956613522858395,0.0
0.1488257649544991,0.012733284797018631,0.00303827034714289,0.011927973856082312,0.24188291582950663,-0.11493197382533947,-0.014521064266576572,-0.003046946598815388,-0.001462208549320861,-0.008651034089756503,0.021477828491581516,0.006601333221108497,-0.18626807588184324,-0.009994396795078806,0.0018569000964388498,0.007202101484468337,0.13758323578922482,0.05435798530674976,0.007271221844797428,-0.0014385462181731943,-0.0012520549358053944,0.004687025718290558,-0.018429610518799794,-0.0016951711292400237,0.3664841192256514,6.279231674582531,0.18100298413879376,0.018755875869632378,0.0
0.1488257649544991,0.012733284797018631,0.00303827034714289,0.011927973856082312,0.24188291582950663,-0.11493197382533947,-0.014521064266576572,-0.003046946598815388,-0.001462208549320861,-0.008651034089756503,0.021477828491581516,0.006601333221108497,-0.18626807588184324,-0.009994396795078806,0.0018569000964388498,0.007202101484468337,0.13895906814711706,0.05435798530674976,0.007271221844797428,-0.0015385462181731944,-0.0012520549358053944,0.004687025718290558,-0.018429610518799794,-0.0016951711292400237,0.36595549867240784,6.235156941346901,0.18041848578866418,0.024416782023696067,0.0
0.1488257649544991,0.012733284797018631,0.00303827034714289,0.011927973856082312,0.24188291582950663,-0.11493197382533947,-0.014375853623910806,-0.003046946598815388,-0.001462208549320861,-0.008651034089756503,0.021477828491581516,0.006601333221108497,-0.18626807588184324,-0.009994396795078806,0.0018569000964388498,0.007202101484468337,0.13758323578922482,0.05435798530674976,0.007271221844797428,-0.0015385462181731944,-0.0012520549358053944,0.004687025718290558,-0.018429610518799794,-0.0016951711292400237,0.36633809661532396,6.279180300669928,0.18068871152391205,0.019615056971323864,0.0
0.1488257649544991,0.012733284797018631,0.00303827034714289,0.011927973856082312,0.24188291582950663,-0.11493197382533947,-0.014521064266576572,-0.003046946598815388,-0.001462208549320861,-0.008651034089756503,0.021477828491581516,0.006601333221108497,-0.18626807588184324,-0.009994396795078806,0.0018569000964388498,0.007202101484468337,0.13758323578922482,0.05435798530674976,0.007371221844797428,-0.0015385462181731944,-0.0012520549358053944,0.004687025718290558,-0.018429610518799794,-0.0016951711292400237,0.36658202159513414,6.279180245016881,0.18080623386272604,0.02068189950543382,0.0
0.1488257649544991,0.012733284797018631,0.00303827034714289,0.011927973856082312,0.24188291582950663,-0.11493197382533947,-0.014521064266576572,-0.002946946598815388,-0.001462208549320861,-0.008651034089756503,0.021477828491581516,0.006601333221108497,-0.18626807588184324,-0.009994396795078806,0.0018569000964388498,0.007202101484468337,0.13758323578922482,0.05435798530674976,0.007271221844797428,-0.0015385462181731944,-0.0012520549358053944,0.004687025718290558,-0.018429610518799794,-0.0016951711292400237,0.36650989288440833,6.279191315371906,0.18078512674602387,0.01942683187566564,0.0
0.1488257649544991,0.012733284797018631,0.00303827034714289,0.011927973856082312,0.24188291582950663,-0.11493197382533947,-0.014521064266576572,-0.003046946598815388,-0.001462208549320861,-0.008651034089756503,0.02169260677649733,0.006601333221108497,-0.18626807588184324,-0.009994396795078806,0.0018569000964388498,0.007202101484468337,0.13758323578922482,0.05435798530674976,0.007271221844797428,-0.0015385462181731944,-0.0012520549358053944,0.004687025718290558,-0.018429610518799794,-0.0016951711292400237,0.3666653863730867,6.2800781400614145,0.18051254223043386,0.019162309663055137,0.0
0.1488257649544991,0.012733284797018631,0.00303827034714289,0.011927973856082312,0.24188291582950663,-0.11493197382533947,-0.014521064266576572,-0.003046946598815388,-0.001462208549320861,-0.008651034089756503,0.021477828491581516,0.006601333221108497,-0.18626807588184324,-0.009994396795078806,0.0018569000964388498,0.007202101484468337,0.13758323578922482,0.05435798530674976,0.007271221844797428,-0.0015385462181731944,-0.0012520549358053944,0.004787025718290558,-0.018429610518799794,-0.0016951711292400237,0.3663087916208939,6.280089536123799,0.18041662781024,0.019089435687706786,0.0
0.1488257649544991,0.012733284797018631,0.00303827034714289,0.011927973856082312,0.24188291582950663,-0.11493197382533947,-0.014521064266576572,-0.003046946598815388,-0.001462208549320861,-0.008651034089756503,0.021477828491581516,0.006701333221108497,-0.18626807588184324,-0.009994396795078806,0.0018569000964388498,0.007202101484468337,0.13758323578922482,0.05435798530674976,0.007271221844797428,-0.0015385462181731944,-0.0012520549358053944,0.004687025718290558,-0.018429610518799794,-0.0016951711292400237,0.3665136384451383,6.279046642917709,0.18138463434801316,0.019453713020491006,0.0
0.1488257649544991,0.012733284797018631,0.00303827034714289,0.011927973856082312,0.24188291582950663,-0.11493197382533947,-0.014521064266576572,-0.003046946598815388,-0.001462208549320861,-0.008651034089756503,0.021477828491581516,0.006601333221108497,-0.1844053951230248,-0.009994396795078806,0.0018569000964388498,0.007202101484468337,0.13758323578922482,0.05435798530674976,0.007271221844797428,-0.0015385462181731944,-0.0012520549358053944,0.004687025718290558,-0.018429610518799794,-0.0016951711292400237,0.36605072411372475,6.27914496901881,0.18188107329892167,0.020119568548048736,0.0
0.1488257649544991,0.012733284797018631,0.00303827034714289,0.011927973856082312,0.24188291582950663,-0.11493197382533947,-0.014521064266576572,-0.003046946598815388,-0.001462208549320861,-0.008651034089756503,0.021477828491581516,0.006601333221108497,-0.18626807588184324,-0.009994396795078806,0.0018569000964388498,0.007202101484468337,0.13758323578922482,0.05435798530674976,0.007271221844797428,-0.0015385462181731944,-0.0011520549358053943,0.004687025718290558,-0.018429610518799794,-0.0016951711292400237,0.36644970315889563,6.279206435036008,0.18071237006621324,0.019439233043615632,0.0
0.1488257649544991,0.012733284797018631,0.00303827034714289,0.011927973856082312,0.24188291582950663,-0.11493197382533947,-0.014521064266576572,-0.003046946598815388,-0.001462208549320861,-0.008651034089756503,0.021477828491581516,0.006601333221108497,-0.18626807588184324,-0.009994396795078806,0.0018569000964388498,0.007202101484468337,0.13758323578922482,0.05435798530674976,0.007271221844797428,-0.0015385462181731944,-0.0012520549358053944,0.004687025718290558,-0.018429610518799794,-0.0015951711292400237,0.36639784241777873,6.279127873994824,0.18065462749498415,0.019052348751089004,0.0
0.15031402260404408,0.012733284797018631,0.00303827034714289,0.011927973856082312,0.24188291582950663,-0.11493197382533947,-0.014521064266576572,-0.003046946598815388,-0.001462208549320861,-0.008651034089756503,0.021477828491581516,0.006601333221108497,-0.18626807588184324,-0.009994396795078806,0.0018569000964388498,0.007202101484468337,0.13758323578922482,0.05435798530674976,0.007271221844797428,-0.0015385462181731944,-0.0012520549358053944,0.004687025718290558,-0.018429610518799794,-0.0016951711292400237,0.36678208054671324,6.2790325814635874,0.18010304647697514,0.019335637969088926,0.0
0.1488257649544991,0.012733284797018631,0.00303827034714289,0.011927973856082312,0.24188291582950663,-0.11493197382533947,-0.014521064266576572,-0.003046946598815388,-0.001462208549320861,-0.008651034089756503,0.021477828491581516,0.006601333221108497,-0.18626807588184324,-0.009994396795078806,0.0019569000964388497,0.007202101484468337,0.13758323578922482,0.05435798530674976,0.007271221844797428,-0.0015385462181731944,-0.0012520549358053944,0.004687025718290558,-0.018429610518799794,-0.0016951711292400237,0.36645349552854667,6.27915959250256,0.1820659836078478,0.020550341115353178,0.0
0.1488257649544991,0.012733284797018631,0.00303827034714289,0.011927973856082312,0.24188291582950663,-0.11493197382533947,-0.014521064266576572,-0.003046946598815388,-0.001462208549320861,-0.008651034089756503,0.021477828491581516,0.006601333221108497,-0.18626807588184324,-0.009994396795078806,0.0018569000964388498,0.007302101484468337,0.13758323578922482,0.05435798530674976,0.007271221844797428,-0.0015385462181731944,-0.0012520549358053944,0.004687025718290558,-0.018429610518799794,-0.0016951711292400237,0.3664952085871136,6.279414882948405,0.1821288205849186,0.017847528739421296,0.0
0.1488257649544991,0.012733284797018631,0.00303827034714289,0.011927973856082312,0.24188291582950663,-0.11493197382533947,-0.014521064266576572,-0.003046946598815388,-0.001462208549320861,-0.008651034089756503,0.021477828491581516,0.006601333221108497,-0.18626807588184324,-0.009994396795078806,0.0018569000964388498,0.007202101484468337,0.13758323578922482,0.05490156515981726,0.007271221844797428,-0.0015385462181731944,-0.0012520549358053944,0.004687025718290558,-0.018429610518799794,-0.0016951711292400237,0.3679978397288422,6.2893613748529384,0.18155130715594792,0.0147404897111783,0.0
0.1488257649544991,0.012733284797018631,0.00303827034714289,0.011927973856082312,0.24188291582950663,-0.11493197382533947,-0.014521064266576572,-0.003046946598815388,-0.001462208549320861,-0.008651034089756503,0.021477828491581516,0.006601333221108497,-0.18626807588184324,-0.009994396795078806,0.0018569000964388498,0.007202101484468337,0.13758323578922482,0.05435798530674976,0.007271221844797428,-0.0015385462181731944,-0.0012520549358053944,0.004687025718290558,-0.018245314413611796,-0.0016951711292400237,0.36661509851356494,6.276932171121479,0.18082269930306458,0.019217589907688737,0.0
0.1488257649544991,0.012733284797018631,0.00303827034714289,0.011927973856082312,0.24188291582950663,-0.11493197382533947,-0.014521064266576572,-0.003046946598815388,-0.001462208549320861,-0.008551034089756503,0.021477828491581516,0.006601333221108497,-0.18626807588184324,-0.009994396795078806,0.0018569000964388498,0.007202101484468337,0.13758323578922482,0.05435798530674976,0.007271221844797428,-0.0015385462181731944,-0.0012520549358053944,0.004687025718290558,-0.018429610518799794,-0.0016951711292400237,0.36647580851892797,6.279350331579399,0.1809024533736721,0.019346908651026354,0.0
0.1488257649544991,0.012733284797018631,0.00303827034714289,0.012047253594643136,0.24188291582950663,-0.11493197382533947,-0.014521064266576572,-0.003046946598815388,-0.001462208549320861,-0.008651034089756503,0.021477828491581516,0.006601333221108497,-0.18626807588184324,-0.009994396795078806,0.0018569000964388498,0.007202101484468337,0.13758323578922482,0.05435798530674976,0.007271221844797428,-0.0015385462181731944,-0.0012520549358053944,0.004687025718290558,-0.018429610518799794,-0.0016951711292400237,0.36635571807413003,6.2793170782442465,0.180985823620941,0.018715705507636172,0.0
0.1488257649544991,0.012860617644988817,0.00303827034714289,0.011927973856082312,0.24188291582950663,-0.11493197382533947,-0.014521064266576572,-0.003046946598815388,-0.001462208549320861,-0.008651034089756503,0.021477828491581516,0.006601333221108497,-0.18626807588184324,-0.009994396795078806,0.0018569000964388498,0.007202101484468337,0.13758323578922482,0.05435798530674976,0.007271221844797428,-0.0015385462181731944,-0.0012520549358053944,0.004687025718290558,-0.018429610518799794,-0.0016951711292400237,0.3664994613756297,6.2791530774190205,0.18097910326237185,0.01920767769666968,0.0
0.1488257649544991,0.012733284797018631,0.00303827034714289,0.011927973856082312,0.24188291582950663,-0.11493197382533947,-0.014521064266576572,-0.003046946598815388,-0.0013622085493208609,-0.008651034089756503,0.021477828491581516,0.006601333221108497,-0.18626807588184324,-0.009994396795078806,0.0018569000964388498,0.007202101484468337,0.13758323578922482,0.05435798530674976,0.007271221844797428,-0.0015385462181731944,-0.0012520549358053944,0.004687025718290558,-0.018429610518799794,-0.0016951711292400237,0.36653202798786266,6.279220947407512,0.18038657206086778,0.019036589468012798,0.0
0.1488257649544991,0.012733284797018631,0.00303827034714289,0.011927973856082312,0.24188291582950663,-0.11493197382533947,-0.014521064266576572,-0.003046946598815388,-0.001462208549320861,-0.008651034089756503,0.021477828491581516,0.006601333221108497,-0.18626807588184324,-0.009894396795078806,0.0018569000964388498,0.007202101484468337,0.13758323578922482,0.05435798530674976,0.007271221844797428,-0.0015385462181731944,-0.0012520549358053944,0.004687025718290558,-0.018429610518799794,-0.0016951711292400237,0.366459376790022,6.27914496901881,0.18042010262480415,0.01904352168113395,0.0
0.14566394482131143,0.013691105467523966,-0.00028136234388164826,-0.000520296921302156,0.2142183481894614,-0.08909022711370444,-0.0174050704709016,-0.001606181592186019,0.0026213670743448656,-0.005016520155390426,0.025359354727299718,0.0008557111263025972,-0.15552287220890287,-0.010172217921467795,0.000958324790625513,-0.0023968144926300094,0.17514984190197525,0.08273551809312119,0.00951851664174807,-0.0014743623669597268,-0.0016094032790812617,0.01364991689977221,-0.020200968787556246,-0.004608014663899734,0.3761521009757098,6.017417307454349,0.23216609209491318,0.09921666848976754,0.0
0.14819597965825873,0.013589152508840924,-0.000809556425831191,0.009765416159065968,0.2477765121249514,-0.11204816891374386,-0.011916844403358233,-0.004623602006526708,0.00017479956574465425,-0.013049160591151956,0.023677107139065352,0.0009829143762287215,-0.1871981376433455,-0.010677137105115328,0.0006604181133200049,0.0009576168491091316,0.14596328342766973,0.06232537175034933,0.006814373464975722,-0.0017431999743235344,-0.0024522033242489645,0.0037763801404395864,-0.01602288860702265,-0.0009788715989891869,0.3738746543061846,6.008686462961613,0.1878711088749433,0.00269870260019446,0.0
0.14890898738307437,0.01219258115627571,0.0023940775164598095,0.011523858564699743,0.2423294169122759,-0.1146072901949267,-0.014393138364171689,-0.0032825387688086285,-0.0009387044636265463,-0.009224921712484142,0.021588668463150492,0.0050718313132171264,-0.18639827687049806,-0.009543131980435719,-0.0006072026768209134,0.004309688013082078,0.13772477464083968,0.054135945917411755,0.00704721440661491,-0.002259523179730185,-0.0013661990325015366,0.005130222294172607,-0.01853491732971701,-0.0016853173103637696,0.3631139386677611,6.258955855261153,0.1764903116869201,0.07947570574211774,0.0
0.14890898738307437,0.01219258115627571,0.0023940775164598095,0.011523858564699743,0.2423294169122759,-0.1146072901949267,-0.014393138364171689,-0.0032825387688086285,-0.0009387044636265463,-0.009224921712484142,0.021588668463150492,0.0050718313132171264,-0.18639827687049806,-0.009543131980435719,-0.0006072026768209134,0.004309688013082078,0.13772477464083968,0.054135945917411755,0.00704721440661491,-0.002259523179730185,-0.0013661990325015366,0.005130222294172607,-0.01853491732971701,-0.0016853173103637696,0.3631139386677611,6.258955855261153,0.1764903116869201,0.07947570574211774,0.0
0.14890898738307437,0.01219258115627571,0.0023940775164598095,0.011523858564699743,0.2423294169122759,-0.1146072901949267,-0.014393138364171689,-0.0032825387688086285,-0.0009387044636265463,-0.009224921712484142,0.021588668463150492,0.0050718313132171264,-0.18639827687049806,-0.009543131980435719,-0.0006072026768209134,0.004309688013082078,0.13772477464083968,0.054135945917411755,0.00704721440661491,-0.002259523179730185,-0.0013661990325015366,0.005130222294172607,-0.01834956815641984,-0.0016853173103637696,0.36325513084618044,6.256729058992663,0.17681390991695048,0.0794376846913096,0.0
0.14890898738307437,0.01219258115627571,0.0023940775164598095,0.011523858564699743,0.2423294169122759,-0.11346121729297744,-0.014393138364171689,-0.0032825387688086285,-0.0009387044636265463,-0.009224921712484142,0.021588668463150492,0.0050718313132171264,-0.18639827687049806,-0.009543131980435719,-0.0006072026768209134,0.004309688013082078,0.13772477464083968,0.054135945917411755,0.00704721440661491,-0.002259523179730185,-0.0013661990325015366,0.005130222294172607,-0.01853491732971701,-0.0016853173103637696,0.36059396899626106,6.253563594141715,0.17642933921720702,0.06618758321731871,0.0
0.14890898738307437,0.01219258115627571,0.0023940775164598095,0.011523858564699743,0.2423294169122759,-0.1146072901949267,-0.014393138364171689,-0.0031825387688086287,-0.0009387044636265463,-0.009224921712484142,0.021588668463150492,0.0050718313132171264,-0.18639827687049806,-0.009543131980435719,-0.0006072026768209134,0.004309688013082078,0.13772477464083968,0.054135945917411755,0.00704721440661491,-0.002259523179730185,-0.0013661990325015366,0.005130222294172607,-0.01853491732971701,-0.0016853173103637696,0.3631530321578563,6.259010644979854,0.17642025889452653,0.07913193566934856,0.0
0.14890898738307437,0.01219258115627571,0.0023940775164598095,0.011523858564699743,0.24475271108139868,-0.1146072901949267,-0.014393138364171689,-0.0032825387688086285,-0.0009387044636265463,-0.009224921712484142,0.021588668463150492,0.0050718313132171264,-0.18639827687049806,-0.009543131980435719,-0.0006072026768209134,0.004309688013082078,0.13772477464083968,0.054135945917411755,0.00704721440661491,-0.002259523179730185,-0.0013661990325015366,0.005130222294172607,-0.01853491732971701,-0.0016853173103637696,0.3594368073513055,6.222788141884782,0.17488694140922373,0.06642443222199335,0.0
0.14890898738307437,0.01219258115627571,0.0023940775164598095,0.011523858564699743,0.2423294169122759,-0.1146072901949267,-0.014393138364171689,-0.0032825387688086285,-0.0009387044636265463,-0.009224921712484142,0.021588668463150492,0.0050718313132171264,-0.18639827687049806,-0.009543131980435719,-0.0005072026768209133,0.004309688013082078,0.13772477464083968,0.054135945917411755,0.00704721440661491,-0.002259523179730185,-0.0013661990325015366,0.005130222294172607,-0.01853491732971701,-0.0016853173103637696,0.36310676776748124,6.258974980018308,0.17675556401941978,0.07624801004028942,0.0
0.14890898738307437,0.01219258115627571,0.0023940775164598095,0.011523858564699743,0.2423294169122759,-0.1146072901949267,-0.014393138364171689,-0.0032825387688086285,-0.0009387044636265463,-0.009224921712484142,0.021588668463150492,0.0050718313132171264,-0.18639827687049806,-0.009543131980435719,-0.0006072026768209134,0.004309688013082078,0.13772477464083968,0.054135945917411755,0.00704721440661491,-0.002159523179730185,-0.0013661990325015366,0.005130222294172607,-0.01853491732971701,-0.0016853173103637696,0.363122941056962,6.259045585238932,0.17644827630868906,0.07945314183458148,0.0
0.14890898738307437,0.01219258115627571,0.0023940775164598095,0.011523858564699743,0.2423294169122759,-0.1146072901949267,-0.014249206980529972,-0.0032825387688086285,-0.0009387044636265463,-0.009224921712484142,0.021588668463150492,0.0050718313132171264,-0.18639827687049806,-0.009543131980435719,-0.0006072026768209134,0.004309688013082078,0.13772477464083968,0.054135945917411755,0.00704721440661491,-0.002259523179730185,-0.0013661990325015366,0.005130222294172607,-0.01853491732971701,-0.0016853173103637696,0.3629783928329141,6.258989489365097,0.17625705527112054,0.07739913016859865,0.0
0.14890898738307437,0.01219258115627571,0.0023940775164598095,0.011639097150346741,0.2423294169122759,-0.1146072901949267,-0.014393138364171689,-0.0032825387688086285,-0.0009387044636265463,-0.009224921712484142,0.021588668463150492,0.0050718313132171264,-0.18639827687049806,-0.009543131980435719,-0.0006072026768209134,0.004309688013082078,0.13772477464083968,0.054135945917411755,0.00704721440661491,-0.002259523179730185,-0.0013661990325015366,0.005130222294172607,-0.01853491732971701,-0.0016853173103637696,0.36299651708222974,6.259155939073773,0.17598327047040105,0.07787816808838105,0.0
0.14890898738307437,0.01219258115627571,0.0023940775164598095,0.011523858564699743,0.2423294169122759,-0.1146072901949267,-0.014393138364171689,-0.0032825387688086285,-0.0009387044636265463,-0.009224921712484142,0.021588668463150492,0.0050718313132171264,-0.18639827687049806,-0.009543131980435719,-0.0006072026768209134,0.004309688013082078,0.1391020223872481,0.054135945917411755,0.00704721440661491,-0.002259523179730185,-0.0013661990325015366,0.005130222294172607,-0.01853491732971701,-0.0016853173103637696,0.3626345701585526,6.215227879146123,0.17652390312442867,0.09026951163138425,0.0
0.14890898738307437,0.01219258115627571,0.0024940775164598093,0.011523858564699743,0.2423294169122759,-0.1146072901949267,-0.014393138364171689,-0.0032825387688086285,-0.0009387044636265463,-0.009224921712484142,0.021588668463150492,0.0050718313132171264,-0.18639827687049806,-0.009543131980435719,-0.0006072026768209134,0.004309688013082078,0.13772477464083968,0.054135945917411755,0.00704721440661491,-0.002259523179730185,-0.0013661990325015366,0.005130222294172607,-0.01853491732971701,-0.0016853173103637696,0.36304166593806386,6.258972991260176,0.17682728964669403,0.07907455485215116,0.0
0.15039807725690513,0.01219258115627571,0.0023940775164598095,0.011523858564699743,0.2423294169122759,-0.1146072901949267,-0.014393138364171689,-0.0032825387688086285,-0.0009387044636265463,-0.009224921712484142,0.021588668463150492,0.0050718313132171264,-0.18639827687049806,-0.009543131980435719,-0.0006072026768209134,0.004309688013082078,0.13772477464083968,0.054135945917411755,0.00704721440661491,-0.002259523179730185,-0.0013661990325015366,0.005130222294172607,-0.01853491732971701,-0.0016853173103637696,0.3634238274296986,6.258730352982082,0.17622544201584509,0.07860970937969433,0.0
0.14890898738307437,0.012314506967838467,0.0023940775164598095,0.011523858564699743,0.2423294169122759,-0.1146072901949267,-0.014393138364171689,-0.0032825387688086285,-0.0009387044636265463,-0.009224921712484142,0.021588668463150492,0.0050718313132171264,-0.18639827687049806,-0.009543131980435719,-0.0006072026768209134,0.004309688013082078,0.13772477464083968,0.054135945917411755,0.00704721440661491,-0.002259523179730185,-0.0013661990325015366,0.005130222294172607,-0.01853491732971701,-0.0016853173103637696,0.36313944602574616,6.2589573615495295,0.17657078260620418,0.07957079328012043,0.0
0.14890898738307437,0.01219258115627571,0.0023940775164598095,0.011523858564699743,0.2423294169122759,-0.1146072901949267,-0.014393138364171689,-0.0032825387688086285,-0.0008387044636265462,-0.009224921712484142,0.021588668463150492,0.0050718313132171264,-0.18639827687049806,-0.009543131980435719,-0.0006072026768209134,0.004309688013082078,0.13772477464083968,0.054135945917411755,0.00704721440661491,-0.002259523179730185,-0.0013661990325015366,0.005130222294172607,-0.01853491732971701,-0.0016853173103637696,0.36317285115517656,6.259027412388341,0.17518716162391096,0.07957230638991901,0.0
0.14890898738307437,0.01219258115627571,0.0023940775164598095,0.011523858564699743,0.2423294169122759,-0.1146072901949267,-0.014393138364171689,-0.0032825387688086285,-0.0009387044636265463,-0.009224921712484142,0.021588668463150492,0.0050718313132171264,-0.1845342941017931,-0.009543131980435719,-0.0006072026768209134,0.004309688013082078,0.13772477464083968,0.054135945917411755,0.00704721440661491,-0.002259523179730185,-0.0013661990325015366,0.005130222294172607,-0.01853491732971701,-0.0016853173103637696,0.36269819711898404,6.258955855261153,0.1769861645138442,0.07864512357960274,0.0
0.14890898738307437,0.01219258115627571,0.0023940775164598095,0.011523858564699743,0.2423294169122759,-0.1146072901949267,-0.014393138364171689,-0.0032825387688086285,-0.0009387044636265463,-0.009224921712484142,0.021804555147781998,0.0050718313132171264,-0.18639827687049806,-0.009543131980435719,-0.0006072026768209134,0.004309688013082078,0.13772477464083968,0.054135945917411755,0.00704721440661491,-0.002259523179730185,-0.0013661990325015366,0.005130222294172607,-0.01853491732971701,-0.0016853173103637696,0.3633091924124915,6.259894628030248,0.17625672589933972,0.07931083086713173,0.0
0.14890898738307437,0.01219258115627571,0.0023940775164598095,0.011523858564699743,0.2423294169122759,-0.1146072901949267,-0.014393138364171689,-0.0032825387688086285,-0.0009387044636265463,-0.009224921712484142,0.021588668463150492,0.0050718313132171264,-0.18639827687049806,-0.009543131980435719,-0.0006072026768209134,0.004309688013082078,0.13772477464083968,0.054135945917411755,0.00704721440661491,-0.002259523179730185,-0.0013661990325015366,0.005130222294172607,-0.01853491732971701,-0.0015853173103637696,0.3630340282040788,6.2589771399647125,0.1751193510574982,0.07935277097635483,0.0
0.14890898738307437,0.01219258115627571,0.0023940775164598095,0.011523858564699743,0.2423294169122759,-0.1146072901949267,-0.014393138364171689,-0.0032825387688086285,-0.0009387044636265463,-0.009224921712484142,0.021588668463150492,0.0050718313132171264,-0.18639827687049806,-0.009543131980435719,-0.0006072026768209134,0.004309688013082078,0.13772477464083968,0.054135945917411755,0.00704721440661491,-0.002259523179730185,-0.0012661990325015366,0.005130222294172607,-0.01853491732971701,-0.0016853173103637696,0.36308491064660686,6.259000500545872,0.17646778471439153,0.0793084708988002,0.0
0.14890898738307437,0.01219258115627571,0.0023940775164598095,0.011523858564699743,0.2423294169122759,-0.1146072901949267,-0.014393138364171689,-0.0032825387688086285,-0.0009387044636265463,-0.009224921712484142,0.021588668463150492,0.0050718313132171264,-0.18639827687049806,-0.009543131980435719,-0.0006072026768209134,0.004309688013082078,0.13772477464083968,0.054135945917411755,0.00714721440661491,-0.002259523179730185,-0.0013661990325015366,0.005130222294172607,-0.01853491732971701,-0.0016853173103637696,0.3632234467888087,6.25898319106494,0.17795011708066544,0.07877120818705674,0.0
0.14890898738307437,0.01219258115627571,0.0023940775164598095,0.011523858564699743,0.2423294169122759,-0.1146072901949267,-0.014393138364171689,-0.0032825387688086285,-0.0009387044636265463,-0.009224921712484142,0.021588668463150492,0.005171831313217127,-0.18639827687049806,-0.009543131980435719,-0.0006072026768209134,0.004309688013082078,0.13772477464083968,0.054135945917411755,0.00704721440661491,-0.002259523179730185,-0.0013661990325015366,0.005130222294172607,-0.01853491732971701,-0.0016853173103637696,0.36315303474859284,6.258857339985607,0.17541270200857084,0.07970759640727644,0.0
0.14890898738307437,0.01219258115627571,0.0023940775164598095,0.011523858564699743,0.2423294169122759,-0.1146072901949267,-0.014393138364171689,-0.0032825387688086285,-0.0009387044636265463,-0.009224921712484142,0.021588668463150492,0.0050718313132171264,-0.18639827687049806,-0.009543131980435719,-0.0006072026768209134,0.004409688013082078,0.13772477464083968,0.054135945917411755,0.00704721440661491,-0.002259523179730185,-0.0013661990325015366,0.005130222294172607,-0.01853491732971701,-0.0016853173103637696,0.36314494559803345,6.259232938290355,0.17586133262467074,0.07834949251471264,0.0
0.14890898738307437,0.01219258115627571,0.0023940775164598095,0.011523858564699743,0.2423294169122759,-0.1146072901949267,-0.014393138364171689,-0.0032825387688086285,-0.0009387044636265463,-0.009224921712484142,0.021588668463150492,0.0050718313132171264,-0.18639827687049806,-0.009543131980435719,-0.0006072026768209134,0.004309688013082078,0.13772477464083968,0.054677305376585876,0.00704721440661491,-0.002259523179730185,-0.0013661990325015366,0.005130222294172607,-0.01853491732971701,-0.0016853173103637696,0.3646258639066388,6.269042832696939,0.1743871754490888,0.07020217784469543,0.0
0.14890898738307437,0.01219258115627571,0.0023940775164598095,0.011523858564699743,0.2423294169122759,-0.1146072901949267,-0.014393138364171689,-0.0032825387688086285,-0.0009387044636265463,-0.009224921712484142,0.021588668463150492,0.0050718313132171264,-0.18639827687049806,-0.009543131980435719,-0.0006072026768209134,0.004309688013082078,0.13772477464083968,0.054135945917411755,0.00704721440661491,-0.002259523179730185,-0.0013661990325015366,0.005230222294172607,-0.01853491732971701,-0.0016853173103637696,0.3629489250387791,6.259914491951856,0.17640592793173482,0.07924165047084855,0.0
0.14890898738307437,0.01219258115627571,0.0023940775164598095,0.011523858564699743,0.2423294169122759,-0.1146072901949267,-0.014393138364171689,-0.0032825387688086285,-0.0009387044636265463,-0.009124921712484142,0.021588668463150492,0.0050718313132171264,-0.18639827687049806,-0.009543131980435719,-0.0006072026768209134,0.004309688013082078,0.13772477464083968,0.054135945917411755,0.00704721440661491,-0.002259523179730185,-0.0013661990325015366,0.005130222294172607,-0.01853491732971701,-0.0016853173103637696,0.36311388468167655,6.259154013161939,0.17527327272325266,0.07980216817187655,0.0
0.14890898738307437,0.01219258115627571,0.0023940775164598095,0.011523858564699743,0.2423294169122759,-0.1146072901949267,-0.014393138364171689,-0.0032825387688086285,-0.0009387044636265463,-0.009224921712484142,0.021588668463150492,0.0050718313132171264,-0.18639827687049806,-0.00944313198043572,-0.0006072026768209134,0.004309688013082078,0.13772477464083968,0.054135945917411755,0.00704721440661491,-0.002259523179730185,-0.0013661990325015366,0.005130222294172607,-0.01853491732971701,-0.0016853173103637696,0.3631051674080038,6.258955855261153,0.17633225136154276,0.07961653351558036,0.0
0.14891680636628654,0.012167258390275798,0.002283537836198224,0.011703111927046072,0.2423703407446145,-0.11458853825399819,-0.014307686817681983,-0.0032519848998271528,-0.00046357390239195776,-0.008783148841924176,0.021626402165372996,0.005466677577345229,-0.18640690227281367,-0.009487496318382324,-0.0006477208532840858,0.00454350281064073,0.13773644910190252,0.05428663257100016,0.0065372104505314575,-0.002245798582510298,-0.0013526821911416546,0.005156752242707111,-0.018590614783747322,-0.0011825030262471003,0.3627577994630027,6.263491949806201,0.17329898118342416,0.08284989439915298,0.0
0.14891680636628654,0.012167258390275798,0.002283537836198224,0.011703111927046072,0.2423703407446145,-0.11458853825399819,-0.014307686817681983,-0.0032519848998271528,-0.00046357390239195776,-0.008783148841924176,0.021626402165372996,0.005466677577345229,-0.18640690227281367,-0.009487496318382324,-0.0006477208532840858,0.00454350281064073,0.13773644910190252,0.05428663257100016,0.0065372104505314575,-0.002245798582510298,-0.0013526821911416546,0.005156752242707111,-0.018590614783747322,-0.0011825030262471003,0.3627577994630027,6.263491949806201,0.17329898118342416,0.08284989439915298,0.0
0.14891680636628654,0.012167258390275798,0.002283537836198224,0.011703111927046072,0.2423703407446145,-0.11458853825399819,-0.014307686817681983,-0.0032519848998271528,-0.00046357390239195776,-0.008783148841924176,0.021626402165372996,0.005466677577345229,-0.18640690227281367,-0.009487496318382324,-0.0006477208532840858,0.00454350281064073,0.13911381359292155,0.05428663257100016,0.0065372104505314575,-0.002245798582510298,-0.0013526821911416546,0.005156752242707111,-0.018590614783747322,-0.0011825030262471003,0.3622902611664116,6.21969087435722,0.17544275362047013,0.09280014620816923,0.0
0.14891680636628654,0.012167258390275798,0.002283537836198224,0.011703111927046072,0.2423703407446145,-0.1134426528714582,-0.014307686817681983,-0.0032519848998271528,-0.00046357390239195776,-0.008783148841924176,0.021626402165372996,0.005466677577345229,-0.18640690227281367,-0.009487496318382324,-0.0006477208532840858,0.00454350281064073,0.13773644910190252,0.05428663257100016,0.0065372104505314575,-0.002245798582510298,-0.0013526821911416546,0.005156752242707111,-0.018590614783747322,-0.0011825030262471003,0.36025439664472286,6.258037974165568,0.17472737451049672,0.07134361227609841,0.0
0.14891680636628654,0.012167258390275798,0.002283537836198224,0.011703111927046072,0.2423703407446145,-0.11458853825399819,-0.014164609949505164,-0.0032519848998271528,-0.00046357390239195776,-0.008783148841924176,0.021626402165372996,0.005466677577345229,-0.18640690227281367,-0.009487496318382324,-0.0006477208532840858,0.00454350281064073,0.13773644910190252,0.05428663257100016,0.0065372104505314575,-0.002245798582510298,-0.0013526821911416546,0.005156752242707111,-0.018590614783747322,-0.0011825030262471003,0.3626249834585046,6.263539311876121,0.17589608008470176,0.08000212853668809,0.0
0.14891680636628654,0.012167258390275798,0.0023835378361982238,0.011703111927046072,0.2423703407446145,-0.11458853825399819,-0.014307686817681983,-0.0032519848998271528,-0.00046357390239195776,-0.008783148841924176,0.021626402165372996,0.005466677577345229,-0.18640690227281367,-0.009487496318382324,-0.0006477208532840858,0.00454350281064073,0.13773644910190252,0.05428663257100016,0.0065372104505314575,-0.002245798582510298,-0.0013526821911416546,0.005156752242707111,-0.018590614783747322,-0.0011825030262471003,0.3626869458201644,6.26351044711231,0.1743158923127337,0.0818302091038453,0.0
0.14891680636628654,0.012167258390275798,0.002283537836198224,0.011703111927046072,0.2423703407446145,-0.11458853825399819,-0.014307686817681983,-0.0032519848998271528,-0.00046357390239195776,-0.008783148841924176,0.021626402165372996,0.005466677577345229,-0.18640690227281367,-0.009487496318382324,-0.0005477208532840858,0.00454350281064073,0.13773644910190252,0.05428663257100016,0.0065372104505314575,-0.002245798582510298,-0.0013526821911416546,0.005156752242707111,-0.018590614783747322,-0.0011825030262471003,0.3627519394363646,6.263511961848705,0.17554283499190665,0.07853932963553024,0.0
0.14891680636628654,0.012167258390275798,0.002283537836198224,0.011703111927046072,0.2423703407446145,-0.11458853825399819,-0.014307686817681983,-0.0032519848998271528,-0.00046357390239195776,-0.008783148841924176,0.021626402165372996,0.005466677577345229,-0.18640690227281367,-0.009487496318382324,-0.0006477208532840858,0.00454350281064073,0.13773644910190252,0.05428663257100016,0.0065372104505314575,-0.002245798582510298,-0.0013526821911416546,0.005156752242707111,-0.018404708635909848,-0.0011825030262471003,0.36290601823914564,6.2612607619512595,0.17454260110877992,0.08277674183320528,0.0
0.14891680636628654,0.012167258390275798,0.002283537836198224,0.011703111927046072,0.2423703407446145,-0.11458853825399819,-0.014307686817681983,-0.0032519848998271528,-0.00046357390239195776,-0.008783148841924176,0.021626402165372996,0.005466677577345229,-0.18640690227281367,-0.009487496318382324,-0.0006477208532840858,0.00454350281064073,0.13773644910190252,0.05428663257100016,0.0065372104505314575,-0.002245798582510298,-0.0012526821911416546,0.005156752242707111,-0.018590614783747322,-0.0011825030262471003,0.3627355420386301,6.263527951745413,0.17333294516428804,0.0824054315543573,0.0
0.14891680636628654,0.012288930974178556,0.002283537836198224,0.011703111927046072,0.2423703407446145,-0.11458853825399819,-0.014307686817681983,-0.0032519848998271528,-0.00046357390239195776,-0.008783148841924176,0.021626402165372996,0.005466677577345229,-0.18640690227281367,-0.009487496318382324,-0.0006477208532840858,0.00454350281064073,0.13773644910190252,0.05428663257100016,0.0065372104505314575,-0.002245798582510298,-0.0013526821911416546,0.005156752242707111,-0.018590614783747322,-0.0011825030262471003,0.36278331442378464,6.2634909151604035,0.17325374103325758,0.08296146791639238,0.0
0.14891680636628654,0.012167258390275798,0.002283537836198224,0.011703111927046072,0.24479404415206063,-0.11458853825399819,-0.014307686817681983,-0.0032519848998271528,-0.00046357390239195776,-0.008783148841924176,0.021626402165372996,0.005466677577345229,-0.18640690227281367,-0.009487496318382324,-0.0006477208532840858,0.00454350281064073,0.13773644910190252,0.05428663257100016,0.0065372104505314575,-0.002245798582510298,-0.0013526821911416546,0.005156752242707111,-0.018590614783747322,-0.0011825030262471003,0.359101977723994,6.227264739371137,0.1761888595282323,0.07101865610215563,0.0
0.14891680636628654,0.012167258390275798,0.002283537836198224,0.011703111927046072,0.2423703407446145,-0.11458853825399819,-0.014307686817681983,-0.0032519848998271528,-0.00046357390239195776,-0.008783148841924176,0.021626402165372996,0.005466677577345229,-0.18640690227281367,-0.009387496318382324,-0.0006477208532840858,0.00454350281064073,0.13773644910190252,0.05428663257100016,0.0065372104505314575,-0.002245798582510298,-0.0013526821911416546,0.005156752242707111,-0.018590614783747322,-0.0011825030262471003,0.36274762334496535,6.263491949806201,0.17344899208470899,0.08304097227964552,0.0
0.14891680636628654,0.012167258390275798,0.002283537836198224,0.011703111927046072,0.2423703407446145,-0.11458853825399819,-0.014307686817681983,-0.0032519848998271528,-0.00036357390239195777,-0.008783148841924176,0.021626402165372996,0.005466677577345229,-0.18640690227281367,-0.009487496318382324,-0.0006477208532840858,0.00454350281064073,0.13773644910190252,0.05428663257100016,0.0065372104505314575,-0.002245798582510298,-0.0013526821911416546,0.005156752242707111,-0.018590614783747322,-0.0011825030262471003,0.36281708565012066,6.263564317613082,0.1733639164960357,0.08309983657164272,0.0
0.1504059744299494,0.012167258390275798,0.002283537836198224,0.011703111927046072,0.2423703407446145,-0.11458853825399819,-0.014307686817681983,-0.0032519848998271528,-0.00046357390239195776,-0.008783148841924176,0.021626402165372996,0.005466677577345229,-0.18640690227281367,-0.009487496318382324,-0.0006477208532840858,0.00454350281064073,0.13773644910190252,0.05428663257100016,0.0065372104505314575,-0.002245798582510298,-0.0013526821911416546,0.005156752242707111,-0.018590614783747322,-0.0011825030262471003,0.36306891217580434,6.263297326461509,0.1764456552476183,0.08156190824201587,0.0
0.14891680636628654,0.012167258390275798,0.002283537836198224,0.011703111927046072,0.2423703407446145,-0.11458853825399819,-0.014307686817681983,-0.0032519848998271528,-0.00046357390239195776,-0.008783148841924176,0.021626402165372996,0.005466677577345229,-0.18454283325008553,-0.009487496318382324,-0.0006477208532840858,0.00454350281064073,0.13773644910190252,0.05428663257100016,0.0065372104505314575,-0.002245798582510298,-0.0013526821911416546,0.005156752242707111,-0.018590614783747322,-0.0011825030262471003,0.362342095643155,6.263491949806201,0.17567595019433904,0.08119405851126534,0.0
0.14891680636628654,0.012167258390275798,0.002283537836198224,0.011703111927046072,0.2423703407446145,-0.11458853825399819,-0.014307686817681983,-0.0032519848998271528,-0.00046357390239195776,-0.008783148841924176,0.021842666187026728,0.005466677577345229,-0.18640690227281367,-0.009487496318382324,-0.0006477208532840858,0.00454350281064073,0.13773644910190252,0.05428663257100016,0.0065372104505314575,-0.002245798582510298,-0.0013526821911416546,0.005156752242707111,-0.018590614783747322,-0.0011825030262471003,0.3629560841417264,6.264442258927131,0.17334496753610162,0.08270974795674631,0.0
0.14891680636628654,0.012167258390275798,0.002283537836198224,0.011703111927046072,0.2423703407446145,-0.11458853825399819,-0.014307686817681983,-0.0032519848998271528,-0.00046357390239195776,-0.008783148841924176,0.021626402165372996,0.005466677577345229,-0.18640690227281367,-0.009487496318382324,-0.0006477208532840858,0.00454350281064073,0.13773644910190252,0.05482949889671016,0.0065372104505314575,-0.002245798582510298,-0.0013526821911416546,0.005156752242707111,-0.018590614783747322,-0.0011825030262471003,0.3642725589217207,6.273620495871183,0.1749210052704543,0.07475876225789196,0.0
0.14891680636628654,0.012167258390275798,0.002283537836198224,0.011703111927046072,0.2423703407446145,-0.11458853825399819,-0.014307686817681983,-0.0032519848998271528,-0.00046357390239195776,-0.008783148841924176,0.021626402165372996,0.005466677577345229,-0.18640690227281367,-0.009487496318382324,-0.0006477208532840858,0.00454350281064073,0.13773644910190252,0.05428663257100016,0.006637210450531458,-0.002245798582510298,-0.0013526821911416546,0.005156752242707111,-0.018590614783747322,-0.0011825030262471003,0.36286597427850414,6.263519822844063,0.17458137171523228,0.08089249298362776,0.0
0.14891680636628654,0.012167258390275798,0.002283537836198224,0.011820143046316532,0.2423703407446145,-0.11458853825399819,-0.014307686817681983,-0.0032519848998271528,-0.00046357390239195776,-0.008783148841924176,0.021626402165372996,0.005466677577345229,-0.18640690227281367,-0.009487496318382324,-0.0006477208532840858,0.00454350281064073,0.13773644910190252,0.05428663257100016,0.0065372104505314575,-0.002245798582510298,-0.0013526821911416546,0.005156752242707111,-0.018590614783747322,-0.0011825030262471003,0.3626393502388821,6.263692553786713,0.17610095016675878,0.08114219041141214,0.0
0.14891680636628654,0.012167258390275798,0.002283537836198224,0.011703111927046072,0.2423703407446145,-0.11458853825399819,-0.014307686817681983,-0.0032519848998271528,-0.00046357390239195776,-0.008783148841924176,0.021626402165372996,0.005466677577345229,-0.18640690227281367,-0.009487496318382324,-0.0006477208532840858,0.00454350281064073,0.13773644910190252,0.05428663257100016,0.0065372104505314575,-0.002245798582510298,-0.0013526821911416546,0.005256752242707111,-0.018590614783747322,-0.0011825030262471003,0.36259351135490314,6.26444165725431,0.17471829324177357,0.0826543925718661,0.0
0.14891680636628654,0.012167258390275798,0.002283537836198224,0.011703111927046072,0.2423703407446145,-0.11458853825399819,-0.014307686817681983,-0.0032519848998271528,-0.00046357390239195776,-0.008783148841924176,0.021626402165372996,0.005466677577345229,-0.18640690227281367,-0.009487496318382324,-0.0006477208532840858,0.004643502810640731,0.13773644910190252,0.05428663257100016,0.0065372104505314575,-0.002245798582510298,-0.0013526821911416546,0.005156752242707111,-0.018590614783747322,-0.0011825030262471003,0.3627876678271184,6.263767085946156,0.17533581719584346,0.08252909891806698,0.0
0.14891680636628654,0.012167258390275798,0.002283537836198224,0.011703111927046072,0.2423703407446145,-0.11458853825399819,-0.014307686817681983,-0.0032519848998271528,-0.00046357390239195776,-0.008783148841924176,0.021626402165372996,0.005466677577345229,-0.18640690227281367,-0.009487496318382324,-0.0006477208532840858,0.00454350281064073,0.13773644910190252,0.05428663257100016,0.0065372104505314575,-0.0021457985825102982,-0.0013526821911416546,0.005156752242707111,-0.018590614783747322,-0.0011825030262471003,0.36276664209998744,6.263582313674367,0.17335516543713775,0.0829440864527506,0.0
0.14891680636628654,0.012167258390275798,0.002283537836198224,0.011703111927046072,0.2423703407446145,-0.11458853825399819,-0.014307686817681983,-0.0032519848998271528,-0.00046357390239195776,-0.008683148841924176,0.021626402165372996,0.005466677577345229,-0.18640690227281367,-0.009487496318382324,-0.0006477208532840858,0.00454350281064073,0.13773644910190252,0.05428663257100016,0.0065372104505314575,-0.002245798582510298,-0.0013526821911416546,0.005156752242707111,-0.018590614783747322,-0.0011825030262471003,0.36275804237425463,6.263688973435294,0.1733009308784687,0.08313834444058041,0.0
0.14891680636628654,0.012167258390275798,0.002283537836198224,0.011703111927046072,0.2423703407446145,-0.11458853825399819,-0.014307686817681983,-0.0032519848998271528,-0.00046357390239195776,-0.008783148841924176,0.021626402165372996,0.005466677577345229,-0.18640690227281367,-0.009487496318382324,-0.0006477208532840858,0.00454350281064073,0.13773644910190252,0.05428663257100016,0.0065372104505314575,-0.002245798582510298,-0.0013526821911416546,0.005156752242707111,-0.018590614783747322,-0.0010825030262471003,0.36267877909329693,6.263503913351129,0.1746721699291898,0.08288221919273812,0.0
0.14891680636628654,0.012167258390275798,0.002283537836198224,0.011703111927046072,0.2423703407446145,-0.11458853825399819,-0.014307686817681983,-0.003151984899827153,-0.00046357390239195776,-0.008783148841924176,0.021626402165372996,0.005466677577345229,-0.18640690227281367,-0.009487496318382324,-0.0006477208532840858,0.00454350281064073,0.13773644910190252,0.05428663257100016,0.0065372104505314575,-0.002245798582510298,-0.0013526821911416546,0.005156752242707111,-0.018590614783747322,-0.0011825030262471003,0.36279592430129576,6.263546317587369,0.1731863964029615,0.08243614321542796,0.0
0.14891680636628654,0.012167258390275798,0.002283537836198224,0.011703111927046072,0.2423703407446145,-0.11458853825399819,-0.014307686817681983,-0.0032519848998271528,-0.00046357390239195776,-0.008783148841924176,0.021626402165372996,0.00556667757734523,-0.18640690227281367,-0.009487496318382324,-0.0006477208532840858,0.00454350281064073,0.13773644910190252,0.05428663257100016,0.0065372104505314575,-0.002245798582510298,-0.0013526821911416546,0.005156752242707111,-0.018590614783747322,-0.0011825030262471003,0.3627979527575611,6.263379525546562,0.17329068186861524,0.08300160677826719,0.0
0.14890503548504974,0.012169204667876079,0.0022281044137357603,0.011570225145589065,0.24236593429892936,-0.11459317162770999,-0.01440649317973126,-0.003244827920970462,-0.00046781434045913174,-0.008783984598665053,0.021624926176845617,0.0054670014675812515,-0.1864139408706298,-0.00949636186038725,-0.0007660965956763137,0.004428447680346294,0.13772931007714062,0.0542709787864335,0.006468805341482245,-0.002249231528907501,-0.0013537278270605005,0.005075860383495125,-0.01862726805154234,-0.001260334566632956,0.363062027503214,6.2625381910013065,0.1751655119706786,0.09538214176194887,0.0
0.1489138683953847,0.012167746713887062,0.002269644960098498,0.011669932972984288,0.24236919869254078,-0.11458974619866634,-0.014332428735016741,-0.003250228830450644,-0.00046460970282477277,-0.008783340710517869,0.021626037872290553,0.005466759375564466,-0.1864086622453606,-0.009489692741035654,-0.0006774795270046385,0.004514864465175291,0.13773465927857864,0.054282687836123326,0.006520007728066363,-0.0022466366397528668,-0.0013529757539886018,0.005136606709821294,-0.018599764145702524,-0.0012018848671429955,0.36283382257906444,6.2632554954252395,0.1738543301726175,0.08588920231928143,0.0
0.1489160721489521,0.012167380572430837,0.0022800626243070585,0.01169481968011558,0.2423700529076974,-0.11458884308799133,-0.014313874613995707,-0.00325154779857337,-0.0004638314465485718,-0.008783195827552532,0.021626311363436203,0.005466698070809445,-0.18640734228446829,-0.009488044269462185,-0.0006551700230102379,0.004536350503355831,0.13773600135580746,0.054285644597927486,0.0065329039008485525,-0.002246006926029227,-0.0013527574426605482,0.0051517203383652154,-0.01859290131122487,-0.0011873440843219263,0.3627767775261645,6.263432953765434,0.17348452272800502,0.08360373847319306,0.0
0.1489166228288549,0.012167288942022146,0.0022826689110403485,0.01170103901842218,0.24237026864305738,-0.11458861463687667,-0.01430923390865836,-0.0032518757420044605,-0.00046363820219319946,-0.008783160528209618,0.021626379481521386,0.005466682703349664,-0.1864070122768607,-0.009487633235332683,-0.0006495837281229873,0.004541715180648925,0.13773633714761452,0.05428638546826688,0.00653613345308977,-0.002245850596523789,-0.00135270111817531,0.005155494541353571,-0.018591186365663915,-0.001183713020690028,0.36276254642132977,6.263477208049105,0.17329274771079176,0.08303796427806148,0.0
0.1489166228288549,0.012167288942022146,0.0022826689110403485,0.01170103901842218,0.24237026864305738,-0.11458861463687667,-0.01430923390865836,-0.0032518757420044605,-0.00046363820219319946,-0.008783160528209618,0.021626379481521386,0.005466682703349664,-0.1864070122768607,-0.009487633235332683,-0.0006495837281229873,0.004541715180648925,0.13773633714761452,0.05428638546826688,0.00653613345308977,-0.002245850596523789,-0.00135270111817531,0.005155494541353571,-0.018591186365663915,-0.001183713020690028,0.36276254642132977,6.263477208049105,0.17329274771079176,0.08303796427806148,0.0
0.1489166228288549,0.012167288942022146,0.0022826689110403485,0.01170103901842218,0.24237026864305738,-0.1134427284905079,-0.01430923390865836,-0.0032518757420044605,-0.00046363820219319946,-0.008783160528209618,0.021626379481521386,0.005466682703349664,-0.1864070122768607,-0.009487633235332683,-0.0006495837281229873,0.004541715180648925,0.13773633714761452,0.05428638546826688,0.00653613345308977,-0.002245850596523789,-0.00135270111817531,0.005155494541353571,-0.018591186365663915,-0.001183713020690028,0.3602590989993742,6.258023286867486,0.17475796599708232,0.07152162990375638,0.0
0.1489166228288549,0.012167288942022146,0.0022826689110403485,0.01170103901842218,0.24237026864305738,-0.11458861463687667,-0.01430923390865836,-0.0032518757420044605,-0.00046363820219319946,-0.008783160528209618,0.021626379481521386,0.005466682703349664,-0.1864070122768607,-0.009487633235332683,-0.0006495837281229873,0.004641715180648925,0.13773633714761452,0.05428638546826688,0.00653613345308977,-0.002245850596523789,-0.00135270111817531,0.005155494541353571,-0.018591186365663915,-0.001183713020690028,0.3627924114381594,6.263752369292697,0.17538736885072653,0.08271853236607668,0.0
0.1489166228288549,0.012167288942022146,0.0022826689110403485,0.01170103901842218,0.24237026864305738,-0.11458861463687667,-0.01430923390865836,-0.0032518757420044605,-0.00046363820219319946,-0.008783160528209618,0.021626379481521386,0.005466682703349664,-0.1864070122768607,-0.009487633235332683,-0.0006495837281229873,0.004541715180648925,0.13773633714761452,0.05428638546826688,0.00653613345308977,-0.002245850596523789,-0.00135270111817531,0.005155494541353571,-0.018591186365663915,-0.0010837130206900279,0.3626835178487046,6.263489164073216,0.17475849356181905,0.08307055623096919,0.0
0.1489166228288549,0.012167288942022146,0.0022826689110403485,0.01170103901842218,0.24237026864305738,-0.11458861463687667,-0.014166141569571775,-0.0032518757420044605,-0.00046363820219319946,-0.008783160528209618,0.021626379481521386,0.005466682703349664,-0.1864070122768607,-0.009487633235332683,-0.0006495837281229873,0.004541715180648925,0.13773633714761452,0.05428638546826688,0.00653613345308977,-0.002245850596523789,-0.00135270111817531,0.005155494541353571,-0.018591186365663915,-0.001183713020690028,0.36262970473284495,6.2635245853020765,0.17597422409470173,0.08018491268713072,0.0
0.1489166228288549,0.012167288942022146,0.0022826689110403485,0.01170103901842218,0.24237026864305738,-0.11458861463687667,-0.01430923390865836,-0.0032518757420044605,-0.00046363820219319946,-0.008783160528209618,0.021626379481521386,0.005466682703349664,-0.1864070122768607,-0.009487633235332683,-0.0006495837281229873,0.004541715180648925,0.13773633714761452,0.05428638546826688,0.00653613345308977,-0.002145850596523789,-0.00135270111817531,0.005155494541353571,-0.018591186365663915,-0.001183713020690028,0.3627713823256892,6.263567562963338,0.17338250142420472,0.08313286306718126,0.0
0.1489166228288549,0.012167288942022146,0.0022826689110403485,0.01170103901842218,0.24479397132948796,-0.11458861463687667,-0.01430923390865836,-0.0032518757420044605,-0.00046363820219319946,-0.008783160528209618,0.021626379481521386,0.005466682703349664,-0.1864070122768607,-0.009487633235332683,-0.0006495837281229873,0.004541715180648925,0.13773633714761452,0.05428638546826688,0.00653613345308977,-0.002245850596523789,-0.00135270111817531,0.005155494541353571,-0.018591186365663915,-0.001183713020690028,0.35910666238469696,6.2272501078008435,0.1763063360067217,0.0711943081568104,0.0
0.1489166228288549,0.012167288942022146,0.0022826689110403485,0.01170103901842218,0.24237026864305738,-0.11458861463687667,-0.01430923390865836,-0.0032518757420044605,-0.00046363820219319946,-0.008783160528209618,0.021626379481521386,0.005466682703349664,-0.18454294215409212,-0.009487633235332683,-0.0006495837281229873,0.004541715180648925,0.13773633714761452,0.05428638546826688,0.00653613345308977,-0.002245850596523789,-0.00135270111817531,0.005155494541353571,-0.018591186365663915,-0.001183713020690028,0.36234684482379864,6.263477208049105,0.17578434447610675,0.08137839764648519,0.0
0.1489166228288549,0.012167288942022146,0.0022826689110403485,0.01170103901842218,0.24237026864305738,-0.11458861463687667,-0.01430923390865836,-0.0032518757420044605,-0.00046363820219319946,-0.008783160528209618,0.021626379481521386,0.005466682703349664,-0.1864070122768607,-0.009487633235332683,-0.0006495837281229873,0.004541715180648925,0.13773633714761452,0.05428638546826688,0.00653613345308977,-0.002245850596523789,-0.00135270111817531,0.005255494541353572,-0.018591186365663915,-0.001183713020690028,0.36259820446050056,6.264426921711511,0.17479836376223504,0.08284235446449696,0.0
0.1489166228288549,0.012167288942022146,0.0022826689110403485,0.01170103901842218,0.24237026864305738,-0.11458861463687667,-0.01430923390865836,-0.0032518757420044605,-0.00046363820219319946,-0.008783160528209618,0.021626379481521386,0.005566682703349664,-0.1864070122768607,-0.009487633235332683,-0.0006495837281229873,0.004541715180648925,0.13773633714761452,0.05428638546826688,0.00653613345308977,-0.002245850596523789,-0.00135270111817531,0.005155494541353571,-0.018591186365663915,-0.001183713020690028,0.3628026920390747,6.263364805283751,0.17331900605651154,0.08318967758691756,0.0
0.1489166228288549,0.012167288942022146,0.0022826689110403485,0.01170103901842218,0.24237026864305738,-0.11458861463687667,-0.01430923390865836,-0.0032518757420044605,-0.00046363820219319946,-0.008783160528209618,0.021626379481521386,0.005466682703349664,-0.1864070122768607,-0.009487633235332683,-0.0006495837281229873,0.004541715180648925,0.13773633714761452,0.05482924932294955,0.00653613345308977,-0.002245850596523789,-0.00135270111817531,0.005155494541353571,-0.018591186365663915,-0.001183713020690028,0.364277294324096,6.273605650081959,0.1748135939775412,0.07494054707457293,0.0
0.1489166228288549,0.012167288942022146,0.0022826689110403485,0.01170103901842218,0.24237026864305738,-0.11458861463687667,-0.01430923390865836,-0.0032518757420044605,-0.00046363820219319946,-0.008683160528209619,0.021626379481521386,0.005466682703349664,-0.1864070122768607,-0.009487633235332683,-0.0006495837281229873,0.004541715180648925,0.13773633714761452,0.05428638546826688,0.00653613345308977,-0.002245850596523789,-0.00135270111817531,0.005155494541353571,-0.018591186365663915,-0.001183713020690028,0.36276287428827814,6.263674262969392,0.17332343386155338,0.08332674165189521,0.0
0.1489166228288549,0.012288961831442367,0.0022826689110403485,0.01170103901842218,0.24237026864305738,-0.11458861463687667,-0.01430923390865836,-0.0032518757420044605,-0.00046363820219319946,-0.008783160528209618,0.021626379481521386,0.005466682703349664,-0.1864070122768607,-0.009487633235332683,-0.0006495837281229873,0.004541715180648925,0.13773633714761452,0.05428638546826688,0.00653613345308977,-0.002245850596523789,-0.00135270111817531,0.005155494541353571,-0.018591186365663915,-0.001183713020690028,0.3627880484449295,6.263476160002367,0.1732818718555561,0.08314962411614282,0.0
0.1489166228288549,0.012167288942022146,0.0022826689110403485,0.01170103901842218,0.24237026864305738,-0.11458861463687667,-0.01430923390865836,-0.0032518757420044605,-0.00046363820219319946,-0.008783160528209618,0.021626379481521386,0.005466682703349664,-0.1864070122768607,-0.009487633235332683,-0.0006495837281229873,0.004541715180648925,0.13773633714761452,0.05428638546826688,0.00663613345308977,-0.002245850596523789,-0.00135270111817531,0.005155494541353571,-0.018591186365663915,-0.001183713020690028,0.36287071645939856,6.263505098172693,0.17358533919405533,0.08107553750264332,0.0
0.1489166228288549,0.012167288942022146,0.0022826689110403485,0.01170103901842218,0.24237026864305738,-0.11458861463687667,-0.01430923390865836,-0.0032518757420044605,-0.00046363820219319946,-0.008783160528209618,0.021626379481521386,0.005466682703349664,-0.1864070122768607,-0.009487633235332683,-0.0006495837281229873,0.004541715180648925,0.13773633714761452,0.05428638546826688,0.00653613345308977,-0.002245850596523789,-0.00135270111817531,0.005155494541353571,-0.018405274502007275,-0.001183713020690028,0.36291075285419433,6.261245955313184,0.17463100007858354,0.08296471494132408,0.0
0.1489166228288549,0.012167288942022146,0.0022826689110403485,0.01170103901842218,0.24237026864305738,-0.11458861463687667,-0.01430923390865836,-0.0031518757420044606,-0.00046363820219319946,-0.008783160528209618,0.021626379481521386,0.005466682703349664,-0.1864070122768607,-0.009487633235332683,-0.0006495837281229873,0.004541715180648925,0.13773633714761452,0.05428638546826688,0.00653613345308977,-0.002245850596523789,-0.00135270111817531,0.005155494541353571,-0.018591186365663915,-0.001183713020690028,0.36280051583054274,6.2635315692313664,0.17322286864258934,0.08262348219836094,0.0
0.1489166228288549,0.012167288942022146,0.0022826689110403485,0.01170103901842218,0.24237026864305738,-0.11458861463687667,-0.01430923390865836,-0.0032518757420044605,-0.00046363820219319946,-0.008783160528209618,0.021626379481521386,0.005466682703349664,-0.1864070122768607,-0.009487633235332683,-0.0006495837281229873,0.004541715180648925,0.13773633714761452,0.05428638546826688,0.00653613345308977,-0.002245850596523789,-0.00125270111817531,0.005155494541353571,-0.018591186365663915,-0.001183713020690028,0.36274029731618235,6.263513202465483,0.1733584997992551,0.0825925032232251,0.0
0.1489166228288549,0.012167288942022146,0.0022826689110403485,0.011818049408606403,0.24237026864305738,-0.11458861463687667,-0.01430923390865836,-0.0032518757420044605,-0.00046363820219319946,-0.008783160528209618,0.021626379481521386,0.005466682703349664,-0.1864070122768607,-0.009487633235332683,-0.0006495837281229873,0.004541715180648925,0.13773633714761452,0.05428638546826688,0.00653613345308977,-0.002245850596523789,-0.00135270111817531,0.005155494541353571,-0.018591186365663915,-0.001183713020690028,0.36264413435206805,6.263677803703284,0.17617497451625166,0.08132846809740919,0.0
0.1489166228288549,0.012167288942022146,0.0022826689110403485,0.01170103901842218,0.24237026864305738,-0.11458861463687667,-0.01430923390865836,-0.0032518757420044605,-0.00046363820219319946,-0.008783160528209618,0.0218426432763366,0.005466682703349664,-0.1864070122768607,-0.009487633235332683,-0.0006495837281229873,0.004541715180648925,0.13773633714761452,0.05428638546826688,0.00653613345308977,-0.002245850596523789,-0.00135270111817531,0.005155494541353571,-0.018591186365663915,-0.001183713020690028,0.362960819662257,6.264427519200881,0.17337169955001247,0.08289789494740246,0.0
0.1489166228288549,0.012167288942022146,0.0022826689110403485,0.01170103901842218,0.24237026864305738,-0.11458861463687667,-0.01430923390865836,-0.0032518757420044605,-0.00046363820219319946,-0.008783160528209618,0.021626379481521386,0.005466682703349664,-0.1864070122768607,-0.009387633235332683,-0.0006495837281229873,0.004541715180648925,0.13773633714761452,0.05428638546826688,0.00653613345308977,-0.002245850596523789,-0.00135270111817531,0.005155494541353571,-0.018591186365663915,-0.001183713020690028,0.3627523656657652,6.263477208049105,0.1734766361301845,0.0832293862587488,0.0
0.1489166228288549,0.012167288942022146,0.0022826689110403485,0.01170103901842218,0.24237026864305738,-0.11458861463687667,-0.01430923390865836,-0.0032518757420044605,-0.00046363820219319946,-0.008783160528209618,0.021626379481521386,0.005466682703349664,-0.1864070122768607,-0.009487633235332683,-0.0006495837281229873,0.004541715180648925,0.13911370051909067,0.05428638546826688,0.00653613345308977,-0.002245850596523789,-0.00135270111817531,0.005155494541353571,-0.018591186365663915,-0.001183713020690028,0.3622949353699125,6.219676389289985,0.17547323638695983,0.0929952196803413,0.0
0.15040578905714344,0.012167288942022146,0.0022826689110403485,0.01170103901842218,0.24237026864305738,-0.11458861463687667,-0.01430923390865836,-0.0032518757420044605,-0.00046363820219319946,-0.008783160528209618,0.021626379481521386,0.005466682703349664,-0.1864070122768607,-0.009487633235332683,-0.0006495837281229873,0.004541715180648925,0.13773633714761452,0.05428638546826688,0.00653613345308977,-0.002245850596523789,-0.00135270111817531,0.005155494541353571,-0.018591186365663915,-0.001183713020690028,0.36307377580294736,6.2632824318533515,0.17518265609902545,0.08174771336184714,0.0
0.1489166228288549,0.012167288942022146,0.0022826689110403485,0.01170103901842218,0.24237026864305738,-0.11458861463687667,-0.01430923390865836,-0.0032518757420044605,-0.00036363820219319947,-0.008783160528209618,0.021626379481521386,0.005466682703349664,-0.1864070122768607,-0.009487633235332683,-0.0006495837281229873,0.004541715180648925,0.13773633714761452,0.05428638546826688,0.00653613345308977,-0.002245850596523789,-0.00135270111817531,0.005155494541353571,-0.018591186365663915,-0.001183713020690028,0.3628216817852424,6.263549564912975,0.17340085995527432,0.08328852121573523,0.0
0.1489166228288549,0.012167288942022146,0.0023826689110403483,0.01170103901842218,0.24237026864305738,-0.11458861463687667,-0.01430923390865836,-0.0032518757420044605,-0.00046363820219319946,-0.008783160528209618,0.021626379481521386,0.005466682703349664,-0.1864070122768607,-0.009487633235332683,-0.0006495837281229873,0.004541715180648925,0.13773633714761452,0.05428638546826688,0.00653613345308977,-0.002245850596523789,-0.00135270111817531,0.005155494541353571,-0.018591186365663915,-0.001183713020690028,0.36269168134196017,6.2634957253482,0.1743953239447603,0.08201569042149051,0.0
0.1489166228288549,0.012167288942022146,0.0022826689110403485,0.01170103901842218,0.24237026864305738,-0.11458861463687667,-0.01430923390865836,-0.0032518757420044605,-0.00046363820219319946,-0.008783160528209618,0.021626379481521386,0.005466682703349664,-0.1864070122768607,-0.009487633235332683,-0.0005495837281229872,0.004541715180648925,0.13773633714761452,0.05428638546826688,0.00653613345308977,-0.002245850596523789,-0.00135270111817531,0.005155494541353571,-0.018591186365663915,-0.001183713020690028,0.36275669210112205,6.263497228088311,0.17560231030261986,0.07872038734442796,0.0
0.14891659572243127,0.012167290353657805,0.002282434588586055,0.01170050958618248,0.24237024963114487,-0.11458863429754523,-0.0143096306335336,-0.0032518579867351835,-0.00046366358778890816,-0.008783169703786977,0.021626370523782693,0.005466676426413624,-0.1864070409156882,-0.009487674608302611,-0.0006500603332429248,0.004541258990649029,0.13773630877983029,0.05428632822378741,0.006536082424672631,-0.002245870836242076,-0.0013527127596583862,0.005155163617110674,-0.01859133931085201,-0.0011840334752477744,0.36276403478098634,6.263473564173535,0.17330069745034365,0.08308157937146722,0.0
0.1489166160522497,0.012167289294978302,0.0022826103300869196,0.011700906660755897,0.24237026388951247,-0.11458861955276031,-0.014309333090413271,-0.0032518713035747985,-0.0004636445482875153,-0.008783162821851223,0.02162637724215156,0.005466681134172186,-0.18640701943656918,-0.009487643578314803,-0.0006497028815203179,0.004541601134437886,0.13773633005559469,0.05428637115663334,0.006536120694271925,-0.00224585565618763,-0.0013527040288932564,0.005155411811225456,-0.018591224601816177,-0.001183793133430024,0.36276291846147474,6.26347629710392,0.17329476112341322,0.08304886696398506,0.0
0.14891662113470364,0.012167289030264136,0.002282654265780756,0.011701005929030206,0.24237026745463575,-0.11458861586589235,-0.014309258704130584,-0.0032518746324212665,-0.0004636397886977457,-0.008783161101604228,0.02162637892168298,0.005466682311058826,-0.18640701406678792,-0.009487635821061945,-0.0006496135166046148,0.0045416866691767015,0.13773633537460495,0.054286381890326404,0.0065361302632782415,-0.0022458518614231456,-0.001352701845876489,0.0051554738588798135,-0.018591195924692935,-0.0011837330488188279,0.3627626394313462,6.263476980314323,0.17329325339430163,0.08304068988192961,0.0
0.14891662240531708,0.012167288964082828,0.0022826652497241235,0.011701030746075723,0.24237026834594977,-0.11458861494413339,-0.01430924010752851,-0.003251875464610176,-0.00046363859881814654,-0.008783160671557284,0.02162637934156204,0.005466682605277175,-0.1864070127243425,-0.009487633881763982,-0.000649591175251662,0.004541708052785902,0.13773633670436183,0.05428638457377976,0.006536132655630197,-0.0022458509127475904,-0.0013527013001019604,0.005155489370738774,-0.018591188755420606,-0.0011837180277187156,0.36276256967686954,6.263477151115485,0.17329287409440702,0.08303864567503612,0.0
0.14891662272297046,0.012167288947537328,0.002282667995711209,0.011701036950335662,0.24237026856878033,-0.11458861471369103,-0.014309235458376028,-0.003251875672655984,-0.0004636383013493619,-0.008783160564046473,0.021626379446531566,0.005466682678831556,-0.18640701238873117,-0.009487633396940445,-0.0006495855899056726,0.004541713398683484,0.13773633703680133,0.05428638524464498,0.0065361332537244585,-0.0022458506755796744,-0.0013527011636570573,0.005155493248700099,-0.01859118696310305,-0.0011837142724469803,0.36276255223695764,6.263477193815699,0.17329277917397784,0.0830381346272166,0.0
0.1489166228023838,0.012167288943400942,0.0022826686822080586,0.011701038501400557,0.24237026862448813,-0.11458861465608026,-0.014309234296087785,-0.0032518757246673474,-0.0004636382269822354,-0.008783160537168828,0.021626379472773932,0.005466682697220137,-0.1864070123048283,-0.00948763327573462,-0.000649584193568691,0.004541714735157584,0.1377363371199112,0.0542863854123614,0.006536133403248416,-0.0022458506162877563,-0.0013527011295457522,0.005155494218190218,-0.018591186515023696,-0.0011837133336292523,0.3627625478730864,6.263477204490746,0.1732927557608946,0.08303800686522317,0.0
