index,Nfeval,J,Jf,Lengths,J_CC,J_LENGTH_PENALTY,J_CURVATURE,J_MSC,J_ALS,curvatures,msc,B.n,gradJcoils,C-C-Sep
0,1,8.449715116855396e-06,8.439533002885057e-06,10.798790565240665,0.0,0.0,0.0,0.0,1.0182113970339108e-08,13.310433878812677,14.453604240041123,0.00869847359405588,0.017224294253815574,0.16370107849608287
1,2,1.7313364949662864,0.19926108249114644,15.767682584899752,0.0003929194106641573,1.108167926070395,0.09089714822589744,0.3326173688133257,4.995485795392048e-08,151.76435163392964,41.33111218704101,0.8592623993661057,164.61089100510102,0.07241047883742166
2,3,0.0034677981715962505,0.003467787978590782,10.810418103351832,0.0,0.0,0.0,0.0,1.0193005468199762e-08,12.57715943037505,14.282468759876956,0.16025752462389545,0.4992093379298765,0.16629144670032872
3,4,1.4828922389046143e-06,1.4727088027941053e-06,10.799043245787708,0.0,0.0,0.0,0.0,1.0183436110508937e-08,13.245563175505305,14.43017409534783,0.0037616430349644327,0.0028879245447574553,0.16382559451457218
4,5,1.1536278638484558e-06,1.1434434733053753e-06,10.799068187536827,0.0,0.0,0.0,0.0,1.0184390543080502e-08,13.238599560085602,14.422726222825698,0.003361923854831874,0.001816370768871202,0.1637759811411798
5,6,8.878849698733543e-07,8.776985970217021e-07,10.799085539620405,0.0,0.0,0.0,0.0,1.0186372851652167e-08,13.237662756471064,14.396955740283099,0.0028388484394672167,0.0011351699572850714,0.16364145417350914
6,7,7.369397826189453e-07,7.267512614506326e-07,10.799141649062696,0.0,0.0,0.0,0.0,1.0188521168312682e-08,13.237296640605914,14.345528136124624,0.0025168008835528694,0.0009541443119706154,0.16350802619369825
7,8,5.655048351301038e-07,5.55311980907521e-07,10.799547027826964,0.0,0.0,0.0,0.0,1.0192854222582878e-08,13.186900210597928,14.213378162607285,0.002261287548592734,0.0008881153926833867,0.16335865510435674
8,9,8.218251660072485e-07,8.116285887043236e-07,10.800109528522611,0.0,0.0,0.0,0.0,1.0196577302924937e-08,13.191337866082117,14.11285567186721,0.0026263897447798175,0.0035201091792282807,0.16323827223066598
9,10,5.397295815747774e-07,5.295358568244192e-07,10.799675634883618,0.0,0.0,0.0,0.0,1.0193724750358193e-08,13.188015009909435,14.189651834056102,0.002211924343477549,0.0005038747415807044,0.16333061741907115
10,11,5.248586616915658e-07,5.146644280654663e-07,10.799802263602754,0.0,0.0,0.0,0.0,1.0194233626099477e-08,13.187454093242113,14.173448810651708,0.002187956798006932,0.0003006522331385764,0.16334302983790452
11,12,5.11651843269639e-07,5.014569663236544e-07,10.80000031345175,0.0,0.0,0.0,0.0,1.0194876945984572e-08,13.209572300191125,14.166814161562971,0.0021618360424987,0.00029058650879497497,0.16337294386064943
12,13,4.872286097706478e-07,4.770318014731273e-07,10.800518391988161,0.0,0.0,0.0,0.0,1.0196808297520551e-08,13.282613720857654,14.160838176515629,0.0021187119840951015,0.00036515102707840714,0.1634288938733106
13,14,4.623116248446324e-07,4.5211126286543946e-07,10.801236944063566,0.0,0.0,0.0,0.0,1.020036197919291e-08,13.383690503798098,14.1627654682037,0.002076185560966321,0.0002941441221819427,0.16343293076982496
14,15,4.407680595951794e-07,4.305607354356912e-07,10.80207549334499,0.0,0.0,0.0,0.0,1.0207324159488215e-08,13.432582138244022,14.162978660914746,0.002023200484571526,0.0001873479006666861,0.16327843872710196
15,16,4.32675239199708e-07,4.224602625954997e-07,10.802634063884113,0.0,0.0,0.0,0.0,1.0214976604208296e-08,13.493246357632028,14.170353410845598,0.0020068968411172416,0.00030056186007063827,0.16312621992551943
16,17,4.254196910094095e-07,4.152024569957932e-07,10.802642957643647,0.0,0.0,0.0,0.0,1.0217234013616276e-08,13.468516619177933,14.165239192984943,0.0019834670682850374,0.00014747449397493288,0.16309376671328496
17,18,4.2190284880411214e-07,4.1168443049042056e-07,10.802550234153372,0.0,0.0,0.0,0.0,1.0218418313691583e-08,13.449233443756716,14.15883303588323,0.0019725846029689056,0.00013636989455925738,0.16310730454602462
18,19,4.113621878004152e-07,4.0113603838296687e-07,10.802460578209079,0.0,0.0,0.0,0.0,1.0226149417448352e-08,13.434654830732239,14.132235662600525,0.0019405145496804515,0.00013409051873136584,0.1631896800795263
19,20,4.0542456465233075e-07,3.9518628929982475e-07,10.802679842870488,0.0,0.0,0.0,0.0,1.023827535250599e-08,13.486577902349378,14.10050412941919,0.0018980857047600334,0.0003993174198281966,0.16335031854022888
20,21,3.994622881525063e-07,3.892213000161239e-07,10.802745426920671,0.0,0.0,0.0,0.0,1.0240988136382418e-08,13.510891247938583,14.09325971187944,0.001899969905180651,0.00012709833167469684,0.16338201097766514
21,22,3.9725744262271844e-07,3.8701389368978134e-07,10.802897347722421,0.0,0.0,0.0,0.0,1.0243548932937109e-08,13.551080007774921,14.089790634783009,0.0019013526702187995,8.313895891950015e-05,0.16341149452791512
22,23,3.956115259774631e-07,3.853657630020783e-07,10.803035744790968,0.0,0.0,0.0,0.0,1.0245762975384832e-08,13.584191720507981,14.088165432933229,0.0018972144505014108,9.764324811062802e-05,0.16342378943628136
23,24,3.8916591602658396e-07,3.7891227100444944e-07,10.803505124454974,0.0,0.0,0.0,0.0,1.0253645022134546e-08,13.681813635520246,14.084415093398185,0.001876263557507019,0.00013270782670901613,0.1634141677486149
24,25,3.78703724226184e-07,3.684354752230125e-07,10.804370887298234,0.0,0.0,0.0,0.0,1.0268249003171485e-08,13.825563899959828,14.081839451671641,0.0018347045472201257,0.00013152549114167975,0.16330426974518503
25,26,3.712422788225095e-07,3.609625780157555e-07,10.805258962991317,0.0,0.0,0.0,0.0,1.0279700806753949e-08,13.839411454033067,14.084214923111997,0.0018168618725242878,0.0002593795578614723,0.1631234653495445
26,27,3.6618350141444576e-07,3.5589816785469386e-07,10.8057420732887,0.0,0.0,0.0,0.0,1.0285333559751884e-08,13.817399561020228,14.093589059723223,0.0017984729350947702,0.0001222638199565964,0.16294376403351724
27,28,3.626077711307839e-07,3.523196329054171e-07,10.806112165990971,0.0,0.0,0.0,0.0,1.0288138225366822e-08,13.747599725650405,14.102413188357183,0.0017872374264242966,9.511831025959238e-05,0.1627939910569955
28,29,3.583542541179642e-07,3.480621572504472e-07,10.806687709047374,0.0,0.0,0.0,0.0,1.0292096867517016e-08,13.647681413609986,14.114412344578563,0.0017746665929418177,0.0001458191065644194,0.16262189858534587
29,30,3.5225531509227043e-07,3.419551626263733e-07,10.807784511714566,0.0,0.0,0.0,0.0,1.0300152465897109e-08,13.508421059358827,14.135728624627006,0.0017562994672526474,0.00017466736498352424,0.16238775913822728
30,31,3.4547151303045916e-07,3.3516038264612954e-07,10.80920412959085,0.0,0.0,0.0,0.0,1.0311130384329617e-08,13.389428700098719,14.166331172277216,0.0017356296673029512,0.00013860714639396456,0.16218570442297786
31,32,3.4202808557069537e-07,3.3170783216406993e-07,10.81048865970973,0.0,0.0,0.0,0.0,1.0320253406625441e-08,13.331248138852981,14.198708371671401,0.0017253675537423861,0.0001025590456125841,0.1620500698762689
32,33,3.401268041487016e-07,3.2980578330787955e-07,10.810611478506472,0.0,0.0,0.0,0.0,1.0321020840822052e-08,13.329456132315064,14.203607427335381,0.001723914180060997,3.8077214008883926e-05,0.16207797260101017
33,34,3.395394900341998e-07,3.292193777577752e-07,10.810523179976567,0.0,0.0,0.0,0.0,1.0320112276424578e-08,13.346281544834584,14.203681559530368,0.0017244627356179823,4.28283274212763e-05,0.16211214376781943
34,35,3.3820302752899115e-07,3.2788377677469743e-07,10.81054502450552,0.0,0.0,0.0,0.0,1.0319250754293709e-08,13.369091180286095,14.21384927517697,0.0017239128100537272,5.207301031581845e-05,0.16213714948909733
35,36,3.3557610472072254e-07,3.252558328025826e-07,10.811011690862776,0.0,0.0,0.0,0.0,1.0320271918139983e-08,13.385214767606541,14.247593418246137,0.0017204379332847882,5.906596898586911e-05,0.16209892133782794
36,37,3.3062210047438035e-07,3.202972667952326e-07,10.812348790030264,0.0,0.0,0.0,0.0,1.0324833679147726e-08,13.396809141528763,14.3274231526918,0.0017105300086259127,6.264156315460449e-05,0.16200308772378905
37,38,3.331983405475803e-07,3.228639983617625e-07,10.815180820830506,0.0,0.0,0.0,0.0,1.0334342185817788e-08,13.437992880544153,14.470900283522592,0.0017039690091626434,0.00015432844419670323,0.1617674611422127
38,39,3.2833821068648305e-07,3.1800949396107676e-07,10.813489389628721,0.0,0.0,0.0,0.0,1.032871672540631e-08,13.372795504666358,14.384286020038882,0.001698130811079976,7.677791106815362e-05,0.16190716372882932
39,40,3.2497390811207926e-07,3.1464053848986034e-07,10.814595529330422,0.0,0.0,0.0,0.0,1.0333369622218914e-08,13.44573092642388,14.436940039800362,0.0016892468095805904,3.5442950322788694e-05,0.16183278539366613
40,41,3.227156226320963e-07,3.1237809429914564e-07,10.815478337096117,0.0,0.0,0.0,0.0,1.0337528332950637e-08,13.497555939024657,14.466463647664064,0.001678566576233574,3.39504694466154e-05,0.16178737666862406
41,42,3.2106676711122223e-07,3.1072682055695755e-07,10.815992203273394,0.0,0.0,0.0,0.0,1.0339946554264679e-08,13.5186050383398,14.473731942343498,0.0016697063642428028,4.4515454689176924e-05,0.1617940944674637
42,43,3.178530650739893e-07,3.07509933336441e-07,10.816810958161096,0.0,0.0,0.0,0.0,1.034313173754826e-08,13.536827794093812,14.474341727975345,0.0016579137742984804,4.620245861803013e-05,0.1618141965938132
43,44,3.1061034809587443e-07,3.0025889024179113e-07,10.818755069186428,0.0,0.0,0.0,0.0,1.0351457854083293e-08,13.545874927920384,14.45588374997908,0.001632722877323644,6.160113561620995e-05,0.16171729244463776
44,45,3.0540565608100525e-07,2.950443678738708e-07,10.822055161519536,0.0,0.0,0.0,0.0,1.0361288207134451e-08,13.518016497504693,14.456821103638248,0.001633308346074053,0.00014627170291130084,0.161413186982487
45,46,3.0194292174840403e-07,2.9158165960042275e-07,10.821712874394253,0.0,0.0,0.0,0.0,1.0361262147981258e-08,13.475629423080168,14.409858273644527,0.0016203439902648877,3.6246810204520056e-05,0.161425067987217
46,47,3.011710128545023e-07,2.908099606875972e-07,10.821589346381991,0.0,0.0,0.0,0.0,1.0361052166905075e-08,13.456927538592382,14.396034209293434,0.0016212436640658458,2.1378338008717374e-05,0.16139014458399786
47,48,3.0083834019427283e-07,2.904776816260341e-07,10.821497790581573,0.0,0.0,0.0,0.0,1.0360658568238737e-08,13.438600822432834,14.385761005592716,0.0016214465703673147,1.6732627373194514e-05,0.16138449914501193
48,49,3.000814451451475e-07,2.897204226194987e-07,10.82144334811835,0.0,0.0,0.0,0.0,1.0361022525648786e-08,13.392481748150871,14.361996013619747,0.0016202334017126484,2.3894622046478592e-05,0.16139928023377248
49,50,2.988095039067973e-07,2.8844652548634563e-07,10.821519776109533,0.0,0.0,0.0,0.0,1.0362978420451708e-08,13.306639262398978,14.319220359301355,0.0016156595949040993,3.7292288272011915e-05,0.1614667654271186
50,51,2.97193583789673e-07,2.8682578602831467e-07,10.821883870902447,0.0,0.0,0.0,0.0,1.0367797761358315e-08,13.197632605235302,14.265552891969811,0.0016067233916604372,3.5558875917025036e-05,0.1615804207135557
51,52,2.9583021407707746e-07,2.8545188031204974e-07,10.822849851771167,0.0,0.0,0.0,0.0,1.0378333765027746e-08,13.077870004473667,14.198714853500281,0.0015915944676524348,8.284802277781792e-05,0.16165866199854084
52,53,2.937242772568726e-07,2.833423427820601e-07,10.82294745831465,0.0,0.0,0.0,0.0,1.0381934474812536e-08,13.028269218990165,14.16772511869668,0.0015840375410835826,3.535726009541681e-05,0.16173816769424423
53,54,2.9166281435421086e-07,2.8127437320117314e-07,10.823212351767506,0.0,0.0,0.0,0.0,1.0388441153037736e-08,12.994812194411363,14.137379256296084,0.0015742044148693171,3.227890823708165e-05,0.16182520576740028
54,55,2.9005803481815384e-07,2.7966331264106445e-07,10.823413569082378,0.0,0.0,0.0,0.0,1.039472217708938e-08,12.956004057437802,14.099248187437219,0.001567074207432946,4.808071046622069e-05,0.16188482677552063
55,56,2.874271442000901e-07,2.770213765735188e-07,10.823811466741805,0.0,0.0,0.0,0.0,1.0405767626571292e-08,12.852110463079184,14.012002930975394,0.001556346763008013,4.4824391960667295e-05,0.16196123903382284
56,57,2.8683539150528554e-07,2.764101137402288e-07,10.824414472870806,0.0,0.0,0.0,0.0,1.0425277765056748e-08,12.591674603398115,13.807477643629593,0.0015581996915188757,7.90002801812733e-05,0.16207668522029392
57,58,2.835332877111808e-07,2.731069531047932e-07,10.824736028023178,0.0,0.0,0.0,0.0,1.0426334606387536e-08,12.57873692681411,13.807107252954777,0.0015442991248111261,1.7297914910355264e-05,0.16205381940856067
58,59,2.831915098807252e-07,2.727684646588764e-07,10.824587849379963,0.0,0.0,0.0,0.0,1.0423045221848812e-08,12.596056598147994,13.82447040832568,0.001543474983900847,1.2020355293976999e-05,0.16201968932689062
59,60,2.8279179660782254e-07,2.723696513765159e-07,10.824640193855384,0.0,0.0,0.0,0.0,1.0422145231306671e-08,12.594618596683294,13.830626011536602,0.0015430346559647382,1.3363451510755325e-05,0.1619862584284588
60,61,2.8215486061928963e-07,2.7173269385442504e-07,10.824777621387211,0.0,0.0,0.0,0.0,1.0422166764864571e-08,12.576187901493427,13.828923696505846,0.0015430045620428363,2.3383746878811936e-05,0.16194447819265548
61,62,2.8113403539936566e-07,2.707084522378786e-07,10.82534162192873,0.0,0.0,0.0,0.0,1.0425583161487106e-08,12.546154802814558,13.827570517765267,0.0015417027436474876,3.268380319690496e-05,0.16188280455661178
62,63,2.7985951337716e-07,2.694276981339869e-07,10.826243527132924,0.0,0.0,0.0,0.0,1.0431815243173088e-08,12.508574375569099,13.824883847537595,0.0015390774765029565,3.2276253086747686e-05,0.16180946481864678
63,64,2.7875229827264143e-07,2.683110338953867e-07,10.827654587842494,0.0,0.0,0.0,0.0,1.0441264377254719e-08,12.492704963317518,13.839757732013847,0.0015329454362106355,2.8251601210312204e-05,0.16171595069651798
64,65,2.780652869792019e-07,2.676189020645741e-07,10.828411190786028,0.0,0.0,0.0,0.0,1.0446384914627819e-08,12.485767476856914,13.845732163914242,0.0015294035432969475,1.9551087223759726e-05,0.1616742211351525
65,66,2.775164789248459e-07,2.6706579730070694e-07,10.82909372308236,0.0,0.0,0.0,0.0,1.0450681624138935e-08,12.487604782322956,13.853496976256066,0.0015261807161079772,2.9085451604352252e-05,0.16163735838038085
66,67,2.7665393909075034e-07,2.661984125091995e-07,10.830103845583075,0.0,0.0,0.0,0.0,1.0455526581550827e-08,12.492829759885232,13.87369547533384,0.0015217945273219837,3.9173409798847714e-05,0.16155479471896056
67,68,2.7521676662367043e-07,2.647545496757084e-07,10.83191417152787,0.0,0.0,0.0,0.0,1.0462216947962062e-08,12.491926373366411,13.921553687310457,0.0015152578895112293,4.028909668991949e-05,0.16137953459154789
68,69,2.7327753841675904e-07,2.6280521997693707e-07,10.835056697985205,0.0,0.0,0.0,0.0,1.0472318439821993e-08,12.427453409336277,14.010920557875163,0.0015084087161146525,3.5154933121904367e-05,0.16115473717404666
69,70,2.7247262545483435e-07,2.619962199746444e-07,10.836489303916439,0.0,0.0,0.0,0.0,1.0476405480189996e-08,12.44908960060797,14.046823699802296,0.0015071192713598757,3.135363913671596e-05,0.16110525276968216
70,71,2.721588351671233e-07,2.6168430687977654e-07,10.836620309463516,0.0,0.0,0.0,0.0,1.0474528287346758e-08,12.457798704985052,14.06280026441255,0.0015071275852140357,1.6259637015112732e-05,0.16110658254470717
71,72,2.7197085551118994e-07,2.6149716900798086e-07,10.836636510571534,0.0,0.0,0.0,0.0,1.0473686503209103e-08,12.44990378302369,14.064360211327093,0.0015069656987743865,1.7120170071996398e-05,0.16113864276813847
72,73,2.716161017638363e-07,2.611429217861862e-07,10.836850245855285,0.0,0.0,0.0,0.0,1.0473179977650106e-08,12.438644894006249,14.069955591486295,0.0015060603816163076,2.956266534202671e-05,0.16120443512921814
73,74,2.710621714244024e-07,2.605861503670742e-07,10.837809311562536,0.0,0.0,0.0,0.0,1.0476021057328195e-08,12.43539831407449,14.083624790371383,0.0015038848452368547,4.3177260280930106e-05,0.16130365665105623
74,75,2.704101528356367e-07,2.5992629531135076e-07,10.83973544642829,0.0,0.0,0.0,0.0,1.0483857524285967e-08,12.450307324607794,14.106757749369825,0.0015004758668455945,4.075860142070862e-05,0.16141977209320477
75,76,2.6994326002626206e-07,2.594489440379379e-07,10.841783308674781,0.0,0.0,0.0,0.0,1.0494315988324166e-08,12.472783807815674,14.110943572684477,0.0014968796465979208,1.5717497454309403e-05,0.16150799738544377
76,77,2.698314284222405e-07,2.593337696686617e-07,10.842409779089609,0.0,0.0,0.0,0.0,1.0497658753578776e-08,12.48652205170322,14.113885677308788,0.0014956009496221185,5.686288708224475e-06,0.16150054796091384
77,78,2.6979025325193036e-07,2.5929139345341643e-07,10.842615105286308,0.0,0.0,0.0,0.0,1.0498859798513927e-08,12.49541990952179,14.115441010380373,0.0014951573055859164,1.0593106286672689e-05,0.16147752559057116
78,79,2.697554724686523e-07,2.592559721601537e-07,10.842738722011283,0.0,0.0,0.0,0.0,1.0499500308498572e-08,12.50123923977898,14.115915520623474,0.001494941234415813,1.3804624825247362e-05,0.1614565202226509
79,80,2.696680361322007e-07,2.591673366201043e-07,10.843016749202928,0.0,0.0,0.0,0.0,1.050069951209639e-08,12.511600318608359,14.11509793077504,0.0014944659488781255,1.8204171051346912e-05,0.1614143974909123
80,81,2.6951124822495576e-07,2.590087804180983e-07,10.843499710971056,0.0,0.0,0.0,0.0,1.0502467806857493e-08,12.524062378395092,14.110035125773896,0.0014937419478594182,2.141840494224824e-05,0.16135551983872648
81,82,2.692558679006594e-07,2.587508886122507e-07,10.844289120548755,0.0,0.0,0.0,0.0,1.0504979288408679e-08,12.536601491914258,14.096498849419412,0.0014928866543612645,2.026757193299473e-05,0.1612799013455799
82,83,2.689811500443809e-07,2.5847381888878033e-07,10.845119311135157,0.0,0.0,0.0,0.0,1.0507331155600529e-08,12.540492051980971,14.07780714032434,0.0014924968536819748,1.3696294461297777e-05,0.16122448613551416
83,84,2.70514399550058e-07,2.582828041712976e-07,10.845629191169563,0.0,1.7232340923949543e-09,0.0,0.0,1.050836128636541e-08,12.53246662449429,14.061450868294788,0.0014925486063668155,0.00019843614931999823,0.1612117222089536
84,85,2.689224190263582e-07,2.5841485687705855e-07,10.845233023044413,0.0,0.0,0.0,0.0,1.050756214929967e-08,12.538700820422244,14.074085615352178,0.0014924803883359374,1.0901006697969266e-05,0.16122162571691365
85,86,2.728287037138992e-07,2.5819991712978015e-07,10.845704974107361,0.0,4.120549716961804e-09,0.0,0.0,1.0508236867157242e-08,12.522577872900442,14.054066127627298,0.0014925660468703193,0.0003068506796720444,0.1612262454432392
86,87,2.688965559674038e-07,2.583889463816512e-07,10.845265833415153,0.0,0.0,0.0,0.0,1.050760958575263e-08,12.537574486309865,14.072652267047484,0.001492458312363354,9.67037167158639e-06,0.16122194858146852
87,88,2.701309719006838e-07,2.582318527588419e-07,10.845554869645147,0.0,1.3910951123854158e-09,0.0,0.0,1.0508024029456438e-08,12.52768766640729,14.060295380184577,0.0014924157532428847,0.0001782678463731067,0.16122478176767666
88,89,2.6887023477730726e-07,2.5836257353219076e-07,10.845301628009118,0.0,0.0,0.0,0.0,1.0507661245116523e-08,12.536346649787356,14.071095741111762,0.0014924374468520227,8.360686253511531e-06,0.1612223005180098
89,90,2.7404060640929576e-07,2.581512634043316e-07,10.845761554620239,0.0,5.381008928306344e-09,0.0,0.0,1.0508334076657788e-08,12.518669365519534,14.051495688951885,0.0014925797034107007,0.0003506710075826666,0.16123122752938177
90,91,2.6885587507373147e-07,2.5834818775838896e-07,10.845319240587939,0.0,0.0,0.0,0.0,1.0507687315342505e-08,12.53566609200019,14.070321651194465,0.0014924238022016795,7.704577561474933e-06,0.16122264481169263
91,92,2.708645464240084e-07,2.5818340271789463e-07,10.845610323823085,0.0,2.173029061577194e-09,0.0,0.0,1.0508114644536594e-08,12.524460454014102,14.057801086199486,0.0014923913038898215,0.00022280246751223961,0.16122830665105595
92,93,2.6884263345218297e-07,2.5833492125732646e-07,10.845336064298609,0.0,0.0,0.0,0.0,1.0507712194856498e-08,12.535016289416596,14.069584010286398,0.001492411840595781,7.093145813142829e-06,0.1612229734999997
93,94,2.6963003260230784e-07,2.582214785102165e-07,10.845516749410113,0.0,9.005761001080449e-10,0.0,0.0,1.0507977991983287e-08,12.528054161606601,14.061770409822255,0.001492350434632223,0.00014342949762902115,0.16122649231526512
94,95,2.6883175501621546e-07,2.583238611302007e-07,10.84535056125452,0.0,1.6027054524768173e-13,0.0,0.0,1.0507733615469531e-08,12.534456569497376,14.068949777145107,0.0014924028636554246,6.859140385598162e-06,0.16122325658573722
95,96,2.693688824642976e-07,2.588712436175279e-07,10.843090260369944,0.0,0.0,0.0,0.0,1.0497638846769738e-08,12.401450333703009,13.978860704926944,0.0014964435997513524,4.80883892924836e-05,0.1613580206250782
96,97,2.68685552382493e-07,2.581810203487734e-07,10.844624735268628,0.0,0.0,0.0,0.0,1.0504532033719617e-08,12.491900952195223,14.039463223961526,0.0014926423924121973,1.1652918759697824e-05,0.16126591076581265
97,98,2.686343795615144e-07,2.5812914510585187e-07,10.844794438036315,0.0,0.0,0.0,0.0,1.0505234455662513e-08,12.494964375443733,14.0408770995233,0.001492549794520919,1.3075701233843273e-05,0.16126440408880025
98,99,2.689804041142161e-07,2.579545751710605e-07,10.845474765951817,0.0,5.177838600877494e-10,0.0,0.0,1.0508045083067853e-08,12.50720622689074,14.046712262341707,0.0014922673320851552,0.00010996107903029835,0.16125839914161919
99,100,2.685801743165202e-07,2.580741411161623e-07,10.84498756875264,0.0,0.0,0.0,0.0,1.0506033200357938e-08,12.4984459551344,14.042506462327736,0.0014924520369533451,1.5040977146374306e-05,0.16126269369034898
100,101,3.3078338997033586e-07,2.572195669430777e-07,10.848895139204068,0.0,6.304336726634235e-08,0.0,0.0,1.0520455760915823e-08,12.569071252669959,14.070495412108869,0.001492143979580306,0.001199727089335464,0.1611484080012047
101,102,2.6856695017627415e-07,2.580607676938633e-07,10.845027612455947,0.0,0.0,0.0,0.0,1.0506182482410861e-08,12.4991031484158,14.04274205773179,0.0014924305632660379,1.515703192449627e-05,0.16126150492120794
102,103,2.9500794856677803e-07,2.574068799351153e-07,10.84757010050047,0.0,2.7085471217180176e-08,0.0,0.0,1.0515597414482512e-08,12.54127753749399,14.059892045755024,0.0014918200355173792,0.0007862214200666613,0.1611867788042386
103,104,2.6855499045358964e-07,2.580478159974815e-07,10.845066667876825,0.0,8.464062354322763e-13,0.0,0.0,1.050632804987276e-08,12.499743809617105,14.042972887453995,0.0014924107583118992,1.5763091028991075e-05,0.16126034585036716
104,105,2.683393474793308e-07,2.5776602429568823e-07,10.845311412997267,0.0,6.5943222982385e-11,0.0,0.0,1.0507379960660186e-08,12.494046668626146,14.037088223404389,0.0014921963476013224,4.23977579808194e-05,0.16125113238929908
105,106,2.679282297882403e-07,2.574162329988898e-07,10.846226413714843,0.0,0.0,0.0,0.0,1.0511996789350507e-08,12.519073287206314,14.002055091127696,0.0014951093624283331,3.903422578719771e-05,0.16118487770401047
106,107,2.673813607364278e-07,2.568670756178265e-07,10.846555907026245,0.0,0.0,0.0,0.0,1.0514285118601312e-08,12.532306644227813,14.014925099027458,0.0014921922675188563,2.1820748576718246e-05,0.16114590027494588
107,108,2.6712507203963717e-07,2.565858235831662e-07,10.847063723722991,0.0,2.2335033065040907e-11,0.0,0.0,1.0516913423405899e-08,12.561407064924195,14.017229795865985,0.0014914699435243611,2.3106640481984755e-05,0.16105734198831534
108,109,2.6703082743559973e-07,2.5650956100645064e-07,10.847206063747791,0.0,3.713383979177764e-12,0.0,0.0,1.0517553045169916e-08,12.576763854949402,14.012335414146442,0.0014915243647460276,1.3430012111065121e-05,0.16101342670956909
109,110,2.6695287606413775e-07,2.564330033776259e-07,10.847553359492558,0.0,5.107396740706139e-13,0.0,0.0,1.0519361946837816e-08,12.591450928710593,14.003449151005913,0.0014918352418617348,1.4159527524745406e-05,0.16097097012227557
110,111,2.6680143903240887e-07,2.5627929607731897e-07,10.848164835737792,0.0,0.0,0.0,0.0,1.0522142955089915e-08,12.618238731646484,13.998999432813799,0.001492036881368838,1.757035977793466e-05,0.16091646018242703
111,112,2.663499307249745e-07,2.558188688944535e-07,10.85025587560016,0.0,0.0,0.0,0.0,1.0531061830521003e-08,12.706170882106473,14.01149897774472,0.0014922301263974084,1.9037920654949247e-05,0.16071520659543134
112,113,2.6570992717373807e-07,2.5516730243778065e-07,10.853350883987076,0.0,0.0,0.0,0.0,1.054262473595741e-08,12.854168726688034,14.08471113796042,0.0014917557861588518,1.0489691836625246e-05,0.16050139719299455
113,114,2.65429590792385e-07,2.5487941075681896e-07,10.855154379689479,0.0,0.0,0.0,0.0,1.0550180035566026e-08,12.929640690566075,14.141671172387005,0.0014903999481150944,5.810361261319542e-06,0.16045195352247035
114,115,2.6531746807881173e-07,2.5476731341057714e-07,10.855305718832977,0.0,0.0,0.0,0.0,1.0550154668234608e-08,12.936408170107994,14.159816542835191,0.001490266464163761,6.254454865809175e-06,0.16049586764689344
115,116,2.651584128570023e-07,2.546075772363964e-07,10.855407600807707,0.0,0.0,0.0,0.0,1.0550835620605903e-08,12.9405981328992,14.17770953621529,0.0014890263567657915,8.252588381213924e-06,0.16057437052606585
116,117,2.6490918317550105e-07,2.5435815172991823e-07,10.855409919742442,0.0,0.0,0.0,0.0,1.0551031445582823e-08,12.952353285568346,14.201029514562236,0.0014872617916043816,1.3720695599198471e-05,0.1606848581498445
117,118,2.646099741024048e-07,2.540567702803203e-07,10.855889156736405,0.0,0.0,0.0,0.0,1.0553203822084525e-08,12.994900796032105,14.232640194938492,0.0014859191905657143,1.8287572515821216e-05,0.16069034082201888
118,119,2.6440259831220127e-07,2.5378489605852295e-07,10.856866667277902,0.0,6.050016904414181e-11,0.0,0.0,1.0557202084634164e-08,13.061702180888517,14.266101907535946,0.0014854791082473224,3.798397532764203e-05,0.16054973626282584
119,120,2.6430732368076085e-07,2.537538523497609e-07,10.85614590004128,0.0,0.0,0.0,0.0,1.0553471330999924e-08,13.064528240907185,14.263929945751967,0.0014847086947270714,1.3681345066171991e-05,0.16050356862692827
120,121,2.642190099637537e-07,2.5366039230864166e-07,10.857008674365613,0.0,1.4388273407589112e-12,0.0,0.0,1.0557178827771271e-08,13.093499143128952,14.271818173547665,0.0014853871252187973,8.534591079558201e-06,0.1604687366402791
121,122,2.641506101669348e-07,2.535835158646376e-07,10.858181425926503,0.0,4.910989690015526e-12,0.0,0.0,1.0562183312607263e-08,13.136064839181241,14.290584761795204,0.0014862945094320107,1.1662886859291704e-05,0.16041050524300018
122,123,2.640640430600103e-07,2.5349725036662436e-07,10.859077148357407,0.0,9.290463690031907e-13,0.0,0.0,1.0565863647016954e-08,13.177074929353207,14.314042591932932,0.001486821385100882,6.6828054100032794e-06,0.16035643833498678
123,124,2.638175884914497e-07,2.5324219066820636e-07,10.86147001668445,0.0,1.9933065139059996e-13,0.0,0.0,1.0575198492591915e-08,13.301602363806639,14.396135185635854,0.001487499778085083,8.013392286479297e-06,0.16018244120560968
124,125,2.6335156003728806e-07,2.5276554104907373e-07,10.864543937619286,0.0,0.0,0.0,0.0,1.0586018988214346e-08,13.489960906643788,14.536605893343747,0.001487846980609928,1.0717054966699812e-05,0.15992707413384108
125,126,2.623888117937695e-07,2.517769156727754e-07,10.86978169845431,0.0,9.75415242753237e-12,0.0,0.0,1.0602141968566622e-08,13.863329772678142,14.839262017921826,0.0014867379107969107,2.5013552445506346e-05,0.15939748033668233
126,127,2.615136040396089e-07,2.509089745105832e-07,10.872135458222894,0.0,0.0,0.0,0.0,1.06046295290257e-08,14.19367361805333,15.138407540243586,0.0014827887669390226,6.345157688401362e-05,0.1589264140592772
127,128,2.6112457335248817e-07,2.505203825331362e-07,10.872923041434282,0.0,0.0,0.0,0.0,1.0604190819351983e-08,14.316051819590514,15.242569815008174,0.0014821310493239627,1.6912267464837692e-05,0.15877495009661113
128,129,2.610005730194799e-07,2.5040101616211406e-07,10.871760164788991,0.0,0.0,0.0,0.0,1.0599556857365844e-08,14.268908109819712,15.203757759393678,0.0014819632910722921,1.6148843675665014e-05,0.1587843716169536
129,130,2.6092965765782915e-07,2.5033313898870873e-07,10.870924192173485,0.0,0.0,0.0,0.0,1.059651866912041e-08,14.244330677750696,15.18589949292489,0.0014819957791411143,8.564140354083746e-06,0.1588042032747089
130,131,2.6086369771787015e-07,2.502711930411427e-07,10.869799775661036,0.0,0.0,0.0,0.0,1.0592504676727469e-08,14.210527603049517,15.148582956140821,0.0014818840688523487,1.1488648301299321e-05,0.15886279988824512
131,132,2.608149554540408e-07,2.5022445923074316e-07,10.869253091945822,0.0,0.0,0.0,0.0,1.0590496223297646e-08,14.193958333130109,15.130922847388339,0.0014814871171705902,1.298888186740746e-05,0.15889048728478894
132,133,2.6067417688333765e-07,2.500871710794009e-07,10.868430574450635,0.0,0.0,0.0,0.0,1.0587005803936729e-08,14.180809141359209,15.114450950257398,0.0014804351847792518,1.5280688531068524e-05,0.15891051706295298
133,134,2.604231821207401e-07,2.498396301743187e-07,10.867835453887265,0.0,0.0,0.0,0.0,1.0583551946421381e-08,14.202616059828213,15.123941625026355,0.0014790845274934338,1.8009455837282905e-05,0.15886729417229067
134,135,2.5996649957356065e-07,2.493849695096606e-07,10.868033612846876,0.0,0.0,0.0,0.0,1.0581530063900052e-08,14.311802819786205,15.195061585749409,0.0014775283882457674,2.0942616875600657e-05,0.15866919256987794
135,136,2.9896968682026317e-07,2.4890243724765185e-07,10.869566769187218,0.0,0.0,3.948318876502459e-08,0.0,1.0584060807586714e-08,14.484603836623883,15.317247639130931,0.0014769547429906063,0.0013291219531792625,0.15833636206742788
136,137,2.5983784589568085e-07,2.4925580823203015e-07,10.868340538355502,0.0,0.0,0.0,0.0,1.0582037663650688e-08,14.346731447882272,15.219464050451126,0.0014773207972674583,2.0222376262406266e-05,0.15860158661801374
137,138,9.070542818729663e-07,2.484311155573531e-07,10.87222386749849,0.0,0.0,6.48032053023259e-07,0.0,1.059111329235416e-08,14.67923444107942,15.465983069674301,0.001477444898282261,0.007114223193352857,0.15792141251812772
138,139,2.5983412366909567e-07,2.492520604162739e-07,10.868351375448261,0.0,0.0,0.0,0.0,1.0582063252821733e-08,14.347679748337002,15.220141955143525,0.0014773163453027276,2.0190633846234686e-05,0.15859963104203623
139,140,4.4535447639474857e-07,2.4860388437892754e-07,10.870884196702097,0.0,0.0,1.8616258902726987e-07,0.0,1.058800298855118e-08,14.566144232013748,15.38014195879445,0.0014769968158964738,0.0035818092839467637,0.15815155390365618
140,141,2.5977668478146286e-07,2.491942189544783e-07,10.868521952640222,0.0,0.0,0.0,0.0,1.0582465826984554e-08,14.36259053194855,15.230819931427028,0.001477248706993748,1.9701352117068355e-05,0.15856889457473008
141,142,3.119203375517919e-07,2.487639932488221e-07,10.870072332981303,0.0,0.0,5.257023654585256e-08,0.0,1.0586107757117226e-08,14.49679425009665,15.32852283688846,0.0014769206693635785,0.00153448389848422,0.15829327890512937
142,143,2.597632140054171e-07,2.4918065157768265e-07,10.868562907902277,0.0,0.0,0.0,0.0,1.0582562427734435e-08,14.366166229959251,15.233385836501558,0.0014772330253389793,1.9586733171117874e-05,0.158561527237735
143,144,2.7304096253444715e-07,2.488887658065753e-07,10.869555538607118,0.0,0.0,1.3567299584185423e-08,0.0,1.0584897143686451e-08,14.452320895247631,15.295826407007898,0.0014769718915080235,0.0007775994011616553,0.15838441294700836
144,145,2.5971341209668476e-07,2.4913048476411273e-07,10.868717697940456,0.0,0.0,0.0,0.0,1.0582927332572064e-08,14.379665379771378,15.243091119732231,0.0014771738666031244,1.9163296372179256e-05,0.15853372570617769
145,146,2.62434028255697e-07,2.489656966002345e-07,10.869269561242827,0.0,0.0,2.8841058587536436e-09,0.0,1.0584225796708862e-08,14.427599285177699,15.277788193347948,0.0014770289998499958,0.00035858535237888006,0.15843515750377982
146,147,2.596746823121369e-07,2.490914621728028e-07,10.868841999673638,0.0,0.0,0.0,0.0,1.0583220139334101e-08,14.390488350952165,15.250893320972573,0.001477131721402913,1.8834223682951535e-05,0.15851144941668202
147,148,6.08795134937197e-06,2.480968248703849e-07,10.874374710147325,0.0,0.0,1.6881095310925055e-06,4.141147837229092e-06,1.0597156179987739e-08,14.823891817225647,15.580351628632839,0.0014779383272120845,0.08024553895610705,0.157586493279678
148,149,3.116720248449663e-07,2.487213872580915e-07,10.870168694075137,0.0,0.0,5.236404049135107e-08,0.0,1.0586597095523735e-08,14.496611810353595,15.328561175300567,0.0014768805854691554,0.001531331019532007,0.1582834640351146
149,150,2.5967265369416773e-07,2.490894168849495e-07,10.868848526003962,0.0,0.0,0.0,0.0,1.0583236809218222e-08,14.391013935014943,15.25127322848703,0.0014771299339030972,1.8813801948913825e-05,0.15851031770284726
150,151,2.7838004828076135e-07,2.488371499633101e-07,10.869717411159337,0.0,0.0,1.8957447288853656e-08,0.0,1.0585451028597576e-08,14.460674351599707,15.302043760525091,0.0014769337186769397,0.0009194623029467986,0.158360551931352
151,152,2.596695674366627e-07,2.490863052315766e-07,10.868858469030778,0.0,0.0,0.0,0.0,1.0583262205086109e-08,14.391814607485504,15.251852068584466,0.0014771272110980702,1.878272673276789e-05,0.15850859370560902
152,153,2.6561981361957673e-07,2.489178495304957e-07,10.869424338414861,0.0,0.0,6.1172587803221426e-09,0.0,1.0584705308758922e-08,14.437247274455139,15.284876746695698,0.0014769915919407215,0.0005219184257231282,0.1584108681229502
153,154,2.5966096396231597e-07,2.4907763073753137e-07,10.868886277564766,0.0,0.0,0.0,0.0,1.058333322478458e-08,14.394053482909284,15.25347122755716,0.0014771195991653688,1.8696057720286526e-05,0.15850377331365192
154,155,2.6122704946103295e-07,2.4897058849893057e-07,10.86924099127779,0.0,0.0,1.6722227603809063e-09,0.0,1.0584238201721458e-08,14.42255552095003,15.274158801819134,0.0014770317752029285,0.00027330839279800885,0.15844244880003347
155,156,2.5964377003681616e-07,2.4906029387661196e-07,10.868942257974481,0.0,0.0,0.0,0.0,1.0583476160204208e-08,14.398558542657478,15.256731889388632,0.0014771042900062886,1.852266201027117e-05,0.15849407517984074
156,157,2.599908039129415e-07,2.4900059739150547e-07,10.869139296470342,0.0,0.0,4.0622759862662584e-10,0.0,1.0583978922809446e-08,14.414394729615335,15.268221284892215,0.0014770541375186505,0.00013583733244067306,0.15845999958143472
157,158,2.5962973982238303e-07,2.490461460162618e-07,10.868988346308639,0.0,0.0,0.0,0.0,1.0583593806121267e-08,14.402265583752424,15.259417562884021,0.001477091917752866,1.838097681364922e-05,0.15848609640452643
158,159,2.5969336134570706e-07,2.490159583563084e-07,10.869087941353657,0.0,0.0,9.355505348201492e-11,0.0,1.0583847935916612e-08,14.410270354357626,15.265224860121663,0.0014770658620550346,6.737500093170157e-05,0.15846887194237144
159,160,2.5962027556342856e-07,2.4903660187413484e-07,10.869019647348093,0.0,0.0,0.0,0.0,1.058367368929372e-08,14.404782230825981,15.261242158775573,0.001477083681745508,1.8285298305947264e-05,0.158480680493152
160,161,2.596310358417777e-07,2.49022951432506e-07,10.869064714827415,0.0,0.0,2.4295726874729188e-11,0.0,1.0583788682396957e-08,14.408404296935363,15.263870094864998,0.0014770718335424674,3.797380623097769e-05,0.15847288673520896
161,162,2.596150076727533e-07,2.490312893343396e-07,10.86903714471174,0.0,0.0,0.0,0.0,1.0583718338413694e-08,14.406188690358729,15.262262328278364,0.0014770790802935744,1.8232005822228503e-05,0.15847765400518718
162,163,2.5961863184512416e-07,2.4902578212660183e-07,10.869055339918205,0.0,0.0,9.084954655383091e-12,0.0,1.058376476386694e-08,14.407650975142616,15.263323348810367,0.0014770742972209329,2.7487879766624703e-05,0.15847450758835224
163,164,2.596150076727533e-07,2.490312893343396e-07,10.86903714471174,0.0,0.0,0.0,0.0,1.0583718338413694e-08,14.406188690358729,15.262262328278364,0.0014770790802935744,1.8232005822228503e-05,0.15847765400518718
164,165,1.784269184437203e-05,2.478774401977243e-07,10.875982120298957,0.0,0.0,2.7655902033360103e-06,1.4818622558301671e-05,1.0601642536623448e-08,14.930130879259725,15.666399072311226,0.0014782600678717897,0.14758058548739875,0.15733489181910065
165,166,3.227267166633878e-07,2.4867570332151735e-07,10.87032051484978,0.0,0.0,6.346393760577899e-08,0.0,1.058707573609145e-08,14.50562958341825,15.335216501654553,0.0014768406166142435,0.0017373786731139057,0.15825905748116048
166,167,2.5961380166208627e-07,2.49030064213457e-07,10.86904115851662,0.0,0.0,8.57547079446204e-15,0.0,1.0583728873158527e-08,14.406501637784396,15.262489203573388,0.0014770779737894256,1.8250372980010145e-05,0.15847696466963967
167,168,2.67224984387468e-07,2.515169868072288e-07,10.874394192392963,0.0,6.712662649169957e-10,4.437728973601167e-09,0.0,1.059900234172101e-08,14.448716557877626,15.329813415073664,0.0014969487459484017,0.0004496394261437072,0.15713642616170084
168,169,2.5887740650076563e-07,2.482882153713637e-07,10.870901492308821,0.0,0.0,0.0,0.0,1.0589191129401949e-08,14.41079720931462,15.278326775523965,0.0014789558751618576,1.881593557569902e-05,0.15799326621423762
169,170,2.5877615964187324e-07,2.481860851135382e-07,10.871069478121498,0.0,0.0,0.0,0.0,1.0590074528335052e-08,14.411439325523578,15.280674835316407,0.001477953956046978,7.561604552253208e-06,0.158008866186372
170,171,2.586605900759716e-07,2.480572451338002e-07,10.87135392530412,0.0,0.0,1.2115134116473198e-11,0.0,1.0591229808054914e-08,14.413947017260538,15.286639376530193,0.0014767495620730325,2.7410285184422454e-05,0.15797794260836973
171,172,2.5863301403948016e-07,2.480391115503516e-07,10.87207701521429,0.0,0.0,0.0,0.0,1.0593902489128574e-08,14.406464229566316,15.294623393540128,0.0014757068314245768,3.4651467062785255e-05,0.15788100657605766
172,173,2.5852454092319277e-07,2.479323930321105e-07,10.871660553761691,0.0,0.0,0.0,0.0,1.0592147891082246e-08,14.407186784229497,15.286025010471441,0.0014762714471463418,1.9107122496225e-05,0.1578607904387215
173,174,2.584520374416215e-07,2.4786237097842906e-07,10.871131419073036,0.0,0.0,0.0,0.0,1.058966646319247e-08,14.407596907028239,15.276123381337598,0.001476793350668374,3.79790028595698e-06,0.15779620020820123
174,175,2.5843497721764694e-07,2.4784596838296093e-07,10.871025797978207,0.0,0.0,0.0,0.0,1.0589008834685988e-08,14.407748203744159,15.274780400300855,0.0014767941497306357,3.511179585336138e-06,0.15775313362446153
175,176,2.584265024249823e-07,2.4783766591312876e-07,10.87102426249459,0.0,0.0,0.0,0.0,1.0588836511853568e-08,14.40817473254292,15.276147653778835,0.0014766245235866165,2.7241579620579403e-06,0.15772882100757504
176,177,2.584136539524262e-07,2.478248638536064e-07,10.871047843515202,0.0,0.0,0.0,0.0,1.0588790098819801e-08,14.409276883664514,15.278506215856716,0.0014764235054680209,2.6109723041159567e-06,0.15770832224378742
177,178,2.5839128791924784e-07,2.4777513829349216e-07,10.87117190081409,0.0,0.0,2.7354720326891007e-11,0.0,1.0588794905428805e-08,14.415275190826055,15.288847905519106,0.0014758651172056979,3.449218817824462e-05,0.15763476570003115
178,179,2.583923309229669e-07,2.4780353932964226e-07,10.87109224299872,0.0,0.0,0.0,0.0,1.058879159332465e-08,14.411426153267671,15.282208105915927,0.0014762130029318656,3.856597653327756e-06,0.15768194763675786
179,180,2.595852479035578e-07,2.4768532729570196e-07,10.871455390117209,0.0,0.0,1.3107428399438431e-09,0.0,1.0589177767912003e-08,14.42821618969916,15.308007557629868,0.0014752780596248999,0.00024155811973357994,0.15750998036291775
180,181,2.583811283055583e-07,2.477923106267081e-07,10.871117003996826,0.0,0.0,0.0,0.0,1.0588817678850196e-08,14.412575873014507,15.28396789391353,0.001476141049368351,4.453174857673334e-06,0.1576701452691833
181,182,2.5885139610691615e-07,2.4771220270715375e-07,10.871339884009691,0.0,0.0,5.501392947056137e-10,0.0,1.0589054105056795e-08,14.422892376075371,15.299803780496664,0.0014755442680037226,0.00015608489792446283,0.1575644176061996
182,183,2.583733321988257e-07,2.4778351609116447e-07,10.871137161653435,0.0,0.0,9.771660579896857e-13,0.0,1.0588838941603255e-08,14.41351131141506,15.285400444906124,0.0014760825363444481,7.173579014607798e-06,0.15766054549281577
183,184,2.5835305614693825e-07,2.47738801961047e-07,10.871317022459525,0.0,0.0,2.4773116381908624e-11,0.0,1.0589481069509318e-08,14.415459855525564,15.2909619960822,0.0014758660129133281,3.2881154748381345e-05,0.15763381118874578
184,185,2.58239337154499e-07,2.476343842054779e-07,10.871943771718367,0.0,0.0,1.297472407896464e-11,0.0,1.0591978224942177e-08,14.416237095949342,15.30517537048761,0.0014754394615590007,2.849444072014593e-05,0.15757698975114587
185,186,2.579943985961985e-07,2.472863185401009e-07,10.873698163130804,0.0,0.0,1.1008274386389996e-10,0.0,1.0597997312233678e-08,14.423627633239837,15.352187723117995,0.0014752530343280347,7.250538246411593e-05,0.15726498793995533
186,187,2.5816056004655213e-07,2.475580202133426e-07,10.872252754507251,0.0,0.0,9.496129784240505e-12,0.0,1.0593043703425282e-08,14.416911543409547,15.313358530342608,0.001475374814974167,2.749441907323433e-05,0.15752126088522816
187,188,2.579535101215405e-07,2.473558262479533e-07,10.873251301137152,0.0,0.0,1.212754995128877e-12,0.0,1.0596471118592088e-08,14.41894590821759,15.340089315791918,0.001475266913922986,2.764768030096876e-05,0.1573434549729682
188,189,2.941936267008997e-07,2.4675853415067604e-07,10.876123195411074,0.0,6.571243357432959e-09,3.0041481632358656e-08,2.167523810286597e-10,1.0605615179403362e-08,14.491998979422277,15.423677374744154,0.0014760338578254765,0.001173231047292255,0.15661762850464778
189,190,2.579394794203024e-07,2.473417536976796e-07,10.873297070890983,0.0,0.0,1.107512667944139e-12,0.0,1.059661820995487e-08,14.419085114663128,15.341392081165962,0.0014752710430122544,2.771134306981474e-05,0.15733146565581665
190,191,2.7164008864360334e-07,2.468997683989647e-07,10.875143492167734,0.0,2.19721492473658e-09,1.1940590941820135e-08,0.0,1.0602514378081887e-08,14.46519408516207,15.39476193580635,0.0014756337773556437,0.0007316414303133565,0.15685942353470395
191,192,2.579263186089026e-07,2.4732854879397253e-07,10.873340493568131,0.0,0.0,1.0121003836360494e-12,0.0,1.0596757714546475e-08,14.419217027194641,15.342628988983021,0.0014752749951823959,2.7773971356920154e-05,0.15732010455363202
192,193,2.629551674202316e-07,2.470218530899475e-07,10.874522658178687,0.0,7.027917118793229e-10,4.629982812815376e-09,0.0,1.0600539805589439e-08,14.44793305483155,15.376645795805754,0.0014754670033599862,0.00045185978770135514,0.1570156785662966
193,194,2.579113124141792e-07,2.4731348640846586e-07,10.873390603088044,0.0,0.0,9.07356605875953e-13,0.0,1.0596918649107469e-08,14.419369066028786,15.344057516634761,0.001475279597953117,2.7848890906007314e-05,0.157307010074586
194,195,2.596810171928898e-07,2.471115295921416e-07,10.874134640225922,0.0,2.0498309249205345e-10,1.7652027887252662e-09,0.0,1.0599301719530816e-08,14.437032394081069,15.365409401550652,0.00147537915322565,0.0002777658337916473,0.1571145812761389
195,196,2.578949607362915e-07,2.4729706605154804e-07,10.87344595657139,0.0,0.0,7.983249279968223e-13,0.0,1.0597096359815473e-08,14.419536783000837,15.345636957646182,0.0014752856652836537,2.7934879764798742e-05,0.15729256532851554
196,197,2.585032426069261e-07,2.471710717126973e-07,10.873899324865217,0.0,5.081564292048507e-11,6.828059204744594e-10,0.0,1.0598549330833835e-08,14.430378366979905,15.35862839339742,0.0014753400610076144,0.00017359576849533854,0.15717503999316393
197,198,2.5787986792878796e-07,2.4728190267669964e-07,10.873497769678403,0.0,0.0,7.026100195936268e-13,0.0,1.0597262642068712e-08,14.419693552297677,15.347116721212373,0.001475291405978617,2.8018373294685627e-05,0.15727906348364526
198,199,2.5809891675464383e-07,2.472075441839219e-07,10.873762399109093,0.0,9.109730323717135e-12,2.8415185918769143e-10,0.0,1.0598110981210532e-08,14.426491236950637,15.354694481503206,0.0014753214335987436,0.0001139958372134228,0.15721038892273156
199,200,2.5787099351572593e-07,2.472709654736385e-07,10.873535571281016,0.0,0.0,2.6441222509097593e-12,0.0,1.0597383919836515e-08,14.420026881122354,15.348197137107451,0.00147529562304501,3.05435941636268e-05,0.1572692244295368
200,201,4.992911440353764e-07,2.4828497501319925e-07,10.877650857138821,0.0,5.5850156335939564e-08,4.6177521950244883e-10,1.8408487997061665e-07,1.0609357496118537e-08,14.45067111040175,15.489521699699942,0.0014833297165144283,0.0014386282086304373,0.1547976478843128
201,202,2.577342642228669e-07,2.4704286079991014e-07,10.873847688464473,0.0,9.232672339819078e-11,7.409313096117486e-13,0.0,1.0598335768248988e-08,14.421871148092634,15.357095515717948,0.0014751643618479118,5.692945989476247e-05,0.157071937124719
202,203,2.575752713197456e-07,2.469646730492317e-07,10.87181548880272,0.0,0.0,2.3870533427602466e-11,0.0,1.0586727737086277e-08,14.426383073010497,15.378255992014488,0.001475176223660021,5.120029468442921e-05,0.15644681083258646
203,204,2.572092360088234e-07,2.466190187743522e-07,10.872360200989661,0.0,0.0,1.1350542512492224e-13,0.0,1.0590103729046054e-08,14.423690122455582,15.36042416003632,0.001475440779403823,1.0483414151937133e-05,0.15663990143355272
204,205,2.5713112734347153e-07,2.465390642304574e-07,10.872509048441664,0.0,0.0,1.4654181045223014e-12,0.0,1.0590597694909553e-08,14.424929827119012,15.359153710731634,0.001475983982492601,8.539088383480057e-06,0.15655417151950765
205,206,2.5715668857464717e-07,2.464669154888037e-07,10.872866869500644,0.0,9.727717746289148e-11,4.549257118270976e-13,0.0,1.0592040982668728e-08,14.426331280885613,15.363154972091078,0.0014767987559222747,4.8417658459394764e-05,0.15639506157342917
206,207,2.5710557098791695e-07,2.465027885072509e-07,10.87265751273388,0.0,1.0722790091446102e-11,8.616907680383214e-13,0.0,1.0591197999806554e-08,14.425491330975365,15.360782521812148,0.001476299825554074,1.7580072246212205e-05,0.156487871207677
207,208,2.5708361195666685e-07,2.464855059844256e-07,10.872669434457604,0.0,6.767719977032097e-12,0.0,0.0,1.0591338252264233e-08,14.42540230589557,15.361075883746746,0.0014764671608495823,1.3967716912977283e-05,0.15643329238680553
208,209,2.570456656504527e-07,2.464491581122756e-07,10.872768288842067,0.0,4.914617974165262e-12,0.0,0.0,1.0591592920202913e-08,14.42613065242248,15.36410163978067,0.00147686517810313,1.2847235429117318e-05,0.15630238490028348
209,210,2.569582633869075e-07,2.4636327889748416e-07,10.87308563112947,0.0,2.030229216888829e-12,0.0,0.0,1.0592954260206423e-08,14.426533647839497,15.368216484320524,0.0014772000348831898,1.2184386976893088e-05,0.15613321502888838
210,211,2.6362332904636635e-07,2.461177923817301e-07,10.874274990978726,0.0,1.5777169864035034e-11,0.0,6.8915226746932246e-09,1.0598236820078983e-08,14.426806476474916,15.381990236426445,0.00147766067386361,0.00013350064588230954,0.15569708327418857
211,212,2.569415349868201e-07,2.463464507967364e-07,10.873147834497374,0.0,1.851286803322345e-12,0.0,0.0,1.0593232903280366e-08,14.426537397860447,15.368887821604652,0.0014772175767618365,1.2210874711970673e-05,0.1561099471482445
212,213,2.588593072115906e-07,2.4618060189090947e-07,10.873887377708044,0.0,5.2298642530817794e-12,0.0,2.0769500064719438e-09,1.0596525449956064e-08,14.426671956045928,15.3772896117102,0.0014774710632873501,7.450787920879219e-05,0.15583723408742153
213,214,2.5691760147103484e-07,2.4632224679681776e-07,10.873240439413621,0.0,1.707444006641727e-12,0.0,0.0,1.0593647230210483e-08,14.426545198858545,15.369897665082963,0.001477243893685743,1.2378871795638081e-05,0.15607540398134895
214,215,2.5741947449670143e-07,2.4622378253978424e-07,10.873665962526765,0.0,2.851239361545464e-12,0.0,5.972971943875638e-10,1.0595543523168064e-08,14.42661456351649,15.374694516789067,0.0014773871507634405,4.223806042194942e-05,0.1559181378532474
215,216,2.5689716021284175e-07,2.463014518655941e-07,10.873323260498424,0.0,1.6910681658242898e-12,0.0,0.0,1.059401727908185e-08,14.426554407436779,15.37081126158773,0.0014772698602562816,1.2642779054549255e-05,0.1560446076683407
216,217,2.9881939258862627e-07,2.45812808127855e-07,10.875597247222288,0.0,1.1280052151215828e-10,0.0,4.2289463109780454e-08,1.060432082947868e-08,14.425535573709123,15.39793749765947,0.001476937345304188,0.0003286216116680687,0.15529395417774264
217,218,2.5689078005156577e-07,2.4629505630153064e-07,10.873343720204007,0.0,1.6123713040866748e-12,0.0,0.0,1.0594111378731072e-08,14.426541052998964,15.371029342717586,0.001477264031523895,1.2599143711713273e-05,0.1560376100742723
218,219,2.7352697149277154e-07,2.4593229374064305e-07,10.874815676761674,0.0,2.150980402736995e-11,0.0,1.697235472073023e-08,1.0600813227370895e-08,14.425783571328811,15.387987077564063,0.0014769740276931328,0.0002056827712619619,0.1555460326431855
219,220,2.5688423713357834e-07,2.4628848977134954e-07,10.873364857431735,0.0,1.5387962546052191e-12,0.0,0.0,1.0594208565974174e-08,14.426527340711154,15.371255177508816,0.001477258015314974,1.2561240603814403e-05,0.1560303856981762
220,221,2.635500530976501e-07,2.4603458339838214e-07,10.87431589359127,0.0,5.2731205905505286e-12,0.0,6.911644280683219e-09,1.0598552297994247e-08,14.425996903870782,15.381957722442307,0.001477040269849661,0.00013100533910370801,0.15571039018826557
221,222,2.568776644558531e-07,2.462818856571637e-07,10.873386251330526,0.0,1.4718947654877665e-12,0.0,0.0,1.0594306903923988e-08,14.42651354909598,15.371484303938482,0.0014772522122983615,1.2529967421708004e-05,0.15602307870194562
222,223,2.5957390379844514e-07,2.4611082441894826e-07,10.873997108525163,0.0,2.0573838708105686e-12,0.0,2.863919502351474e-09,1.0597102493274577e-08,14.42615615204128,15.378254715975412,0.0014770983839209712,8.500339171883835e-05,0.15581657036199817
223,224,2.568713220903614e-07,2.462755058441687e-07,10.873407050022346,0.0,1.4137685534627646e-12,0.0,0.0,1.0594402477639225e-08,14.4265002251264,15.37170758442035,0.001477246567934111,1.2506091330872119e-05,0.1560159799116532
224,225,2.579832053224059e-07,2.461636249279449e-07,10.873795388917372,0.0,1.3232989240874275e-12,0.0,1.2220751922646132e-09,1.059618190327225e-08,14.42626648094814,15.375970887506838,0.001477145174133374,5.6702273271583774e-05,0.15588431526820662
225,226,2.568674369217337e-07,2.462697568868492e-07,10.873425904508307,0.0,1.3666777168006355e-12,0.0,1.824263885376423e-12,1.0594489093282252e-08,14.426488218050544,15.371910442722882,0.0014772414488116274,1.2931564362393051e-05,0.15600954887767965
226,227,2.565272764668702e-07,2.4592477028953075e-07,10.874192316020522,0.0,0.0,0.0,2.543824692169065e-12,1.0599962352647298e-08,14.420964460617402,15.370943702532855,0.0014749869082273535,1.5299128447554812e-05,0.15573269401066003
227,228,2.5629801264085975e-07,2.4569641265290024e-07,10.874365392778524,0.0,0.0,0.0,0.0,1.0601599987959517e-08,14.418468424289994,15.36662912275495,0.0014736929039628893,1.0181662904662467e-05,0.155734709886958
228,229,2.558189247174482e-07,2.4492441396260823e-07,10.875102029964568,0.0,0.0,0.0,2.8654842039289937e-10,1.0607962334447064e-08,14.405285211339221,15.356362846372544,0.0014681257669618625,3.9384444718117876e-05,0.15544481721319064
229,230,2.555828879416167e-07,2.449755287658348e-07,10.874597130423545,0.0,0.0,0.0,0.0,1.0607359175781866e-08,14.395852841269486,15.339543888727809,0.0014632653746792467,4.083316250268476e-05,0.15523865070350729
230,231,2.5492371889812613e-07,2.4432147348712976e-07,10.873857122315693,0.0,0.0,0.0,0.0,1.0602245410996362e-08,14.397533993630324,15.345255888005703,0.001463519746243789,2.182237319459551e-05,0.1550644500776489
231,232,2.546245898630023e-07,2.440262356440034e-07,10.873145572306978,0.0,0.0,0.0,0.0,1.0598354218998878e-08,14.399555064511699,15.34786736400223,0.001462940401374664,1.2752034144550096e-05,0.1547149072245791
232,233,2.543779889727859e-07,2.437829359228662e-07,10.872467835335051,0.0,0.0,0.0,0.0,1.0595053049919697e-08,14.398839561597336,15.350451948641552,0.0014619499028685984,9.382340838411505e-06,0.15420898195630134
233,234,2.5418925325757723e-07,2.4359291590944124e-07,10.872133641185997,0.0,0.0,0.0,2.529717699860278e-12,1.0593807630436132e-08,14.396158152482599,15.348514676902731,0.001460800881088741,6.462184805053295e-06,0.15378527632373007
234,235,2.540471407231627e-07,2.4337019009630536e-07,10.872018571551392,0.0,0.0,0.0,8.304416120156155e-11,1.0593906465655807e-08,14.392668729856599,15.33304275884132,0.0014594605901808973,1.4445078512507756e-05,0.1535995727993943
235,236,2.5424477702791974e-07,2.436499444302153e-07,10.87168380901097,0.0,0.0,0.0,0.0,1.0594832597704476e-08,14.375900856782156,15.24331807230025,0.0014577482691990953,3.3466359780974335e-05,0.15348113585609463
236,237,2.5383206891592306e-07,2.4323491374973334e-07,10.871877529353947,0.0,0.0,0.0,2.8821342172124544e-12,1.059427303197253e-08,14.38615830039127,15.296835613600337,0.0014579103853580857,1.5989869294778626e-05,0.1535518911219123
237,238,2.536265886749109e-07,2.4301894091244e-07,10.87188394623809,0.0,0.0,0.0,1.2589956596367854e-11,1.0595057805874521e-08,14.383305361463327,15.275913762879266,0.0014572988400319686,1.1410633986688982e-05,0.15349031220920745
238,239,2.5336880943370275e-07,2.4273090867041526e-07,10.87167366974876,0.0,0.0,0.0,4.1593080299305414e-11,1.0596307682988182e-08,14.378314586027408,15.232488554702275,0.0014564508365793806,1.1164212747302629e-05,0.15326293514395026
239,240,2.5327583358458564e-07,2.426718579305266e-07,10.871380538999563,0.0,0.0,0.0,8.568105161630415e-12,1.0595407548897416e-08,14.378169694397224,15.221159010227352,0.0014563088990487269,6.797685693992979e-06,0.1531492929171371
240,241,2.531599907473489e-07,2.425494459784916e-07,10.870923703210225,0.0,0.0,0.0,1.592225659379197e-11,1.0594622512263497e-08,14.374854687591283,15.20445889282597,0.0014553092312248115,8.103417588570788e-06,0.15278566927534393
241,242,2.5305209176330143e-07,2.4245850285125666e-07,10.870603590248226,0.0,0.0,0.0,0.0,1.0593588912044757e-08,14.372329184160899,15.202265659397536,0.0014544668311171492,5.3020570121747725e-06,0.15254596038423981
242,243,2.5296664206565333e-07,2.423478022092458e-07,10.87033879046989,0.0,0.0,0.0,2.5259812269483184e-11,1.0593580044138062e-08,14.365686276919892,15.19201479478416,0.0014530687321938946,1.0612019304952276e-05,0.15210715780390316
243,244,2.5282477953342295e-07,2.4223035238813355e-07,10.870451240291963,0.0,0.0,0.0,0.0,1.0594427145289392e-08,14.36174385099793,15.187289347270323,0.0014524517557470825,7.145338554342457e-06,0.15198597774315217
244,245,2.5262724060247267e-07,2.4202864029648085e-07,10.870464679791365,0.0,0.0,0.0,3.0345233561784723e-12,1.059556578263566e-08,14.353574986260629,15.16823240242424,0.0014518419053599985,8.731842004379428e-06,0.15150965627648208
245,246,2.5228232607220993e-07,2.416774531915367e-07,10.870765417019204,0.0,0.0,0.0,7.189049148859932e-12,1.0597683831524358e-08,14.345846238463407,15.132154221636856,0.0014521776407800842,1.512405212767031e-05,0.15100529587326053
246,247,2.526666134813625e-07,2.4130224865812716e-07,10.871237420567137,0.0,7.650617213885607e-10,0.0,0.0,1.0599303101846777e-08,14.371594685501938,15.090660566986184,0.0014541953865040821,0.00013520154208876818,0.15087380336027867
247,248,2.5209242710139974e-07,2.4149411372751333e-07,10.870947623669418,0.0,0.0,0.0,0.0,1.059831337388639e-08,14.344327950340116,15.11517699505995,0.001452809460691097,1.9936250626292906e-05,0.15095339437432814
248,249,2.655568793536041e-07,2.411016289951287e-07,10.871464723223177,0.0,1.3287507247043602e-08,4.687555056089519e-10,9.813435124118892e-11,1.0600853254581655e-08,14.424241400873251,15.06447454810813,0.0014537605366987773,0.000573679665373751,0.1502021241362987
249,250,2.520682333929245e-07,2.414387710435804e-07,10.870983939174511,0.0,3.096227599259482e-11,0.0,0.0,1.0598500073351532e-08,14.34348549200243,15.110148174862873,0.0014528487365531926,3.248008145281893e-05,0.15089061906754428
250,251,2.518087708995467e-07,2.412100674157106e-07,10.871017678747837,0.0,2.420468572395725e-13,0.0,0.0,1.059846143697884e-08,14.363181041573915,15.08343208140408,0.0014519286174123026,9.62172175231282e-06,0.15088621149156017
251,252,2.515702396608748e-07,2.4094972517278514e-07,10.871017517846418,0.0,3.783544693324325e-12,1.9298103270193297e-11,0.0,1.0597432840126134e-08,14.41812306491557,15.057908299996868,0.0014523360014856517,3.180749474246193e-05,0.1510650555946817
252,253,2.517230710904068e-07,2.4112427575848987e-07,10.871016341888737,0.0,5.79068203615341e-13,0.0,0.0,1.0598216263713335e-08,14.376275525870057,15.07716706317769,0.0014519537653270656,1.0846129987007441e-05,0.1509285746780091
253,254,2.690249250678964e-07,2.408121501333294e-07,10.871319934500988,0.0,4.896024396790476e-12,1.7610225362431342e-08,0.0,1.059765354773883e-08,14.464462636604594,15.058511190453519,0.0014526723110526941,0.0008416817250581534,0.15140222161658556
254,255,2.516429329998154e-07,2.4104414014478475e-07,10.871059749437915,0.0,6.652140470563284e-13,0.0,0.0,1.0598127640983606e-08,14.389908730922812,15.073864201152643,0.0014519369018753548,1.0060491426274603e-05,0.15100077569569698
255,256,2.799414846281396e-07,2.4076531986217077e-07,10.871437178576983,0.0,7.4449082614485e-12,2.857077852843802e-08,0.0,1.0597941329269339e-08,14.477653044083418,15.062388535620295,0.0014526696511927492,0.0010728502539731866,0.1515216364541924
256,257,2.5162862821278075e-07,2.4102980808285435e-07,10.871069584508607,0.0,6.982187867572918e-13,0.0,0.0,1.0598121911139644e-08,14.392381583643182,15.073445982211162,0.0014519272086200143,9.928500264969265e-06,0.15101520604368304
257,258,2.5920739679379384e-07,2.4080337389504965e-07,10.87130711377423,0.0,3.3290797740055828e-12,7.802695455331614e-09,0.0,1.0597998363638617e-08,14.448946299106757,15.065368589571943,0.0014522196630194074,0.0005594969976856511,0.15134917377085594
258,259,2.515836040785313e-07,2.409846618878948e-07,10.871102700140042,0.0,8.391863039163596e-13,0.0,0.0,1.0598103004332582e-08,14.400625858216857,15.072090549322,0.0014519046184133346,9.542100745258052e-06,0.15106341592117786
259,260,2.875178383848142e-07,2.4072822158633756e-07,10.871557300841449,0.0,7.559917669254889e-12,3.618371986968951e-08,0.0,1.0598337011117835e-08,14.485216792021557,15.064704771475192,0.0014524878400162466,0.0012077992155417336,0.15157241050677855
260,261,2.515792812083545e-07,2.409803218459433e-07,10.8711066652024,0.0,8.543743958297983e-13,0.0,0.0,1.0598104988015353e-08,14.401412497254388,15.071992515118618,0.0014518998376914622,9.500286505122899e-06,0.15106806625637828
261,262,2.6368484811359405e-07,2.407654422019825e-07,10.871399294146729,0.0,3.692852623299975e-12,1.2317458794885078e-08,0.0,1.0598254264103137e-08,14.457020419959976,15.066446192927355,0.00145211301858625,0.0007033699224871402,0.15140068987690403
262,263,2.5157045843433244e-07,2.409714621733018e-07,10.871114877344045,0.0,8.871610318028322e-13,0.0,0.0,1.0598109099998812e-08,14.403038729229038,15.071791550467555,0.0014518910842556045,9.41689437122157e-06,0.1510776847053544
263,264,2.54984321165106e-07,2.4081561305054545e-07,10.871300624611326,0.0,2.2602789498433013e-12,3.5682445122376444e-09,0.0,1.0598203323373064e-08,14.438787749809295,15.06796046263883,0.0014519473718909914,0.00037796980557762633,0.15129076788938683
264,265,2.515467429918036e-07,2.4094763368481935e-07,10.871137812368762,0.0,9.886979630355557e-13,0.0,0.0,1.0598120609021262e-08,14.407559264219895,15.071245002174507,0.001451871124983029,9.208408633801727e-06,0.15110445532523933
265,266,2.523536455881673e-07,2.408538893643245e-07,10.871244613243622,0.0,1.6951778815987231e-12,8.998863731382559e-10,0.0,1.0598174672822911e-08,14.428210219972492,15.068976151133977,0.0014518816977898805,0.00018953562507096434,0.15122738821436435
266,267,2.5152510455844517e-07,2.409258709705424e-07,10.871159976817331,0.0,1.1018219854634549e-12,0.0,0.0,1.0598131765917327e-08,14.411898549778249,15.070737141201741,0.001451858582135151,9.044279792320914e-06,0.15113019937296732
267,268,2.9357014433753775e-07,2.407009731471728e-07,10.871566995735112,0.0,4.797943486064994e-12,4.22661739651878e-08,0.0,1.0598199281691127e-08,14.490590307702218,15.065284003287747,0.001452353138075806,0.0013057772590199732,0.15159799419335043
268,269,2.5152288700154394e-07,2.409236479493368e-07,10.871162032777038,0.0,1.1070034631049655e-12,0.0,0.0,1.0598132048744044e-08,14.412320743300254,15.070693313747391,0.0014518568411877111,9.015303788947658e-06,0.1511326680049606
269,270,2.6861396542267437e-07,2.4073299533456226e-07,10.87142525742553,0.0,2.731888623357296e-12,1.7280064907139005e-08,0.0,1.0598173292349713e-08,14.464240531786558,15.066491578604907,0.0014520702613855384,0.0008335135551458783,0.15143958912222585
270,271,2.515204547876783e-07,2.4092120960290456e-07,10.871164300836318,0.0,1.112823275042761e-12,0.0,0.0,1.05981323614987e-08,14.412786174101798,15.070645175580118,0.0014518549216104516,8.983636078651337e-06,0.151135389946237
271,272,2.581906561281581e-07,2.4077830880349314e-07,10.87133479868672,0.0,1.9185649778930423e-12,6.812270723050461e-09,0.0,1.0598158036636591e-08,14.446857291521995,15.067632987397413,0.0014519268250264084,0.0005226430486913356,0.1513360781763776
272,273,2.515176369021014e-07,2.4091838442595506e-07,10.871166945949543,0.0,1.1197489060419604e-12,0.0,0.0,1.0598132727240306e-08,14.413328560357833,15.070589313360333,0.0014518527377626054,8.94710300284301e-06,0.15113856259411143
273,274,2.5397647440495414e-07,2.408180561180617e-07,10.871276997316528,0.0,1.5544689143125219e-12,2.5587149515504682e-09,0.0,1.0598148866427687e-08,14.435504234764496,15.068523723191118,0.0014518687721270804,0.0003199278875616926,0.1512688877243667
274,275,2.515141011534784e-07,2.409148392378131e-07,10.871170291895194,0.0,1.128724250192284e-12,0.0,0.0,1.0598133191415112e-08,14.414014006970834,15.070519079222262,0.0014518505329647287,8.90151528744878e-06,0.15114257307102955
275,276,2.5235152037782404e-07,2.408477392053801e-07,10.871240418167279,0.0,1.3758744723560002e-12,9.04261992237108e-10,0.0,1.0598143305734429e-08,14.428216613093335,15.069155287512697,0.0014518461703047127,0.00018997392704828505,0.15122592634745904
276,277,2.5150932682049905e-07,2.409100516273866e-07,10.87117485885741,0.0,1.141365385123304e-12,0.0,0.0,1.0598133827727339e-08,14.414948426351256,15.07042398627462,0.0014518477442510209,8.840439403685282e-06,0.15114804207693452
277,278,2.5176962825364625e-07,2.408676997766519e-07,10.871218014174875,0.0,1.2840819106169999e-12,3.025043997901657e-10,0.0,1.0598139995293528e-08,14.423712663073186,15.069568816631879,0.0014518380458382841,0.00010980034633791437,0.15119944021887585
278,279,2.515036608987388e-07,2.4090436912103636e-07,10.871180354112756,0.0,1.1571801318681234e-12,0.0,0.0,1.0598134597570539e-08,14.416071003925861,15.070310740758234,0.001451844943675899,8.768747418895333e-06,0.1511546151154544
279,280,2.5158085294326886e-07,2.408797613210467e-07,10.871205172043279,0.0,1.2370759547209428e-12,1.0171641532616557e-10,0.0,1.0598138130941253e-08,14.42111689292396,15.069815162750881,0.0014518382918143244,6.377504488048152e-05,0.15118419786892828
280,281,2.514989643320853e-07,2.408996580923502e-07,10.871184973620913,0.0,1.1709914764894428e-12,0.0,0.0,1.0598135248258576e-08,14.417013188430436,15.070216532906564,0.0014518426016195856,8.71003965995916e-06,0.15116013423661728
281,282,2.5152370048206444e-07,2.408864092017133e-07,10.871198293710972,0.0,1.2135138636716617e-12,3.794062405286271e-11,0.0,1.0598137142434568e-08,14.4197223230086,15.069949925576623,0.0014518391153014129,3.9294432665781587e-05,0.15117601571083616
282,283,2.514961399635793e-07,2.4089679999908174e-07,10.871187805275428,0.0,1.1796935510280044e-12,2.462224158696381e-14,0.0,1.0598135648704916e-08,14.417590053553822,15.070159231397408,0.0014518411748454976,8.659417321527151e-06,0.1511635144480814
283,284,2.5271876496242596e-07,2.407749674562946e-07,10.871055764490087,0.0,0.0,1.3466756516785862e-09,0.0,1.0597121854452808e-08,14.430369489305868,15.071148160160423,0.001451915892694026,0.00023155415678713544,0.15134090843435716
284,285,2.514908269594912e-07,2.4088591582597765e-07,10.871179563804578,0.0,1.020265827579843e-12,5.817589002091897e-12,0.0,1.0598073278683878e-08,14.418378702857815,15.070200991406274,0.0014518323110570617,1.6718401567933062e-05,0.15117442773984202
285,286,2.5202427566385884e-07,2.41431877277726e-07,10.870090354905717,0.0,0.0,0.0,0.0,1.059239838613283e-08,14.415460947067263,15.087230387041707,0.0014540021404961581,4.391655050613638e-05,0.15151329646533884
286,287,2.5141599954848184e-07,2.4081891939111853e-07,10.870892839655605,0.0,0.0,4.631932174975667e-13,0.0,1.0596616964145819e-08,14.417566179819703,15.07356181369656,0.0014519308186600954,1.1177477779129565e-05,0.1513163129845292
287,288,2.513729703572559e-07,2.4077547221485573e-07,10.870938994493224,0.0,6.452734527568619e-17,4.517288899234079e-13,0.0,1.0597046348982963e-08,14.417110066029027,15.072090604243124,0.0014511789848417498,5.908644580539863e-06,0.15132271562422434
288,289,2.5130444970326295e-07,2.4069833582237463e-07,10.870919917433849,0.0,8.50203813257044e-12,2.555827654939932e-13,0.0,1.059735625999031e-08,14.41545605289966,15.065376843973155,0.0014498294508353887,1.9234440468272064e-05,0.15122395156340723
289,290,2.5121959274957683e-07,2.4061520387000137e-07,10.870824689917807,0.0,7.319911686971284e-12,3.2276859500498304e-14,0.0,1.0597036691029015e-08,14.413664653438882,15.060291301606545,0.0014487502992552605,2.2643254529005453e-05,0.15112071639186855
290,291,2.510214034159753e-07,2.4041182776137063e-07,10.870589346224335,0.0,1.3600218160910425e-11,0.0,0.0,1.0595975436443768e-08,14.40965580826004,15.046596080765596,0.0014471628438979477,3.005699505857382e-05,0.15086396862684415
291,292,2.507303532724407e-07,2.4012556282592114e-07,10.870326495620343,0.0,1.0668155629139003e-11,0.0,0.0,1.0594122290890458e-08,14.405234730628049,15.033584066004302,0.001446261352541605,2.7682065830484496e-05,0.1506324090836685
292,293,2.503480386571609e-07,2.3975554812371956e-07,10.870184895257623,0.0,5.420082424108214e-13,0.0,0.0,1.0591948525198954e-08,14.400752117310494,15.02004190974242,0.0014463061707555354,1.62475770535152e-05,0.1504664387557953
293,294,2.501465184868039e-07,2.395423157278575e-07,10.870317220031804,0.0,1.2869597634313147e-11,2.987585927393828e-18,0.0,1.0591333158324514e-08,14.396532886305373,15.007250399979037,0.0014471215726453088,1.8218819743839612e-05,0.15031756572635904
294,295,2.501245690455183e-07,2.3953391842234683e-07,10.870497097841056,0.0,0.0,1.0232221763234895e-14,0.0,1.0590640390949736e-08,14.396991568248474,15.007792577874923,0.0014494726383943658,1.4935176391678745e-05,0.1505444944374717
295,296,2.500922966619695e-07,2.3950180909539194e-07,10.870394724987884,0.0,0.0,0.0,0.0,1.0590487566577545e-08,14.396904288797106,15.00661053671562,0.0014483412519113465,4.816502872096512e-06,0.15048195645044657
296,297,2.5008368249737e-07,2.394928750729656e-07,10.870399355901775,0.0,0.0,0.0,0.0,1.0590807424404386e-08,14.396592019183894,15.007446154338357,0.0014477855734162642,3.458637986946106e-06,0.15046885002473723
297,298,2.500734926002798e-07,2.394826531175094e-07,10.870404583804762,0.0,0.0,0.0,0.0,1.0590839482770354e-08,14.395781744516075,15.007676263576794,0.0014475246018420328,3.212225137206274e-06,0.1504522919797622
298,299,2.5001199920999207e-07,2.3942107382282896e-07,10.870510919840001,0.0,0.0,0.0,0.0,1.0590925387163123e-08,14.390293163555786,15.011385247067327,0.0014463706975805571,5.969489432879511e-06,0.1503784526163424
299,300,2.499292148223717e-07,2.393384289329266e-07,10.870683116427504,0.0,0.0,0.0,0.0,1.0590785889445155e-08,14.383524701614956,15.019904417798141,0.0014453913400180388,8.558458203953819e-06,0.150342594038522
300,301,2.497320904511607e-07,2.3914202436442443e-07,10.87113023522137,0.0,0.0,0.0,0.0,1.0590066086736247e-08,14.368607729568511,15.047761801939245,0.0014440141869047482,1.0850827656662201e-05,0.15034267706965637
301,302,2.4969237680787954e-07,2.388592277517163e-07,10.871754812438553,0.0,0.0,0.0,2.447281770673558e-10,1.0588420879095886e-08,14.348913895347279,15.09794405089017,0.0014427774359314824,2.5738571727193752e-05,0.15046934604352485
302,303,2.496128248394028e-07,2.390233313480448e-07,10.87134375079221,0.0,0.0,0.0,0.0,1.0589493491358012e-08,14.361890736875118,15.064615677575151,0.0014434653280067705,1.1209085960943352e-05,0.15038643316223546
303,304,2.5116376560179116e-07,2.3853166488972405e-07,10.872493895174085,0.0,0.0,0.0,2.0461824688308287e-09,1.0585918243236253e-08,14.325777800088145,15.171913821482558,0.0014418009006092057,6.567162847692407e-05,0.1506977161225467
304,305,2.4950841687129593e-07,2.3888933129762927e-07,10.87154518574052,0.0,0.0,0.0,3.024251787590122e-11,1.0588843055790748e-08,14.355666700366754,15.082728566728964,0.0014430096205259133,1.3439120614829412e-05,0.1504494316397763
305,306,2.496857559847647e-07,2.389162537996659e-07,10.872706779981309,0.0,0.0,0.0,1.9035553462691982e-10,1.0579146650471881e-08,14.321578365475547,15.282532200051026,0.0014444556431536463,5.0441419882860015e-05,0.15152859307868613
306,307,2.4914777953974064e-07,2.385500662904125e-07,10.872028386344576,0.0,0.0,0.0,1.3508268527295148e-11,1.0584204980800837e-08,14.335699703078529,15.166482576782379,0.0014426269110900634,2.0796276911977667e-05,0.15095642265691162
307,308,2.4906687797547924e-07,2.3848081674091195e-07,10.872114999677994,0.0,0.0,0.0,1.9168774478872284e-12,1.058414435711939e-08,14.336147610610219,15.170399684742325,0.0014428161490516514,4.951225466150656e-06,0.15100861301412094
308,309,2.490067423303213e-07,2.384161903802567e-07,10.872210134872091,0.0,0.0,0.0,6.4232604064365586e-12,1.0584128689658155e-08,14.335696466608416,15.181352365111,0.0014429570440724687,9.70221902740033e-06,0.15104229133104058
309,310,2.489474846908468e-07,2.383634211907885e-07,10.872038093560642,0.0,0.0,0.0,1.1431051378117629e-13,1.0583949189544527e-08,14.338407332535878,15.175299033754044,0.0014435040351251942,1.2802705699187597e-05,0.15098935372396058
310,311,2.4888781600298655e-07,2.383006323561255e-07,10.871839107846709,0.0,0.0,0.0,3.85207242708119e-12,1.0583331574433984e-08,14.338682891327696,15.173377404567407,0.0014435978344773742,1.0758338932007485e-05,0.15091632169777114
311,312,2.4878651721975456e-07,2.3819402244194134e-07,10.871407706014567,0.0,0.0,0.0,1.0378059185397514e-11,1.0582116718627796e-08,14.338694139043472,15.158987178224763,0.0014436628514318496,8.870602067110685e-06,0.15071924426746575
312,313,2.4866316108979315e-07,2.3803233839464372e-07,10.870997522320792,0.0,0.0,0.0,5.0336249593810405e-11,1.0580486445555633e-08,14.334796552330364,15.145177116611874,0.0014431954207830707,1.6101844977528076e-05,0.15044292052709568
313,314,2.4847171236706074e-07,2.3778740453216178e-07,10.870710335886926,0.0,0.0,0.0,1.0587462878557096e-10,1.0578433206113394e-08,14.32571456179037,15.140638328622416,0.0014422801524065763,2.2681330644385933e-05,0.15022227081566955
314,315,2.4793796492518366e-07,2.3711991891681792e-07,10.87040127288017,6.897142620797846e-12,0.0,0.0,2.380662755946791e-10,1.0573082590150294e-08,14.294798057772445,15.160115465898306,0.0014389831070877725,3.615224295609608e-05,0.14994334667021644
315,316,2.4725713658890526e-07,2.3664245949925033e-07,10.871016548343782,0.0,0.0,0.0,4.6920654525897394e-11,1.0567756435129023e-08,14.30187588723746,15.239586894138524,0.0014350173040305323,4.061652545546747e-05,0.15005967675636075
316,317,2.468721179403721e-07,2.360251971211882e-07,10.871253266531163,1.189105420600923e-10,0.0,0.0,1.63086510560288e-10,1.0564923766563486e-08,14.301640333474717,15.269093995460839,0.0014315082119938259,2.6069123738277543e-05,0.14979897464226324
317,318,2.465820000291136e-07,2.3601648492779618e-07,10.872150962325529,0.0,0.0,0.0,0.0,1.056551510131742e-08,14.29921382535304,15.308678780407703,0.0014306522913806574,3.0118776649067624e-05,0.15006267014450148
318,319,2.4635240562677306e-07,2.3578082305320683e-07,10.871899092272661,6.901814508994218e-12,0.0,0.0,6.047328918375707e-13,1.0564076026165391e-08,14.300343607002414,15.300372971054985,0.0014308771337209652,1.1420838988512342e-05,0.1499475528497944
319,320,2.463445864900039e-07,2.3551569911332498e-07,10.871853364429363,1.029782742862017e-10,0.0,0.0,1.6389823873801595e-10,1.056201086365471e-08,14.30018720694328,15.302533675648377,0.0014303289245326746,1.9793064268347563e-05,0.1497927049761435
320,321,2.4626978230864933e-07,2.356446539859034e-07,10.871874982135239,3.5569033419435556e-11,0.0,0.0,2.643817221346824e-11,1.0563121117113052e-08,14.300241566083795,15.30108014986772,0.0014306009798475234,9.801791015073363e-06,0.14987882452799603
321,322,2.4621276783009045e-07,2.3547156863061772e-07,10.87152874168721,1.7974982384117297e-10,0.0,0.0,3.018329783763392e-14,1.0561419192333745e-08,14.296845922667304,15.287217334190537,0.00143046352399704,1.2317620847787693e-05,0.1497407852899204
322,323,2.46115794922523e-07,2.3546225358732083e-07,10.871851195671738,7.407746662182814e-11,0.0,0.0,1.8432928367870352e-11,1.0561030940212439e-08,14.295244543754972,15.301702664382287,0.0014302696873926051,1.0796038891878228e-05,0.14980801784533393
323,324,2.460651597818947e-07,2.3545567471865152e-07,10.871935768475884,4.8019772287359336e-11,0.0,0.0,0.0,1.0561465290955788e-08,14.293728515939273,15.301386054514031,0.001429907597305642,4.468317846709004e-06,0.14983911152233362
324,325,2.4602948187669033e-07,2.353957910205679e-07,10.87203687776112,7.250524197690307e-11,0.0,0.0,1.2630263189123412e-14,1.056117298388235e-08,14.291758502205312,15.302907351309692,0.0014294020506854922,5.371691649668064e-06,0.14980427659546416
325,326,2.460100784008087e-07,2.3534912730724446e-07,10.872027058391609,1.0023115473294374e-10,0.0,0.0,0.0,1.0560719938831327e-08,14.290035936503436,15.301056476350315,0.0014292200572975193,3.739704025914436e-06,0.1497700158160447
326,327,2.459931049345592e-07,2.3531713958319043e-07,10.872037903009431,1.1554978883567203e-10,0.0,0.0,0.0,1.0560415562533096e-08,14.289059671964699,15.300811065254987,0.0014292871341562835,2.730091682796043e-06,0.14975142222727217
327,328,2.459600447449808e-07,2.3527549817732232e-07,10.872055436263661,1.246551391712374e-10,0.0,0.0,0.0,1.0559891428487238e-08,14.287562861920712,15.301185026223315,0.0014293246834363037,6.317487275555173e-06,0.1497353219423229
328,329,2.459007479482043e-07,2.3520182724065288e-07,10.872035898189395,1.40272603242847e-10,0.0,0.0,0.0,1.0558648104308566e-08,14.286306379475011,15.306129784032485,0.0014292615751439215,1.2556134575868263e-05,0.14971622527676942
329,330,2.457907287104811e-07,2.3508525013988153e-07,10.87196257360048,1.4923313227844007e-10,0.0,0.0,0.0,1.0556245438321108e-08,14.284001015071784,15.31703177895642,0.0014289693478646347,1.8222131115204024e-05,0.14970085917420642
330,331,2.456367308072198e-07,2.349378006236277e-07,10.871787263226455,1.4634235052919204e-10,0.0,0.0,0.0,1.0552587833062974e-08,14.281705578855595,15.336293102185014,0.0014285481191209598,2.2620080046751217e-05,0.14970018616237496
331,332,2.454784088983697e-07,2.3480974952468372e-07,10.871568607679901,1.1978093727059525e-10,0.0,0.0,0.0,1.0548878436415392e-08,14.27892264085444,15.355726580421805,0.00142794040397297,1.6948986009004402e-05,0.1497281675004515
332,333,2.4538214501927396e-07,2.3475570740378472e-07,10.871448977950248,7.926377325574728e-11,0.0,0.0,0.0,1.0547173842233514e-08,14.278340481809883,15.366858338184203,0.0014276314834204564,1.0312587425484636e-05,0.1497789103238921
333,334,2.453468302384985e-07,2.3474338295256564e-07,10.871467946966227,5.611537635594815e-11,0.0,0.0,0.0,1.0547331909576899e-08,14.27770633584029,15.36667294393413,0.0014274777635961472,5.32707971821968e-06,0.1498139965410395
334,335,2.4533171231773636e-07,2.347346594105399e-07,10.87150628810673,4.915515898612372e-11,0.0,0.0,0.0,1.054789774821034e-08,14.27752600526265,15.362955100675606,0.0014276133055993454,6.605838357197386e-06,0.14982591758749433
335,336,2.4530522682255836e-07,2.3471089406411166e-07,10.871584932495278,4.582235485670085e-11,0.0,0.0,0.0,1.0548510403589966e-08,14.277002808789863,15.35972923116244,0.0014277485422183752,8.96933649218555e-06,0.14983192186073427
336,337,2.452504456532606e-07,2.3465452423007215e-07,10.871700893438911,4.673514185903445e-11,0.0,0.0,0.0,1.0549186281329406e-08,14.276191891554662,15.356576501308378,0.0014280876953436487,1.3179667064416437e-05,0.14983024857434385
337,338,2.451652819010753e-07,2.3456317072700935e-07,10.87184046421449,5.286510323888431e-11,0.0,0.0,0.0,1.0549246070827035e-08,14.27598043281318,15.363841364018267,0.0014281752821505682,1.980291996417089e-05,0.14981944672377195
338,339,2.4506373284414296e-07,2.3436320871403838e-07,10.872059367916206,1.5196556809732286e-10,0.0,0.0,0.0,1.054855856200729e-08,14.276617984684776,15.391145344884972,0.0014278994469323271,2.6287303173411615e-05,0.14979215343849459
339,340,2.449035075816708e-07,2.342791893712363e-07,10.872235864887038,7.753303446717253e-11,0.0,0.0,0.0,1.0546785175967334e-08,14.276973358924078,15.423158472772135,0.001427321806113825,2.4903593374373483e-05,0.14982775825435707
340,341,4.618590075715938e-07,2.3407420889153298e-07,10.872656297760066,2.0891613701081683e-11,0.0,0.0,2.1722061419560536e-07,1.0543292870754366e-08,14.279293784989104,15.508611763463012,0.001425830134745635,0.015613147269979744,0.1499221919751806
341,342,2.44800552094255e-07,2.341978609536641e-07,10.872351887925664,5.6911782698368514e-11,0.0,0.0,0.0,1.054577935789248e-08,14.277694652393027,15.447071509848016,0.0014268327892294937,2.172395253199875e-05,0.1498542139297128
342,343,2.9356623704342558e-06,2.3396107545414243e-07,10.87308395273129,3.130268105947164e-11,0.0,0.0,2.6911272140464045e-06,1.0542778252649202e-08,14.282696522681176,15.561104297862554,0.0014248154543809069,0.05507396037646338,0.1498761850416751
343,344,2.447751252699713e-07,2.3417521346332342e-07,10.872390648892129,5.430423201169165e-11,0.0,0.0,0.0,1.054560757463618e-08,14.277996700637754,15.45319724101881,0.0014267074243653843,2.0889877083697086e-05,0.14986006500607205
344,345,8.878731954616339e-07,2.3399655152657827e-07,10.87284377258889,3.4300741935961864e-11,0.0,0.0,6.432986348379968e-07,1.0543708355122886e-08,14.281212535218835,15.524063829754326,0.0014253861429483032,0.026896297409710043,0.1498903194107645
345,346,2.4472929880588323e-07,2.34134406166022e-07,10.872466497548807,4.961682801337554e-11,0.0,0.0,0.0,1.0545275811847855e-08,14.27857503835207,15.46515426378972,0.0014264697719889013,1.9330709601876766e-05,0.14987149111098763
346,347,3.5515974791386143e-06,2.3391913958880637e-07,10.873203077389281,4.5194784096581566e-11,0.0,0.0,3.3070897860254886e-06,1.0543358740222629e-08,14.28366828357613,15.569328704668,0.00142424283936024,0.06110170594973585,0.14983549061001739
347,348,2.4472925103599835e-07,2.3413436187358238e-07,10.87246657981564,4.9613583240262284e-11,0.0,0.0,0.0,1.0545275579175698e-08,14.278575672259846,15.465166015298205,0.0014264694771579027,1.932861844014919e-05,0.14987150201934685
348,349,1.2698317187968828e-06,2.3395424427556572e-07,10.872948816692816,4.124863368662718e-11,0.0,0.0,1.02529224181124e-06,1.0543984076390541e-08,14.282037479054729,15.533596978462146,0.0014248802341052043,0.0339778944051005,0.14987164670368786
349,350,2.4472250485270835e-07,2.341281043663866e-07,10.872478293990921,4.915799356202625e-11,0.0,0.0,0.0,1.0545242492759742e-08,14.278665779933913,15.466839062375392,0.0014264279472165897,1.903159635926901e-05,0.14987305508806797
350,351,4.920387771320464e-07,2.3399740893764737e-07,10.872787242929391,4.170543106947686e-11,0.0,0.0,2.474552617608912e-07,1.0544401002438363e-08,14.280932934966618,15.510768271385174,0.0014253859132632998,0.016678713307715122,0.14988218683581886
351,352,2.4469421377724483e-07,2.3410180524096112e-07,10.87252968329065,4.7310155202971545e-11,0.0,0.0,0.0,1.0545098381080734e-08,14.27905743178075,15.474172091095955,0.0014262499348871554,1.7746385203253188e-05,0.14987986364095798
352,353,2.911552528604374e-07,2.3402806442222782e-07,10.872699191077647,4.294122751252335e-11,0.0,0.0,4.6539612399101206e-08,1.054463481159587e-08,14.28030790284457,15.498286053837274,0.0014256765866011508,0.007229556564712746,0.14988234309893114
353,354,2.446746455754951e-07,2.3408355166285747e-07,10.872567686586669,4.610102638514778e-11,0.0,0.0,0.0,1.0544992886252467e-08,14.279343274690707,15.479588216117374,0.0014261197984673439,1.6815294343193432e-05,0.1498826380736067
354,355,3.988647876189143e-06,2.3389781411982714e-07,10.873303427351848,5.427404760737516e-11,0.0,0.0,3.744152135863585e-06,1.0543652158123771e-08,14.283699184196848,15.57466226115198,0.001424071196431686,0.06502361246963503,0.14982195997986006
355,356,2.446746274636312e-07,2.3408353428038453e-07,10.872567724739831,4.6100373177348664e-11,0.0,0.0,0.0,1.0544992810069315e-08,14.279343525003467,15.4795931844261,0.0014261196738586074,1.6814423407859096e-05,0.14988263723322853
356,357,1.6882960316068374e-06,2.3392924765648786e-07,10.873050085699711,4.6839291269973077e-11,0.0,0.0,1.4437758590891344e-06,1.0544085569945042e-08,14.282302682047497,15.542086216230704,0.0014246541483816132,0.040331246956735546,0.14985764926375275
357,358,2.4467460478361517e-07,2.340835125136184e-07,10.872567772518815,4.6099555330152245e-11,0.0,0.0,0.0,1.054499271466661e-08,14.27934383846494,15.47959940620415,0.001426119517812225,1.681333275964586e-05,0.14988263618083808
358,359,7.638436866065362e-07,2.3396775756199282e-07,10.872884704330485,4.457893076582665e-11,0.0,0.0,5.192869658748727e-07,1.0544384238904865e-08,14.2813335433809,15.520730792555192,0.0014251192189868788,0.024169459047313584,0.1498758930519253
359,360,2.4467456831202744e-07,2.3408347751037105e-07,10.872567849358571,4.6098240417209874e-11,0.0,0.0,0.0,1.0544992561239152e-08,14.279344342575445,15.479609412262127,0.0014261192668542384,1.681157878858074e-05,0.14988263448837114
360,361,4.082799509695309e-07,2.3400099235589633e-07,10.872776366311355,4.422621293315625e-11,0.0,0.0,1.6369014558182132e-07,1.0544586818880072e-08,14.280673296063737,15.506701694188639,0.0014254526527089386,0.013562932231590408,0.14987814521472068
361,362,2.4467330298813783e-07,2.3408226293633165e-07,10.872570520321418,4.6052821921031315e-11,0.0,0.0,0.0,1.0544987229885144e-08,14.279361858873784,15.479957214138498,0.0014261105442934356,1.675064536811288e-05,0.14988257567560437
362,363,2.8431973588148033e-07,2.3402601920101913e-07,10.8727061208905,4.4479751273819055e-11,0.0,0.0,3.970451577435323e-08,1.0544721154834134e-08,14.280234240945553,15.497588276269457,0.001425674277208396,0.006677318792738649,0.14987963462541637
363,364,2.4466278878689257e-07,2.3407215549189544e-07,10.87259311362146,4.5691021707156416e-11,0.0,0.0,0.0,1.0544942273289949e-08,14.279509509023866,15.482898415854915,0.0014260368220008121,1.6237960044887173e-05,0.14988207955835345
364,365,2.521271692532666e-07,2.3404091656702475e-07,10.872667620525494,4.478075116694319e-11,0.0,0.0,7.496676145010044e-09,1.054479579006488e-08,14.279989898114552,15.492587592342995,0.0014257971067816266,0.00290056471619783,0.1498804607822132
365,366,2.44655194188397e-07,2.3406483708344205e-07,10.872609902084154,4.544807522125272e-11,0.0,0.0,0.0,1.0544909029733707e-08,14.279618625601563,15.485083011494632,0.0014259821110416738,1.5860229973675923e-05,0.14988171249238771
366,367,2.454826803157611e-07,2.3404884325608185e-07,10.872647975911777,4.4978722198446434e-11,0.0,0.0,8.440241882793907e-10,1.0544834149201422e-08,14.279864205195208,15.490034433626121,0.001425859928202075,0.000972766939538617,0.149880885026376
367,368,2.446504583240452e-07,2.3406026540775303e-07,10.872620584382377,4.530496712738444e-11,0.0,0.0,0.0,1.0544887949164775e-08,14.27968779046354,15.48647263164478,0.0014259476637243508,1.562135156397484e-05,0.14988147963435117
368,369,2.446456961691423e-07,2.340526802825387e-07,10.872638658207785,4.508313188873509e-11,0.0,0.0,3.080345601532024e-12,1.0544852409113316e-08,14.27980434581844,15.488823060163057,0.0014258897545973562,6.0001622290803086e-05,0.14988108689175836
369,370,2.446501194182494e-07,2.340599380048312e-07,10.872621355359284,4.5294983547560666e-11,0.0,0.0,0.0,1.0544886429870635e-08,14.27969277436916,15.486572912765865,0.0014259451920322532,1.5604155635106963e-05,0.14988146284929504
370,371,2.446450252208992e-07,2.340550126022051e-07,10.872633052823643,4.514920431441064e-11,0.0,0.0,0.0,1.0544863414379689e-08,14.279768260334412,15.488094200160651,0.0014259077068032643,1.5344001464549586e-05,0.14988120852976292
371,372,4.174606091550583e-06,2.3388506304941193e-07,10.873347414086442,5.80487259201133e-11,0.0,0.0,3.93011910932696e-06,1.0543870448290462e-08,14.283628515248475,15.576824958672994,0.0014238696565713634,0.06662378765240748,0.1498143880621973
372,373,2.4464501325584876e-07,2.3405500088572662e-07,10.87263308046468,4.514899827529633e-11,0.0,0.0,0.0,1.054486337184685e-08,14.279768424885896,15.488097655468001,0.0014259076139161765,1.5343344287841124e-05,0.1498812078357476
373,374,2.527939146013677e-07,2.3403957357589056e-07,10.872670373441789,4.4921705830986536e-11,0.0,0.0,8.16461303299338e-09,1.0544806286652776e-08,14.279989325461452,15.49275790913111,0.0014257824437729084,0.0030270732704808473,0.14988027465857767
374,375,2.4464499351961565e-07,2.3405498155940994e-07,10.872633126060697,4.51486585193042e-11,0.0,0.0,0.0,1.0544863301686392e-08,14.279768696323542,15.488103355258854,0.0014259074606921957,1.5342260238526336e-05,0.1498812066909244
375,376,2.476272697167878e-07,2.3404473056642086e-07,10.872657701502277,4.498758306805247e-11,0.0,0.0,2.992725950508915e-09,1.0544825616790003e-08,14.2799145132983,15.491174741701192,0.0014258249418279878,0.001832328511321205,0.1498805910348406
376,377,2.446449641376905e-07,2.3405495278750688e-07,10.872633193946399,4.514815295410442e-11,0.0,0.0,0.0,1.0544863197229536e-08,14.279769100447787,15.488111841393364,0.0014259072325652259,1.5340646280040178e-05,0.1498812049864696
377,378,2.456144631782274e-07,2.3404817069958083e-07,10.872649365541381,4.503728957273772e-11,0.0,0.0,9.764168187489957e-10,1.0544838370324805e-08,14.27986516033551,15.490133087410506,0.0014258529173439092,0.001046326628108612,0.14988079955541503
378,379,2.4464485149390837e-07,2.3405484247983172e-07,10.87263345426647,4.5146217387491415e-11,0.0,0.0,0.0,1.0544862796689149e-08,14.279770650067368,15.488144382919984,0.001425906357780308,1.5334457608289033e-05,0.14988119845062448
379,380,2.4489691222411004e-07,2.3405042416264844e-07,10.872643954277605,4.507226472014287e-11,0.0,0.0,2.565691314950497e-10,1.0544846665246429e-08,14.27983306370539,15.48945681479713,0.0014258710856859993,0.000536129391438927,0.14988093508575923
380,381,2.4464418575312917e-07,2.3405419046190476e-07,10.87263499478739,4.513486425298341e-11,0.0,0.0,0.0,1.0544860426971418e-08,14.279779818181195,15.4883369538039,0.0014259011812857453,1.5297845501533684e-05,0.14988115977917835
381,382,2.4469703088631647e-07,2.340516999648538e-07,10.872640907597335,4.5092895260990457e-11,0.0,0.0,5.538668515347981e-11,1.0544851341048193e-08,14.27981497191754,15.489076026196432,0.0014258813177439177,0.0002490506974915301,0.14988101145170307
382,383,2.4464363095554013e-07,2.340536469902272e-07,10.8726362812006,4.512551639200136e-11,0.0,0.0,0.0,1.0544858448920906e-08,14.279787471115313,15.488497756063978,0.0014258968590477772,1.5267287213460224e-05,0.14988112749487922
383,384,2.44651403612519e-07,2.3405236068952007e-07,10.87263933450149,4.5103812248476223e-11,0.0,0.0,9.085353874755066e-12,1.0544853756875676e-08,14.279805624762206,15.48887940478824,0.001425886601668301,0.0001013724334941786,0.14988105089843146
384,385,2.446432467964979e-07,2.3405327061464934e-07,10.872637173352675,4.511910432437749e-11,0.0,0.0,0.0,1.0544857077524201e-08,14.279792777017821,15.488609273246281,0.001425893861705999,1.5246102314730226e-05,0.14988110510954955
385,386,2.446435280777546e-07,2.3405266978823515e-07,10.872638599684496,4.51089735416026e-11,0.0,0.0,8.944302669968919e-13,1.0544854885710848e-08,14.279801257209419,15.488787557977092,0.0014258890700551557,3.445821774183265e-05,0.1498810693284766
386,387,2.446429512497034e-07,2.3405298102297955e-07,10.872637860498624,4.5114205231484146e-11,0.0,0.0,0.0,1.0544856021492367e-08,14.279796862818872,15.488695163827028,0.0014258915532370474,1.5229789849112907e-05,0.14988108787059
387,388,2.4464279836978985e-07,2.340527755757767e-07,10.872638348358212,4.5110747869313055e-11,0.0,0.0,5.6774288915840436e-14,1.0544855271854886e-08,14.279799763196218,15.488756143721936,0.0014258899143339645,1.682893311529966e-05,0.149881075632592
388,389,2.4496575937772537e-07,2.3412659713130907e-07,10.873202223872457,5.061502196486115e-11,0.0,0.0,2.3807229207993934e-10,1.0550474932371501e-08,14.270056966726148,15.490055662020966,0.00142443870304959,0.0005176840620359281,0.1498183545161015
389,390,2.4456161820783955e-07,2.3397125815993677e-07,10.872845453624345,4.3421263801356023e-11,0.0,0.0,0.0,1.0546938784101422e-08,14.276177065169254,15.48890453493696,0.0014251098727003646,8.207853698733305e-06,0.14988008751486023
390,391,2.445683822130886e-07,2.3394475888456918e-07,10.872925741919811,5.3379788728566306e-11,0.0,0.0,2.253009216898341e-11,1.0547713447621836e-08,14.27453139192397,15.489473961668299,0.0014246276144654004,0.00015848290011996632,0.14985690929854578
391,392,2.44553389507269e-07,2.339573474947676e-07,10.87288066511585,4.760511113542251e-11,0.0,0.0,1.1577421685328985e-12,1.0547279159197423e-08,14.275453749457597,15.489145697417552,0.0014248945799930004,3.640465534497547e-05,0.14986989862565972
392,393,2.451504120664553e-07,2.343548948149959e-07,10.873453482097577,2.020209611360901e-10,0.0,0.0,4.03883756432711e-11,1.0553107914680042e-08,14.264830546978656,15.491983444796356,0.0014233828962365652,0.00021339377418915374,0.14968426191433412
393,394,2.4454821570260535e-07,2.3393746360490765e-07,10.872974647716397,6.249638228073585e-11,0.0,0.0,0.0,1.0548255715416943e-08,14.273670654445294,15.489372466800514,0.001424295022714233,4.939784818643064e-06,0.14983868021238628
394,395,2.4454117563134884e-07,2.3393140606184523e-07,10.872952399695013,6.191713019064597e-11,0.0,0.0,0.0,1.0547852439312975e-08,14.27313409652719,15.48910742783266,0.0014246507429962769,4.340796724212598e-06,0.14984291105701797
395,396,2.4453797394558915e-07,2.3393054862685614e-07,10.872939389918947,5.972541560876359e-11,0.0,0.0,0.0,1.0547699903124266e-08,14.272816229052651,15.488912075329836,0.0014246919439845423,3.44709055172021e-06,0.14984660985024897
396,397,2.445305481876917e-07,2.3392704138345e-07,10.872943829294977,5.589121730675922e-11,0.0,0.0,0.0,1.054761558693495e-08,14.271706555619048,15.48869386170784,0.0014247106025076569,3.6095534129237717e-06,0.14985363464317986
397,398,2.445192694023463e-07,2.3391348127843753e-07,10.87296275133227,4.873200811603843e-11,0.0,0.0,9.431924765805025e-12,1.054762419102692e-08,14.268995342476222,15.488373257098964,0.0014246223320787158,0.00010181592767916366,0.14986857098442097
398,399,2.444992488945047e-07,2.3392363643594734e-07,10.872966408778368,2.8143167834191064e-11,0.0,0.0,0.0,1.0547469290723182e-08,14.268618092049564,15.487889827986736,0.001424287692048223,1.6278173512899726e-05,0.1499041597798884
399,400,2.444662806181992e-07,2.3387939213150612e-07,10.872984894109099,3.901350348605601e-11,0.0,0.0,0.0,1.054787498320701e-08,14.26849322759673,15.488054682034576,0.0014243311993674622,9.131013019834217e-06,0.14989933830420166
400,401,2.4441181321182856e-07,2.3380216162029381e-07,10.87292107665629,6.13512255252493e-11,0.0,0.0,0.0,1.0548300366009494e-08,14.305789881749941,15.488122397034456,0.0014243148187574337,3.7492305303735983e-06,0.14986121850068432
401,402,2.4438762574052315e-07,2.3377574469192484e-07,10.872808921574233,6.374895205858688e-11,0.0,0.0,1.4905493363990964e-14,1.0548117191046346e-08,14.338680355824053,15.487945790057372,0.0014243360569640715,4.650657589328343e-06,0.14986351734787853
402,403,2.4438073794125016e-07,2.337760602210864e-07,10.872707015853019,5.6542546702755803e-11,0.0,0.0,4.986783484026431e-13,1.0547636495112618e-08,14.345601801168566,15.487709834522065,0.0014243258348643263,2.2995416737835134e-05,0.14987321347445842
403,404,2.443836946140022e-07,2.337915590911209e-07,10.872629128797868,4.514336273164554e-11,0.0,0.0,0.0,1.0546992160149643e-08,14.324040049178917,15.48735634190065,0.0014243861342603367,3.492180270617398e-06,0.14986779554374458
404,405,2.443797947461364e-07,2.3377992731704165e-07,10.872682062065511,5.243711934700614e-11,0.0,0.0,0.0,1.0547430309747758e-08,14.338701500008074,15.487590865705727,0.0014243450115966083,2.299468189373844e-06,0.14987147970245626
