index,Nfeval,J,Jf,Lengths,J_CC,J_LENGTH_PENALTY,J_CURVATURE,J_MSC,J_ALS,curvatures,msc,B.n,gradJcoils,C-C-Sep,Jquasisymmetry,Jiota,Jmercier,Jaspect,Jwell
0,1,0.06430869635083042,8.543175147874824e-07,10.557429783397861,0.0,0.0,0.0,0.0,9.797008433137677e-09,12.386899490920289,14.16087745421426,0.002335864128894799,9.579414467336924e-06,0.15002201723943587,0.020630747958283707,1.6822108289634325e-05,0.0,0.00030400114861961003,
1,2,100.0,8.6778724137106,10.588486298686973,1.270188323107718e-08,0.0,0.00197212910315354,0.05351524421519268,9.748926873730259e-09,21.535929575827453,24.467388413219478,1.0673470083297047,32.259921130067234,0.1471777959830843,0.0,0.0,0.0,0.0,0.0
2,3,100.0,0.05712888175092692,10.558324691785314,0.0,0.0,0.0,6.694694401076799e-05,9.79578062526437e-09,12.767366289596914,14.52468643424196,0.5826902213396279,0.3506532321145291,0.15003518448328715,0.0,0.0,0.0,0.0,0.0
3,4,0.09672536041787987,1.4879198290552981e-06,10.557432705731358,0.0,0.0,0.0,5.817812816058419e-10,9.797004481231508e-09,12.38819095555294,14.16208571374662,0.0030970037579506875,0.000957114391810587,0.15002216573410454,0.021322481659414336,1.7843312277975727e-05,0.0,0.0003095148947789442,
4,5,0.06398427480795389,8.468453767854008e-07,10.557430047781068,0.0,0.0,0.0,0.0,9.797008075626267e-09,12.387016344282982,14.160986771334606,0.002324440068638215,4.9167959893830944e-05,0.1500220306747165,0.02067855107494997,1.6910479566933784e-05,0.0,0.00030449969428341425,
5,6,0.0637709796077339,8.422172399384063e-07,10.557432031562385,0.0,0.0,0.0,7.877981378505958e-12,9.79700091102478e-09,12.387098223786452,14.161140982748929,0.0023360625021558684,0.0001572496791969755,0.1500220772150356,0.02069401305540837,1.702961043183495e-05,0.0,0.0003055645064667651,
6,7,0.0637815777194406,8.413239817472543e-07,10.557428285512605,0.0,0.0,0.0,0.0,9.797008144553464e-09,12.386259867715562,14.16020494057269,0.002339645963205587,0.00017635680771558562,0.15002196026335668,0.02074543739970392,1.713501116291161e-05,0.0,0.0003087407135170413,
7,8,0.06373311824358056,8.410375915935189e-07,10.557430568729439,0.0,0.0,0.0,0.0,9.79700373579306e-09,12.386770865744214,14.160775458985636,0.002336413057955466,0.00013570755175204097,0.15002203154877633,0.020713877254124713,1.707085873014471e-05,0.0,0.00030680263568890745,
8,9,0.0636798208936902,8.396661481970112e-07,10.557431913606212,0.0,0.0,0.0,3.0729179047680924e-11,9.797001897690423e-09,12.387299065244601,14.16126573457569,0.002333552691236252,0.00019989060838013648,0.15002106110241784,0.02072659599279576,1.704015480651535e-05,0.0,0.0003081293891418918,
9,10,0.06362904584315517,8.383137526331058e-07,10.557419444835313,0.0,0.0,0.0,0.0,9.797018749097382e-09,12.384622746901506,14.158538407244244,0.002330982482225696,7.557958638755473e-05,0.1500206117521439,0.020742562587086323,1.699558573068726e-05,0.0,0.0003109888296516439,
10,11,0.0635666640292118,8.368287763670426e-07,10.557426418664306,0.0,0.0,0.0,0.0,9.796992044111561e-09,12.385829271390223,14.15982689102308,0.0023282165953375563,7.415013702395085e-05,0.15001720942472352,0.020748799782981588,1.703787038073675e-05,0.0,0.0003161971218652061,
11,12,0.06352195300889744,8.358841101604529e-07,10.557430770748406,0.0,0.0,0.0,0.0,9.7969506376795e-09,12.385377715337054,14.159504213779096,0.0023282640818658882,7.933083646429057e-05,0.15001151260483783,0.020740724443705304,1.7237175985665803e-05,0.0,0.00032480376542887575,
12,13,0.06350165342032016,8.355833917131694e-07,10.557434643233854,0.0,0.0,0.0,0.0,9.796911702850851e-09,12.384871559903905,14.159124123210411,0.002327912241745263,7.75737154756147e-05,0.15000619311330207,0.02072677705327456,1.736115920878082e-05,0.0,0.0003322496041569146,
13,14,0.06346547084752154,8.347590565216775e-07,10.557438039430881,0.0,0.0,0.0,0.0,9.796887963873233e-09,12.384792912904238,14.159119014563855,0.002326568178021102,8.251969476154719e-05,0.15000257464071345,0.020726784953363688,1.7417839994026375e-05,0.0,0.0003367102699400453,
14,15,0.06340772436229274,8.334064336405887e-07,10.55744584754472,1.679366558784415e-14,0.0,0.0,0.0,9.79683549018313e-09,12.384924803640732,14.159404607090803,0.0023235981032189864,6.673172334433287e-05,0.14999533211926525,0.020726844034323143,1.750050472640397e-05,0.0,0.0003457109844834822,
15,16,0.0632970603679343,8.309067017574368e-07,10.557457721593927,2.063446092748162e-13,0.0,0.0,0.0,9.796735418649821e-09,12.38452641438925,14.159388791924538,0.0023212484467533823,6.21999648831291e-05,0.14998363772229034,0.020723430236641333,1.7655846466398815e-05,0.0,0.0003618894905941548,
16,17,0.06296713438852619,8.230855224633375e-07,10.557505322766282,3.072497887015519e-12,0.0,0.0,0.0,9.796334837573908e-09,12.382933853377562,14.159339277854858,0.00231439144156688,6.16952204649099e-05,0.14993686157154737,0.020709971718581053,1.8260413394546667e-05,0.0,0.0004303120460596026,
17,18,0.06405919524156951,8.39399182052515e-07,10.55763854648343,1.492169853104115e-11,0.0,0.0,0.0,9.79526919186232e-09,12.381127866433948,14.160901331589614,0.0023381866733651144,0.0004589767244279382,0.14986147016206378,0.02081476863072381,1.903861847657592e-05,0.0,0.0005935717789344858,
18,19,0.06286909084800413,8.199794840461552e-07,10.557535056281981,4.9316043656429125e-12,0.0,0.0,0.0,9.796096753458865e-09,12.382461242772491,14.159684617816515,0.0023116461896029463,0.00011754420800755485,0.1499200093272407,0.020731153755085295,1.843764876929052e-05,0.0,0.0004645349850270159,
19,20,0.06272099300104374,8.164912990869495e-07,10.557570247254999,6.5106323480322e-12,0.0,0.0,0.0,9.795781350606007e-09,12.381505781385009,14.159329881125387,0.002305349002518606,0.00013924963151904553,0.14990809281826237,0.02071541747324898,1.883009582847989e-05,0.0,0.0005025950160149079,
20,21,0.062481639957045046,8.106412011192631e-07,10.557627275752509,9.107360903761576e-12,0.0,0.0,0.0,9.795281120022591e-09,12.381282127169039,14.159649833676866,0.002294076473831334,0.00012419760576860264,0.14989130237214673,0.020700002382384532,1.9424013836677706e-05,0.0,0.0005651179562843674,
21,22,0.06206218700486271,8.007387295688818e-07,10.557719618795904,1.4337071430975609e-11,0.0,0.0,0.0,9.794447868034765e-09,12.381085366834377,14.160331784562961,0.0022815056984266395,0.00010277093694831987,0.14986455759196401,0.020654525011396918,2.0173552890514904e-05,0.0,0.0006785507391432977,
22,23,0.061923670529505724,7.937271638192807e-07,10.557889571026095,2.9881341348735213e-11,0.0,0.0,0.0,9.792898976343273e-09,12.377925723601768,14.158979136070958,0.002263667018352884,0.00028637629124463244,0.14981408280964678,0.020624083812369517,2.149458283704708e-05,0.0,0.0009071436819170228,
23,24,0.061774100705566,7.892329830459813e-07,10.55796690933419,4.0707647754990886e-11,0.0,0.0,0.0,9.792320351297694e-09,12.378461390705109,14.159395402647675,0.0022731574173622203,0.0002292329864889094,0.14978833187056237,0.02060895404693139,2.228298036384152e-05,0.0,0.0009890163027446396,
24,25,0.06157540655021637,7.839356351488688e-07,10.558061036807997,6.239790230373881e-11,0.0,0.0,0.0,9.791584722387757e-09,12.378700815432252,14.159856347011976,0.0022708817235771255,0.00027858814140733086,0.14974645719399393,0.020573865570947335,2.228657322860582e-05,0.0,0.0010891943583049247,
25,26,0.0614348153564976,7.791261084488913e-07,10.558226556999932,8.513026609370791e-11,0.0,0.0,0.0,9.790259219238109e-09,12.377069953390448,14.160554977113513,0.0022552260338454004,0.00023891279262948164,0.1497122664598039,0.020532981319706337,2.1684033316578162e-05,0.0,0.001234918806914252,
26,27,0.061386919585679135,7.767067257432299e-07,10.558340915449634,9.260201014960048e-11,0.0,0.0,0.0,9.789199414837398e-09,12.375140763884897,14.16102484314433,0.0022513666341281023,0.00029164804657667154,0.14970364239510445,0.020515634859165046,2.2341104733890866e-05,0.0,0.001318447320764404,
27,28,0.06131070224749925,7.748777405546827e-07,10.558368349835256,8.928624387381053e-11,0.0,0.0,0.0,9.788775972604791e-09,12.37472289338704,14.16134129331952,0.0022472328644874006,0.00029116213419029183,0.14970838649585344,0.020505363732741925,2.3165411036804717e-05,0.0,0.0013358942658312878,
28,29,0.061200571489666025,7.722414016751267e-07,10.55843047329939,8.666396367478733e-11,0.0,0.0,0.0,9.788078825939383e-09,12.373615826148859,14.162003903855883,0.0022440056048222967,0.0002863672339534902,0.14971160612346884,0.020477768896039684,2.362983141244926e-05,0.0,0.0013806970562645399,
29,30,0.061050663209389525,7.685355809280833e-07,10.55850511000235,1.0101444377391228e-10,0.0,0.0,0.0,9.787107091763167e-09,12.372411524374124,14.162972712355657,0.0022391914045636245,0.00030328604615638475,0.1496907332618631,0.020441957787043056,2.486225485137278e-05,0.0,0.001438897750651779,
30,31,0.06090214496505458,7.642543169767576e-07,10.558614549402332,1.1900154193010262e-10,0.0,0.0,0.0,9.785743814091571e-09,12.370788183317583,14.164137143300737,0.0022385654199705654,0.00033662959930666876,0.149666612807474,0.020413319117678963,2.654182389122969e-05,0.0,0.0015154544918242322,
31,32,0.06068973714310667,7.580764297331026e-07,10.558766159337287,1.2876646461349488e-10,0.0,0.0,0.0,9.784264645242331e-09,12.369662392638588,14.165786456002937,0.0022284444948997783,0.00030947412359331105,0.149653102514091,0.02041401177546766,2.6742489288960235e-05,0.0,0.0016088274326016357,
32,33,0.06050553628796961,7.535362221094503e-07,10.55915867131431,2.24541949695341e-10,0.0,0.0,0.0,9.780419166183305e-09,12.353263792467857,14.169061507248713,0.002220956061035561,0.0003155279445005694,0.14954489697290524,0.020412447513257267,3.1342399236812384e-05,0.0,0.0016026056210778354,
33,34,0.06026791534728479,7.47417592418619e-07,10.559517803569552,3.439668504577508e-10,0.0,0.0,0.0,9.7769694014128e-09,12.336806570655401,14.172648365394595,0.0022158743121150843,0.0003229155260796645,0.14944063969938098,0.02044653095618014,3.5878032550960385e-05,0.0,0.0015856776320704834,
34,35,0.06029132548048349,7.439032542830853e-07,10.560045913024677,4.1922035468630194e-10,0.0,0.0,2.746140582496202e-09,9.772089053782036e-09,12.30831453459995,14.178919026643843,0.0022127204668081655,0.0016703872402134272,0.1493730253219308,0.020489278233054038,4.263634107624757e-05,0.0,0.0015336486229644457,
35,36,0.06013637447454496,7.438874781738066e-07,10.559776533766147,3.7812653813698723e-10,0.0,0.0,3.262155523682935e-10,9.774570760499375e-09,12.322723076887439,14.175546719937993,0.0022122983143257743,0.0006578694491136003,0.1494073785787991,0.020466796246255144,3.912938696491689e-05,0.0,0.0015599648074000353,
36,37,0.059963666769080076,7.379124287436063e-07,10.560118439699151,4.48959307220488e-10,0.0,0.0,2.2220420042984723e-09,9.771475507106381e-09,12.305685171649843,14.179164771005068,0.0022050577121790543,0.0015105002750422738,0.1493620879114766,0.020510835200109497,4.366463370425573e-05,0.0,0.001498439953816307,
37,38,0.05970888830578928,7.315869161190317e-07,10.560603037128116,6.479051405674504e-10,0.0,0.0,2.518885188544779e-09,9.767365597958993e-09,12.306643381948362,14.18278083300423,0.0021932520212029857,0.0016009105984765017,0.1492873778693203,0.020580498616719328,5.0946054459747465e-05,0.0,0.001392875542167521,
38,39,0.059329814404967283,7.233345106868591e-07,10.56131390421826,1.030055969683539e-09,0.0,0.0,1.262955770809384e-09,9.761386325255786e-09,12.329342139013661,14.187592496214634,0.002180069539251084,0.0011583295371882319,0.14915621480397856,0.02069585726470578,6.318881777911426e-05,0.0,0.0012326235248399933,
39,40,0.059292855132161267,7.201283483992592e-07,10.562151133268777,7.988843341762718e-10,0.0,0.0,6.204320101516247e-10,9.753012890908725e-09,12.395443839306385,14.196481644118382,0.0021925394704816713,0.0008626344919829709,0.14921515977406694,0.02089166175733068,8.112663174732613e-05,0.0,0.0010248931756326428,
40,41,0.05913415394849679,7.187484554204951e-07,10.561749974721078,9.04117258429171e-10,0.0,0.0,4.6079572588652496e-10,9.756998569359166e-09,12.364120720087163,14.191861685613166,0.002182009205789165,0.0007571552090818639,0.14918708825231594,0.020795794955602943,7.234944176896006e-05,0.0,0.0011213462264959121,
41,42,0.058853305484857406,7.107384265940442e-07,10.562116259460801,9.413017783379647e-10,0.0,0.0,9.657263755462442e-10,9.75278431328162e-09,12.399979113236611,14.19742829049564,0.002163471437967474,0.0010342900669957984,0.14915104366602946,0.020899683887963122,8.07751327442355e-05,0.0,0.001025958316391566,
42,43,0.059187116277338,7.088343039445813e-07,10.562483400642918,4.3699145655838323e-10,0.0,0.0,5.979455456250693e-09,9.747561775432727e-09,12.432371565926152,14.209475794890484,0.0021646857104490975,0.002428143279941591,0.14927555682797614,0.020974330068169827,7.942046664862933e-05,0.0,0.0011686659110403785,
43,44,0.05874436832643786,7.068123711247219e-07,10.562236026288058,7.235651446628844e-10,0.0,0.0,1.6196251558663186e-09,9.751044264854209e-09,12.410834512447115,14.201159462217571,0.002158393746609693,0.001303485242201592,0.14919252892021553,0.020922728247029638,8.035771696686792e-05,0.0,0.0010727326252343884,
44,45,0.0586021459838996,7.016257562092786e-07,10.56237731107653,5.701134804749133e-10,0.0,0.0,2.464299183794543e-09,9.74886422483435e-09,12.417706626134517,14.205748175830179,0.002149844551184486,0.0015871623370865102,0.14921699814302133,0.020937230825955618,7.85499902091791e-05,0.0,0.001158963600933032,
45,46,0.058353448441740514,6.94104565707769e-07,10.56266624727784,5.320896477814007e-10,0.0,0.0,1.8866767126056028e-09,9.745907775888916e-09,12.444349018519738,14.211724656782863,0.0021386202072261546,0.0013986412233660838,0.14920006811050626,0.020930179936830128,7.359089205598864e-05,0.0,0.0013738975921482603,
46,47,0.059041303874227194,6.850064381165422e-07,10.563507088084705,9.237249644604198e-10,1.5714580008835682e-08,1.4663035379051006e-09,1.9853048053773126e-09,9.742072783301297e-09,12.465139920848754,14.224513124363352,0.002122731792598498,0.0015780647409709219,0.14910237312487737,0.020949892797621536,7.092354852937005e-05,0.0,0.0016402543804908214,
47,48,0.058236500240634106,6.904446671858464e-07,10.5629072466885,6.167905125721677e-10,7.196245595551983e-11,0.0,1.6017445868935553e-09,9.744797521006256e-09,12.45043037611185,14.215257253980106,0.0021327909267342573,0.001302874932113585,0.14917147964948993,0.020935522798333727,7.280452014637319e-05,0.0,0.0014489341277229408,
48,49,0.05813627478223002,6.860473917186372e-07,10.562541712555754,7.693822187173382e-10,0.0,0.0,1.6925172439280698e-09,9.74097060990253e-09,12.45918896115243,14.220931895947636,0.002125179432986097,0.001343452321671622,0.14913720013088985,0.02095042898589644,7.179792083129844e-05,0.0,0.0015553534984613928,
49,50,0.05826722883603119,6.826952428550361e-07,10.562810288817062,8.13293660511982e-10,0.0,5.116094734682549e-09,2.185823503734962e-09,9.739562764792762e-09,12.482449164914113,14.226864837588998,0.002117538138869377,0.0015250856362544623,0.14913408503349934,0.021007434242487126,7.286335579243062e-05,0.0,0.0015036601596816678,
50,51,0.05808594389470104,6.846277925583996e-07,10.562630203484513,7.828059528584622e-10,0.0,1.745135013734944e-10,1.8164283927790237e-09,9.740503636447173e-09,12.466927140758706,14.222882005349913,0.0021222849498790967,0.0013898676973811452,0.14913611250355097,0.020969271959564478,7.215081181726462e-05,0.0,0.0015380616148710994,
51,52,0.05800668465509383,6.828945200007644e-07,10.562783525457219,8.453959662533167e-10,0.0,0.0,2.0669183298240425e-09,9.740206896017998e-09,12.464699253085735,14.224564378923414,0.002118506321954299,0.0014768459605290414,0.1491589087117459,0.02100253043157746,7.242817150505655e-05,0.0,0.001502520448823138,
52,53,0.057881671149450774,6.808333101576334e-07,10.563064109487524,7.709989501575333e-10,0.0,1.9589538064383204e-11,2.296984626588345e-09,9.740067823432963e-09,12.478761547783648,14.227815455525764,0.002113387559754984,0.0015515642821339777,0.14927820589385576,0.021067169439679925,7.252629909351739e-05,0.0,0.0014061911640419144,
53,54,0.05769454875420853,6.796099893882503e-07,10.563598443394577,2.8839379199812126e-10,0.0,3.4907653569858705e-12,1.8138033152575452e-09,9.741744890323461e-09,12.504418594252641,14.232049963028478,0.00211097778168189,0.0013945200923264397,0.14955810498554836,0.02114266092881783,6.657994474324986e-05,0.0,0.0013132172703991295,
54,55,0.057534477478771315,6.786731951471684e-07,10.564541758314565,7.833657606541031e-11,0.0,0.0,2.3103101188206644e-09,9.745958291685817e-09,12.538167243255021,14.239295083836197,0.002104492986516669,0.0015633378435797687,0.14975101055718518,0.021254682082535406,5.634292860421818e-05,0.0,0.0011759761035066499,
55,56,0.05739458542591555,6.764733498896512e-07,10.56548458081517,5.93227323223518e-11,0.0,3.347464770584283e-13,3.5625459090031622e-09,9.753030640787268e-09,12.48046275110094,14.246657743616657,0.0020994975587968587,0.001910116466885037,0.14978305954293117,0.0213620900607436,4.854145584835677e-05,0.0,0.0010546516107761794,
56,57,0.05752014981684456,6.785093209101366e-07,10.564585336069726,7.726633270227687e-11,0.0,0.0,2.2809050202374185e-09,9.746288724664229e-09,12.53548368155975,14.23959947594794,0.0021041864189268187,0.0015539658529979798,0.14975446702358797,0.021259670935371684,5.596463721804665e-05,0.0,0.0011701434599053716,
57,58,0.057397794467755336,6.768533582188858e-07,10.565186994147457,6.439706892772583e-11,0.0,6.0513194207136e-14,2.7002625361847135e-09,9.750815413415382e-09,12.498597411154666,14.244161323360885,0.002100734235296143,0.0016782465530782963,0.14978851213143074,0.021328286167609272,5.092000315489168e-05,0.0,0.0010918635810667247,
58,59,0.05725835160114795,6.754514614749467e-07,10.56614011049751,2.7558888229187534e-12,0.0,2.6908000570786566e-13,1.198651175596221e-09,9.762410760845341e-09,12.483012030208997,14.250251773247047,0.0020959253920181803,0.0011567658114515977,0.14994762936095687,0.021391491289392172,5.0032017922323305e-05,0.0,0.0010457627135217115,
59,60,0.057260969311814305,6.690490175699584e-07,10.56749762720939,9.198048299298402e-11,0.0,0.0,5.74773859331278e-09,9.77833314871442e-09,12.497127213528772,14.259208087899735,0.002086516118956469,0.002384689545268328,0.1496549224261292,0.021421633264729838,5.1937470862084384e-05,0.0,0.0010866078487147483,
60,61,0.057180558498361386,6.714531431427527e-07,10.566827385782085,2.8941066474802448e-11,0.0,4.2596615197310304e-16,2.6974164630032938e-09,9.770498244581479e-09,12.490158729767064,14.254627584313479,0.0020902389634239603,0.0016665298916044118,0.14980979308840195,0.021406677895045065,5.099562294549049e-05,0.0,0.0010664244067226118,
61,62,0.05706793857097931,6.682925287104217e-07,10.56781835023941,1.0932037304777439e-10,0.0,3.2953591458556257e-12,2.340663033115596e-09,9.782301820321243e-09,12.508594929874253,14.259562028493303,0.002082640264989523,0.0015541455375115809,0.14962379131933848,0.021407256661524522,5.0953696497202e-05,0.0,0.0011247394796802316,
62,63,0.05698203069400795,6.629758741694406e-07,10.569717229321821,1.4135955602678625e-10,0.0,7.640321951218073e-11,4.05531363696267e-09,9.802523959349422e-09,12.528566659200173,14.269337069800649,0.002070492977718563,0.002009601633131133,0.1495720452551333,0.02140429746841993,5.599721361526578e-05,0.0,0.001165187362370766,
63,64,0.05685459622150893,6.598366869200614e-07,10.571562064904134,1.2217860673452935e-10,0.0,1.4265299468332238e-10,3.8679008351355356e-09,9.82194811317853e-09,12.469370397453513,14.275886494791447,0.0020618224858084556,0.001954543869111847,0.1496001684619615,0.02140479653361764,6.268633451954945e-05,0.0,0.001133367969206243,
64,65,0.05672986303372451,6.574017707375439e-07,10.574262540038692,5.707294369163245e-11,0.0,4.4927143472768705e-10,3.76901568432431e-09,9.853614356946569e-09,12.473792564622176,14.286781456376568,0.002058261877566789,0.0019257757555556265,0.1497264311573231,0.021372875597580113,6.820666292128874e-05,0.0,0.001098383549069967,
65,66,0.05663331729494549,6.53743829939631e-07,10.576836113920358,1.3087904324085433e-10,2.798969880635945e-10,7.390510945819622e-10,5.649005076866069e-09,9.886717508987448e-09,12.505108736795343,14.297412592693338,0.002049858623112825,0.0023454391559785035,0.1495852546359832,0.021342484338374417,7.007703958510889e-05,0.0,0.0010685935781515644,
66,67,0.05655831483124969,6.522166594140468e-07,10.579112381149873,2.2123906154983147e-10,1.0719053846745446e-09,8.600629189536418e-10,5.466229306357977e-09,9.912261105825489e-09,12.494157369546144,14.304889186269309,0.0020451081443346275,0.002304725146629386,0.14947007624971617,0.021313760601027902,6.880659046702485e-05,0.0,0.0010690704659812138,
67,68,0.05643214787187044,6.497037874044889e-07,10.580890600123368,2.076023992464708e-10,1.926853834126362e-09,6.212269268660639e-10,5.092252581899333e-09,9.932801205275864e-09,12.508166712825453,14.309445971835746,0.0020395910920078903,0.002231795263467771,0.14948723397447009,0.021288184484695993,6.814431605138987e-05,0.0,0.0010882940090653503,
68,69,0.056243988739048685,6.460092905014617e-07,10.583895712881887,3.2236799895580553e-10,3.2253508950913218e-09,2.1995226482918323e-10,3.990982019288213e-09,9.96809160206453e-09,12.504595784299799,14.315584263053779,0.0020315744941303156,0.0019965648752327224,0.14939144562051734,0.02126786998502927,7.117355577807203e-05,0.0,0.0010775814321542655,
69,70,0.05602324634035247,6.381982411546819e-07,10.58888318731512,4.1374428568593476e-11,4.503449675098735e-09,0.0,5.650533921912e-09,1.0026894573855281e-08,12.534361544354573,14.322491827753971,0.002015242057600624,0.0023567014122476346,0.1497631342872841,0.02124598841959277,7.567131005770344e-05,0.0,0.0010995201324766417,
70,71,0.05568559415232189,6.326856629379874e-07,10.594819642431435,1.6318788678230308e-10,5.540246694146043e-09,0.0,2.628821358616522e-09,1.0100250971735143e-08,12.597428909875012,14.32888772690037,0.0020016229009752733,0.001644054142134051,0.1495750905524709,0.021272503358239075,8.27236402160449e-05,0.0,0.0010299458994590556,
71,72,0.055480516470554145,6.262902463170692e-07,10.604547920726295,5.26760021288752e-12,7.933739304168452e-09,0.0,6.351980932202049e-10,1.0220293097410886e-08,12.498271242210558,14.340452894789184,0.001988335738153505,0.0009084782399158078,0.1499179880875421,0.021300422978054755,8.621994569196771e-05,0.0,0.0010636568149756532,
72,73,0.055153987104397256,6.201487559247378e-07,10.61041267807735,2.6751435318774477e-12,7.577279539125217e-09,0.0,1.56276357146677e-10,1.0301417524567403e-08,12.464157764765032,14.34580364679974,0.0019726360167060058,0.0006000332413738137,0.14995442462841596,0.021411833711951725,7.868011557614144e-05,0.0,0.0010460320122286277,
73,74,0.05616471633752728,6.274568613225559e-07,10.621936943773047,3.087765972024009e-12,4.354493318786774e-09,0.0,1.4116308128922427e-08,1.0439786652422322e-08,12.606083730702379,14.346572507844765,0.0019646589840142258,0.0036754544900082426,0.14993507859344396,0.021525485071287504,8.816298178233628e-05,0.0,0.0009390745889832688,
74,75,0.05505644817251877,6.187341468212646e-07,10.613339783505152,0.0,6.348416903724417e-09,0.0,3.9964635010880174e-10,1.0336550121362392e-08,12.499585974758537,14.345000499576344,0.001965770943290237,0.0007501822550331022,0.15008494230201036,0.021436609992695255,8.10694550624863e-05,0.0,0.0010182056193756117,
75,76,0.05491072830310256,6.16933126336507e-07,10.616938513447922,0.0,4.840704616460781e-09,0.0,3.2812043948445424e-11,1.0377589505439346e-08,12.510438187770479,14.342119036716575,0.00196086605807466,0.00042961055125368504,0.15003171899807943,0.02142552112462621,8.74755291709518e-05,0.0,0.001001240261648882,
76,77,0.05491673514642832,6.120050454685685e-07,10.622777728807758,8.815318707406293e-11,5.168430200594685e-09,0.0,4.7147911877136034e-09,1.043131234440216e-08,12.50047625155221,14.347959660551659,0.0019530246215448879,0.0021466200134993376,0.14972819327443643,0.021402657473506066,8.453072763269308e-05,0.0,0.0010483837771777672,
77,78,0.054815342039003206,6.13924716789005e-07,10.619970406706743,1.4170966694144314e-11,4.90347738113804e-09,0.0,1.104438280106166e-09,1.040544816311862e-08,12.505327154740575,14.344881517564762,0.0019562182320399563,0.001092458006861827,0.1498927911111199,0.021412771194123346,8.593679806077969e-05,0.0,0.001025590285268899,
78,79,0.054685726071896076,6.100231764670744e-07,10.623490629065557,1.8187754950653278e-10,5.8227980157539025e-09,0.0,1.0081059938645858e-09,1.0432067290719532e-08,12.518333666864034,14.352602730676985,0.0019483375352192139,0.0010649037271247802,0.14965463829193898,0.02144228241235576,8.467085273795946e-05,0.0,0.0010233338663148599,
79,80,0.05463257333082867,6.031067980508186e-07,10.627914872260586,3.8056056496616376e-11,8.14565980538441e-09,0.0,2.152063063270068e-09,1.045897112635527e-08,12.542934074530788,14.362281140914293,0.0019374576236824048,0.001502755598002241,0.1498321829893834,0.021499566021059645,9.410523429992024e-05,0.0,0.00099687756165367,
80,81,0.054580093103738306,6.017834756566137e-07,10.629295470354585,3.69365761433508e-11,8.80355096649161e-09,0.0,2.2509560113147644e-09,1.0468366009091452e-08,12.54525579065036,14.36458157171245,0.0019312084595685581,0.0015411122247467864,0.1498227111772343,0.02156093489761177,8.560619202384361e-05,0.0,0.0009959320249052675,
81,82,0.0545091821204934,6.014672094291727e-07,10.630333844326529,2.6461872445734338e-11,8.300500794765951e-09,0.0,2.157782579150961e-09,1.0479232435109961e-08,12.549295678062585,14.364262937631011,0.001927759483921702,0.0015124371575858957,0.14981624719869568,0.021579520468078206,8.20597562678604e-05,0.0,0.000987504734204345,
82,83,0.05445860090983715,5.98754396854925e-07,10.63188410088366,0.0,8.901590864774675e-09,0.0,1.8115060405261766e-09,1.0488919275381012e-08,12.556255271442469,14.364426702195844,0.001923437376916928,0.00140627006344711,0.15001294012676136,0.021519142296619435,9.275325792206875e-05,0.0,0.0010141053822166836,
83,84,0.05439343356908864,5.969281280208605e-07,10.632458959884154,0.0,8.649529858323855e-09,0.0,1.656609378025078e-09,1.0492607455442848e-08,12.571214934190015,14.36302876681821,0.001920745235194863,0.001349515776022009,0.15008603863369313,0.02149250799569747,9.415456807739344e-05,0.0,0.001073036156984744,
84,85,0.054294775470211526,5.956329206326168e-07,10.632969011521496,2.4184908365091114e-11,8.497958233166754e-09,0.0,1.5506161328790529e-09,1.0494758174400722e-08,12.54936577221621,14.360648896089675,0.0019190753074808926,0.0013008297424028329,0.14988342007957897,0.02155116353527921,8.882937403679966e-05,0.0,0.0010452962904929771,
85,86,0.05423151645841501,5.947545230895617e-07,10.633209295794764,3.734694046427015e-11,1.0398228319611418e-08,0.0,2.518906364971519e-10,1.0490392627901784e-08,12.547515084540816,14.366722316136698,0.0019204640076920963,0.0007230408335396983,0.1498897696708334,0.02153954610448508,8.658908931838931e-05,0.0,0.0010294603800442015,
86,87,0.054161604787609716,5.923171281557119e-07,10.63319969582664,2.476459743418921e-10,1.0869424550240872e-08,0.0,1.3362368060914701e-11,1.0487777721024664e-08,12.561866232654465,14.370832228988398,0.0019155891852175332,0.0005425919913247994,0.14962550244918377,0.021509732931728393,8.572377110690953e-05,0.0,0.0010978672063431593,
87,88,0.05405814392138485,5.912788636235465e-07,10.633520349173736,7.739815346307672e-11,9.555506143579863e-09,0.0,5.470536701378706e-11,1.0488099772576183e-08,12.547337538437182,14.374897775215524,0.0019154393531244244,0.0005547034251649963,0.1497846521767275,0.02149408717369152,8.683126776401292e-05,0.0,0.0011230154170442498,
88,89,0.05390073199524533,5.885551921471942e-07,10.634032590634574,4.37192456319418e-10,9.159145451549194e-09,0.0,6.001561033293098e-11,1.0481985162677595e-08,12.570518301613484,14.382223115235917,0.0019106255876763754,0.0005421166095950703,0.14952383694712762,0.021582919650866658,7.457532817654355e-05,0.0,0.0011373825212097634,
89,90,0.053680405134847384,5.84616335264767e-07,10.635277658486526,3.5158099851181703e-10,9.421638676384267e-09,0.0,2.8172425904447574e-10,1.0474238857632602e-08,12.594411659483416,14.389986273791617,0.0019067894567178503,0.0007174110119761229,0.14947387601915202,0.021467216004788348,7.376100763979403e-05,0.0,0.0012183031508441304,
90,91,0.05333824613268337,5.785392970803124e-07,10.637552857782772,6.609494265215034e-10,9.135264330282843e-09,0.0,1.2711670233932954e-10,1.0456140847195873e-08,12.502163128021733,14.39247046755608,0.0018986852374218036,0.0005995966368959535,0.14929593006475522,0.021415018228399592,6.950744984942827e-05,0.0,0.0012822149864569687,
91,92,0.05304737463618679,5.684972551246715e-07,10.64189919539881,9.861750888586209e-10,8.371235215807656e-09,0.0,3.871154192365082e-09,1.0426373253016459e-08,12.604806109646239,14.400891343707933,0.0018897643599415318,0.0019621692421892788,0.14934969680794227,0.021483637764871177,6.0722326267208494e-05,0.0,0.0013489039649076157,
92,93,0.05264037135093835,5.623462243597908e-07,10.646333022011774,9.004034448349333e-10,7.09225552234622e-09,0.0,1.6183940226962466e-09,1.0403219374429162e-08,12.613366429795747,14.406565815426724,0.0018885612284956666,0.00129557170369265,0.14939497159371373,0.021457908327049035,6.076487996223592e-05,0.0,0.00145678938806209,
93,94,0.05240913592381426,5.580579986077511e-07,10.657495502628537,1.8711547749724156e-09,4.831914653712521e-09,0.0,2.034607651161585e-09,1.0375715891507779e-08,12.603815541569949,14.412327457719607,0.0018769737742572912,0.0013949715570019945,0.14904110665941622,0.021365339095117685,5.8513115599921176e-05,0.0,0.0016000960937419754,
94,95,0.05218168322352781,5.542014334745102e-07,10.665310542718533,5.638188073257794e-10,5.561511599169446e-09,0.0,7.954193493064711e-10,1.0377485629926695e-08,12.574786288251373,14.416524136519222,0.0018770312079920749,0.0009228231839852847,0.14951693727692789,0.021351451996455575,6.53848049170943e-05,0.0,0.0016013997348893723,
95,96,0.052062380014904486,5.507738533456205e-07,10.674395004969295,1.4037897839434084e-09,3.369245978706233e-09,0.0,1.583019026453695e-09,1.0402272512947475e-08,12.608830014726559,14.418250678938549,0.0018803873851911527,0.001222696519320923,0.1491813996892049,0.02133309434958982,6.707666326761716e-05,0.0,0.0016819100002549861,
96,97,0.05189434841350613,5.498337944855421e-07,10.679689056567785,4.86619353539404e-10,2.722662126182454e-09,0.0,5.988804202251124e-10,1.0419151343576686e-08,12.592824538696512,14.417677822276023,0.0018817286442774962,0.0007853594894403018,0.14954445305910333,0.021314849358008713,6.361884459823789e-05,0.0,0.0017402552230616922,
97,98,0.051791651638439976,5.485825642961341e-07,10.68569986391513,5.622142164654628e-10,1.2266769668676594e-09,0.0,1.4818815037638911e-09,1.0437022438560576e-08,12.625340086725096,14.425714297872874,0.0018757254310014704,0.0011687704658743623,0.149443255574327,0.021177077649011507,8.07095491786743e-05,0.0,0.001692960526551966,
98,99,0.051636383763629126,5.462354791120647e-07,10.68837471339198,5.136193154545269e-10,1.2683231394518189e-09,0.0,7.030353985356717e-10,1.0456148918319444e-08,12.609504457359552,14.429214584442859,0.0018686107392422394,0.0008291795253232398,0.14945913371941055,0.02118505172628729,7.52934770593483e-05,0.0,0.0017395669725570858,
99,100,0.05145550226442043,5.42416985391775e-07,10.69099796229796,2.32931125103931e-10,1.624554646008451e-09,0.0,1.686465686301429e-09,1.0482868935403601e-08,12.62981181370087,14.427854085590276,0.0018706699583627686,0.0012480385122450467,0.14972124196925649,0.02109555949079732,7.157510376505715e-05,0.0,0.0018220014467427337,
100,101,0.05125220314552864,5.369420768255346e-07,10.691303396887738,6.003399386900935e-11,1.3445764456471478e-09,0.0,3.139948608212411e-09,1.0462894457499057e-08,12.593878078217088,14.42563711824361,0.0018598931298670458,0.0016943844947764496,0.1498215153633827,0.021082690560750045,6.779176595724596e-05,0.0,0.0018941184086678808,
101,102,0.05104269449229362,5.340658991967581e-07,10.692676863926675,2.870851171430897e-10,1.531792758485645e-09,0.0,7.706528870925565e-10,1.0446322295710648e-08,12.609198976046411,14.417570226037878,0.0018581162285197519,0.0008544743893783727,0.14964932404492043,0.021073894066182465,6.593030493568112e-05,0.0,0.001954409763994584,
102,103,0.050861475850673604,5.28273710864929e-07,10.689760040541692,4.3822980036494716e-10,1.4493270877884208e-09,0.0,1.0590600156359824e-09,1.0403824116787485e-08,12.559076801211226,14.406136280722489,0.0018540143840038476,0.0009938432325222954,0.14960137805311632,0.021161899560694572,6.518230881741093e-05,0.0,0.001966545607529639,
103,104,0.05072552573976692,5.242722165600572e-07,10.685193603300512,5.803173486866248e-10,1.1171336521706418e-09,0.0,2.3191753436825553e-09,1.0367023472514241e-08,12.516980971499185,14.404364722287866,0.0018400789403102498,0.0014541982844102786,0.14940082914253075,0.021241063637827084,5.5865938102852474e-05,0.0,0.0019930094020556934,
104,105,0.05060726060065358,5.222804553434324e-07,10.680588767739426,7.662934093696444e-10,9.587763137227423e-11,0.0,2.2881384037063794e-09,1.0350542388403207e-08,12.480836005710959,14.404205593485566,0.0018406768791098948,0.0014505459707834887,0.1492617363365223,0.021312789517855923,5.1432185546689305e-05,0.0,0.0019910838685165814,
105,106,0.050497763120801495,5.191644895603211e-07,10.68046272185159,8.080932333873134e-10,1.497601766176491e-10,0.0,2.38118412725542e-09,1.0343127795927508e-08,12.486059294837041,14.402806852523703,0.0018335403259511413,0.0014743216648075376,0.1494068932785086,0.021401266735282518,4.699566031277511e-05,0.0,0.00198420703771569,
106,107,0.05035152229648187,5.178720159264451e-07,10.681957099800853,1.0183733819723644e-09,2.846961285610967e-10,0.0,1.2329306087879412e-09,1.0357853976540156e-08,12.507957443876315,14.407593358294989,0.0018337322248790568,0.001060048723110502,0.1491841582734647,0.021414536401021738,4.538101596509382e-05,0.0,0.0019448822346938475,
107,108,0.050172711109675534,5.164246593816831e-07,10.686414139924338,6.635029659326069e-10,1.7741411925733653e-10,0.0,8.769379435126342e-10,1.0396197194414543e-08,12.523496618879756,14.410560881171303,0.0018257193337498808,0.0008934070014533235,0.14939154064606538,0.02144966639616054,3.99349224460312e-05,0.0,0.0018967599088146082,
108,109,0.04994249843455134,5.131104741981753e-07,10.692676337938149,2.2735250060733533e-10,1.9099354329245835e-10,0.0,1.8496927643038585e-10,1.0481481232528672e-08,12.54325922942675,14.412465443115744,0.0018220511565441152,0.00043376560394978685,0.14963382314074855,0.021507296532375722,3.775697381039991e-05,0.0,0.001847868626519832,
109,110,0.049881862021200735,5.090843140059086e-07,10.705234441985613,1.9318963033569565e-10,2.25128916586559e-09,0.0,2.2758614212058574e-10,1.0556835585716485e-08,12.532275630593002,14.4274858964795,0.0018152865493359137,0.000513385182259778,0.14957944357770403,0.02171793756896426,3.459320421443022e-05,0.0,0.0017023316835949867,
110,111,0.04979891217483034,5.102320967236231e-07,10.69810370981548,1.80423938963212e-10,2.1355494635849842e-10,0.0,1.5996805621172797e-10,1.051369327553302e-08,12.533627218346734,14.418700260724275,0.0018163873730531782,0.00039785990380682276,0.14960776036453008,0.021586878806936913,3.637251440315995e-05,0.0,0.0017833213768272318,
111,112,0.04965720415062869,5.085900486478466e-07,10.703781549745083,6.731361345837997e-10,1.3744900955041552e-09,0.0,1.7064446817183223e-10,1.0550799517433252e-08,12.537130837443863,14.435540481664464,0.0018177023854561044,0.0004506287616899961,0.14941906654712786,0.021550088859698755,3.6924030720887694e-05,0.0,0.0016699190405441025,
112,113,0.05700113422453442,5.062707706526817e-07,10.711642061772295,1.0369282487875552e-09,9.696322527328227e-10,1.4841000790540547e-07,5.980800189801799e-10,1.0629084018956089e-08,12.62009384717441,14.453470918786655,0.0018146892207726772,0.0010822336463328598,0.1492386778632245,0.021628041938724078,3.293030869071459e-05,0.0,0.001648064044025938,
113,114,0.04964979784185064,5.084658666280364e-07,10.703986702164118,6.817862203180424e-10,1.330768769466076e-09,0.0,1.7542136040086774e-10,1.0552826107184516e-08,12.539314785518549,14.43598984689576,0.0018175154773610118,0.00045390328901848435,0.14941423628129655,0.021551962506398577,3.6816017402095384e-05,0.0,0.001669341707160922,
114,115,0.05225203761711217,5.06545372837702e-07,10.708801331894277,8.98099528838738e-10,8.62458821893398e-10,5.3810600528260604e-08,3.7295081684787403e-10,1.0600645015712601e-08,12.590277307989476,14.4468251824385,0.0018148891844752756,0.0007281125028574619,0.14930277932402347,0.021598255920559188,3.433749378737649e-05,0.0,0.0016559003812164268,
115,116,0.049644436453115184,5.08374682197747e-07,10.704141002650989,6.883239446497023e-10,1.2995025221766184e-09,0.0,1.791711434053488e-10,1.0554350960906897e-08,12.540956705097006,14.436328502535167,0.0018173799774924523,0.0004565565201013851,0.1494106077586493,0.021553377874289834,3.673493089370491e-05,0.0,0.0016689077314441703,
116,117,0.050717832854948124,5.069832775247951e-07,10.707207211626491,8.237333509779631e-10,9.174478366240144e-10,2.2880854684739275e-08,2.864858902622165e-10,1.0584758196410224e-08,12.573464543889465,14.443176955320771,0.0018154405070913606,0.0006038308660064659,0.1493392839316676,0.021582268422461783,3.514083875145521e-05,0.0,0.0016603281707814174,
117,118,0.04964041193892993,5.083017042684686e-07,10.70426687989103,6.936774912393966e-10,1.2749953154375144e-09,4.3528861898846186e-12,1.8233219900845295e-10,1.0555595308218563e-08,12.542295737057719,14.436605204623916,0.0018172711787285288,0.0004590299841417622,0.14940765045751184,0.021554536425514564,3.666887830336328e-05,0.0,0.0016685538569535402,
118,119,0.04961152109493049,5.078154445876085e-07,10.705186459049116,7.16602541106117e-10,1.1704861547173082e-09,0.0,1.9601959610046593e-10,1.0563890292558831e-08,12.537545854770272,14.43762415192208,0.0018164174581964223,0.00046896115091718624,0.1494014316961735,0.02156271556478738,3.6226292154472545e-05,0.0,0.0016634204499940354,
119,120,0.049563890834586316,5.069795454324473e-07,10.706868470908498,7.971184509939669e-10,1.2149724616817374e-09,0.0,1.6389265234594156e-10,1.0581335290308684e-08,12.534873396629097,14.4404873756727,0.0018145129282317967,0.0004412404555850369,0.1493962853251246,0.021561112795844276,3.645045748597786e-05,0.0,0.0016514302494932203,
120,121,0.04947367647549129,5.054301618543877e-07,10.71015057916914,7.415240273442975e-10,1.2488217987538915e-09,0.0,1.7228469322435998e-10,1.06066188647515e-08,12.530408737571841,14.447346871760782,0.0018113497338891023,0.00045111327302819386,0.14942599755183852,0.02157318561127908,3.733235005478753e-05,0.0,0.00161719680174121,
121,122,0.049357794529715976,5.027986851288798e-07,10.716173889716838,9.046279090972031e-10,1.18588962661293e-09,0.0,4.853852778725801e-10,1.0658386479548746e-08,12.520320793182345,14.448490320973995,0.0018065716922946915,0.0007019101309482254,0.14926631826194933,0.02160350210371457,4.0299031207035736e-05,0.0,0.0015496533928304227,
122,123,0.049286284584368956,4.996971563420071e-07,10.719758567829649,5.372778762321746e-10,3.370759590311583e-09,0.0,3.1806940113970737e-10,1.0672023642596912e-08,12.528605672554969,14.463549490532426,0.0018007657591130354,0.0006332454805230063,0.14936268696432825,0.02165558145000939,3.6300377487906705e-05,0.0,0.0015379350168661654,
123,124,0.049168057708066315,4.97839869412464e-07,10.72274645460993,6.363517070920788e-10,3.3690258944167937e-09,0.0,2.813505151211943e-10,1.0686813795065515e-08,12.522815139538679,14.469980330234389,0.001798211563214849,0.0006028621535517557,0.14938041294733026,0.021650584730349025,3.695751606177108e-05,0.0,0.0015072272508918746,
124,125,0.04898121179266429,4.958312685934129e-07,10.727661728662106,4.13029634437241e-10,2.7620348294852666e-09,3.71760346833243e-12,2.514105817076655e-10,1.0736195321407969e-08,12.525298748189758,14.47969108532767,0.0017944920850883393,0.0005752726637208081,0.14951066064762983,0.021653954354241466,3.686730203053794e-05,0.0,0.0014587015899214175,
125,126,0.048770795650547275,4.921836016882367e-07,10.73656550171345,3.6075894089387674e-10,3.032923069650136e-09,1.899065167593778e-11,1.768135705873236e-11,1.0821194769148707e-08,12.535526045882172,14.495463340337652,0.0017885910742832783,0.00034795022333424674,0.14946789515820139,0.021699732674392975,3.910926367912229e-05,0.0,0.0013582128155298588,
126,127,0.04901005281591787,4.894974492808535e-07,10.742612970725535,5.361966951001563e-10,3.550972511004363e-09,5.893544134226552e-11,8.423214785892336e-09,1.0862535087622845e-08,12.529615139524354,14.504119894208806,0.0017901874573613655,0.00040781681715166694,0.14940589522909672,0.021677019897352386,4.006014491238523e-05,0.0,0.0012859662793506862,
127,128,0.048643653427838496,4.907188789554133e-07,10.739054953082896,4.293057828869498e-10,2.623317523965055e-09,3.024652336305612e-11,5.071916597700991e-12,1.0837843357604809e-08,12.533034955107453,14.498842326376783,0.001788541200679414,0.00031605715482792106,0.14944081423386654,0.021688339341148267,3.950974045912423e-05,0.0,0.0013279834791078153,
128,129,0.04986340620195395,4.886486493900382e-07,10.743484779337143,2.0428631743152915e-10,3.5193894163947578e-09,2.7252354034500126e-16,2.6903590239976305e-08,1.0864903512662516e-08,12.542927212392772,14.507292306692305,0.001786147354861307,0.000491320420182666,0.1496227694614296,0.02163571149651448,4.0186110359623056e-05,0.0,0.0013187926443918973,
129,130,0.04861765014897102,4.904302355782534e-07,10.739537072762941,4.005159213665819e-10,2.550340693450704e-09,2.3800298604923695e-11,2.791479674820449e-12,1.0840729901375976e-08,12.534125521304341,14.499715049747012,0.0017882184735848025,0.0003103382611652166,0.14946087929080826,0.02168241017715051,3.958361121744838e-05,0.0,0.0013269831660094793,
130,131,0.048663353356769884,4.898004213406406e-07,10.740407635896364,3.627279724604685e-10,2.5567863236606576e-09,2.3274073013409182e-11,1.8599110856211438e-09,1.084451697469422e-08,12.533384419791334,14.501978717819123,0.001786560805693235,0.0003269495871372301,0.14949124273684386,0.021678130726988515,3.976945592643188e-05,0.0,0.001315146182012614,
131,132,0.04860532304194355,4.902350761546314e-07,10.739794336331055,3.891351959780939e-10,2.545406644654491e-09,2.3663862007739934e-11,5.133221158829699e-11,1.084184171824685e-08,12.53390682943902,14.500380584844649,0.0017877185090048589,0.0003105785603272788,0.14946986069198454,0.02168113907833926,3.9638521652802323e-05,0.0,0.0013234759577208258,
132,133,0.04858202094908792,4.898996341109503e-07,10.74019108819968,3.627262199630771e-10,2.516646781249399e-09,2.2464614656061756e-11,3.393401088423999e-11,1.084344190229872e-08,12.534069286772482,14.500301024722303,0.0017867654642322141,0.0003056031408887293,0.14948711707598916,0.021683053445846596,3.9649752284190684e-05,0.0,0.001318527598399199,
133,134,0.048509039285560045,4.88768309407955e-07,10.741785658127569,2.66221765344829e-10,2.5405419507718056e-09,1.791880773541451e-11,5.220125767491542e-12,1.0850024593446191e-08,12.534699397774574,14.5000565117229,0.001783254428992387,0.0002977920060311594,0.14955622746980043,0.02169086780262281,3.969519020399394e-05,0.0,0.0012988077483461528,
134,135,0.048363217165160705,4.870386320922899e-07,10.744135095157633,2.873592332842267e-10,1.6963595204497042e-09,0.0,4.983334813764062e-11,1.084499408194467e-08,12.531457085997303,14.50027073540601,0.0017796611254523417,0.0002657352567582812,0.14953541664453093,0.021695355793943587,3.878547756828618e-05,0.0,0.0012841476817290138,
135,136,0.048198384785056725,4.839308718727841e-07,10.747682048303282,1.1634108909749779e-10,2.7883239202866493e-09,0.0,5.390489910098302e-10,1.0840079449659456e-08,12.527642737499233,14.501429772590704,0.0017779952669924866,0.0004751392161695837,0.14972828276753594,0.02164044316938439,3.7958937555279335e-05,0.0,0.0012676189739775053,
136,137,0.0479984733036522,4.818406347002994e-07,10.750605347689891,1.2839814119788003e-10,2.041040659616856e-09,0.0,1.2177582843757486e-09,1.0836107563861237e-08,12.516589777043313,14.502192981902834,0.0017723391116555175,0.0008694541565473128,0.14968950609772863,0.021584507256098638,3.893839163333309e-05,0.0,0.0012213851637525833,
137,138,0.04774144474043526,4.792920753077927e-07,10.752896132786397,4.6686055123080514e-11,8.729116552038078e-10,0.0,1.4287883482900806e-09,1.0848163195158305e-08,12.519220293856906,14.50216510178737,0.0017668871382909657,0.0010996638337120318,0.14979602939005657,0.021536466191468248,3.8562312169690286e-05,0.0,0.0011949241991917605,
138,139,0.0474252927262811,4.7548920832349974e-07,10.75722870432977,5.2987340345047625e-11,7.540451512953711e-10,0.0,6.222588755889703e-10,1.0869505186074403e-08,12.532791808684397,14.501527209704308,0.001760189759035817,0.00044053500969779474,0.14978128382886755,0.0214781232393245,3.863699567599033e-05,0.0,0.0011713992863565765,
139,140,0.04714262883923466,4.7106724897618013e-07,10.761467824660745,2.4376859347587213e-11,1.9611347413049633e-09,1.0574003708521122e-11,6.314132442305255e-10,1.0848100195094332e-08,12.532412280596784,14.500601514288325,0.0017511909528024282,0.0002624211263204512,0.14985190452098845,0.021412954398228132,3.277020340771283e-05,0.0,0.0011748300059359297,
140,141,0.04719885844534845,4.680227526723857e-07,10.763242099984137,0.0,2.585014385123394e-09,1.6085729973225006e-10,5.590205033294573e-09,1.0730444845196529e-08,12.529516359440354,14.503255399938169,0.0017417474287232347,0.00034494494566726663,0.15013000253246897,0.02141094094082227,3.1093021128938946e-05,0.0,0.001122523581450102,
141,142,0.04700412742413221,4.6906412756251546e-07,10.762268405883184,4.5401974394568473e-13,1.4786875862536498e-09,5.558857581574292e-11,1.1417630496231608e-09,1.0790225964188212e-08,12.53093647457069,14.501123842117428,0.0017454819343176071,0.00024993224760632413,0.14997984955843802,0.021408018447026417,3.196841556790317e-05,0.0,0.0011498824835195747,
142,143,0.04679511820700746,4.6638405618628475e-07,10.764692328555597,0.0,8.675655914010902e-10,2.6326931212207238e-11,5.850256991285903e-10,1.079075136342024e-08,12.52108012433162,14.501189242988705,0.0017437541665668173,0.0002263015426631392,0.1500922775992823,0.021421335980635284,3.030569580519878e-05,0.0,0.001138038979747811,
143,144,0.046677464103229496,4.6223228482281564e-07,10.77267085596897,0.0,5.716396726883015e-10,0.0,3.6769007377942443e-09,1.0798166347294748e-08,12.524792075443525,14.503741830405179,0.0017355538743570986,0.0010232769834677068,0.15026112234377484,0.02136653595781305,3.187101608351223e-05,0.0,0.0011282684055517627,
144,145,0.04655853951539583,4.5971717748064114e-07,10.773890703808284,0.0,5.173767281232818e-10,0.0,3.7079015989717496e-09,1.0818066287732644e-08,12.531935541279971,14.503792173005568,0.0017295946741766454,0.0015556718534126064,0.15033322886331893,0.021373057999683122,3.04435739590107e-05,0.0,0.0011430196713490054,
145,146,0.04638841679302193,4.5844175163897113e-07,10.77610788742492,0.0,2.145612772378551e-10,0.0,1.9497059534273644e-09,1.0821291766226783e-08,12.542997821201046,14.502792135875227,0.00172608878663572,0.0010028705164389026,0.15038747951457226,0.021360763579021076,3.0128822373284803e-05,0.0,0.0011549994584748625,
146,147,0.046136096215006736,4.5397963171069455e-07,10.779872743634147,0.0,2.554413960733588e-10,0.0,1.6953248935608642e-09,1.0841545269271695e-08,12.547476585512111,14.502560876026735,0.00171796905599415,0.0007356726820019749,0.15050686151720225,0.021355296756411894,2.999176231536404e-05,0.0,0.001142284671961261,
147,148,0.045840717471188286,4.498729105455849e-07,10.788096224610966,0.0,2.8387867208725795e-10,0.0,1.020510472899904e-09,1.0831417481382026e-08,12.538818156831189,14.501788197971042,0.0017152165685133602,0.0009522772768654404,0.1505200133847749,0.02130645394624044,3.269097981826855e-05,0.0,0.0011069178681672347,
148,149,0.04571604836862066,4.455537832012586e-07,10.792798417729218,0.0,2.241267030457836e-09,0.0,2.769387740801449e-09,1.0827842121102786e-08,12.532250277601207,14.50208353536663,0.001706442865971298,0.0016359028657681152,0.15069321475453243,0.021271920572908224,2.803103034156646e-05,0.0,0.0010942034876157865,
149,150,0.04554087084678715,4.4527281542885226e-07,10.793402262460791,0.0,6.402301591187097e-10,0.0,1.8450155376948659e-09,1.0830438445810755e-08,12.526460488675502,14.50141855479253,0.0017086201972470792,0.001327357553656197,0.15070696729482258,0.021252311266575476,2.8156773784597363e-05,0.0,0.001077566863792031,
150,151,0.05460115159745214,4.4245143876974137e-07,10.802144182687549,0.0,1.873251094023913e-07,0.0,1.39381294486752e-10,1.0874358206401088e-08,12.514535056105812,14.499984004360025,0.0017121036141295172,0.001703129070320057,0.1507401535723304,0.021238566104199306,2.892279086137495e-05,0.0,0.0010338432009880931,
151,152,0.04545662178117328,4.4425059623989446e-07,10.79597676968952,0.0,9.7898751880817e-10,0.0,1.1463032580489373e-09,1.0843181667929966e-08,12.522955295638473,14.50096035774044,0.0017092036078111585,0.0010504179697962254,0.1507152332450456,0.021247196104944802,2.8372355192330435e-05,0.0,0.0010647486900709317,
152,153,0.04531441747555339,4.4197402755112736e-07,10.799132761066248,0.0,6.245319404697131e-10,0.0,1.2309476242121417e-09,1.084164348334964e-08,12.515822959325467,14.501074862511592,0.0017062320835785243,0.001083619490564995,0.1507246692950669,0.021242477877568756,2.870674814322783e-05,0.0,0.0010513145865944824,
153,154,0.11644801609522139,4.392033847576573e-07,10.80547141670969,0.0,1.4276280773466114e-06,0.0,5.697437952575979e-10,1.0856250120330936e-08,12.51730739108289,14.50135063574524,0.0017036341978009946,0.0045191863478632735,0.15081558240708554,0.021190471457377656,2.9556697441426507e-05,0.0,0.00104910486243692,
154,155,0.045313719336191494,4.419647689424723e-07,10.799149188496955,0.0,6.245908036964748e-10,0.0,1.2286564940729179e-09,1.0841679089514267e-08,12.515811376689754,14.501075057494079,0.0017062216268359674,0.0010826136709732067,0.1507248882468995,0.021242336042028905,2.870884274852175e-05,0.0,0.0010513101001896634,
155,156,0.07065813175825365,4.399652874571648e-07,10.803313408919028,0.0,5.106231205260919e-07,0.0,7.208908290659088e-10,1.085108339025707e-08,12.512799610944741,14.501212387866754,0.001704206568004072,0.0029435329761205355,0.15078319540391957,0.02120756953866839,2.9257908681460712e-05,0.0,0.0010499640226416145,
156,157,0.04531258287946371,4.4194969743604427e-07,10.79917597060698,0.0,6.246919210677486e-10,0.0,1.22492619880945e-09,1.0841737164608834e-08,12.515792488148385,14.501075381326292,0.0017062045728871752,0.001080974207813348,0.1507252453982984,0.021242104883127017,2.8712258843049346e-05,0.0,0.0010513027718795861,
157,158,0.05319493318431995,4.405648048219285e-07,10.801903043362389,0.0,1.6040466248651746e-07,0.0,8.768561922843692e-10,1.0847814279727061e-08,12.513836512245362,14.501146494003294,0.0017047551851997866,0.0019649494746999028,0.1507628252626788,0.02121908102892667,2.9067901689076623e-05,0.0,0.0010504662494795801,
158,159,0.045307162435305665,4.4187781232151395e-07,10.79930441673246,0.0,6.252656412218233e-10,0.0,1.2071218462666312e-09,1.0842016127425887e-08,12.515701812505451,14.501077036797044,0.0017061240176956503,0.001073117489129932,0.15072696152215495,0.021240997623990836,2.8728662998527345e-05,0.0,0.0010512673845082187,
159,160,0.04728402549236299,4.409816859921252e-07,10.801018071561856,0.0,4.153587473663882e-08,0.0,9.830086659278597e-10,1.0845806770981352e-08,12.514478336342737,14.501115203783737,0.0017051539295841905,0.0014181877750415429,0.15075036772693245,0.021226441484938633,2.8950795339956674e-05,0.0,0.0010507572457412295,
160,161,0.045295332592791726,4.4172092735200883e-07,10.79958892619519,0.0,6.270599380026939e-10,0.0,1.1681901250948552e-09,1.0842636603275662e-08,12.515500453569505,14.501081305843186,0.0017059471784122572,0.001055750787422401,0.15073078181392965,0.02123855310745674,2.87651202403629e-05,0.0,0.0010511875820122406,
161,162,0.045696245571480484,4.4122410878342374e-07,10.800531726370505,0.0,9.405736545894959e-09,0.0,1.0441012703097986e-09,1.0844717972144292e-08,12.51482816120663,14.501101348675963,0.0017054024209808374,0.0011735384783078473,0.1507436286100292,0.02123053182076249,2.888713261999242e-05,0.0,0.001050909195929219,
162,163,0.0452862368770107,4.416003035316849e-07,10.79981176219702,0.0,6.289700168856376e-10,0.0,1.1381812626786978e-09,1.0843125048308661e-08,12.51534225142317,14.501085227339093,0.0017058123852142762,0.0010421835121648775,0.15073379229394535,0.021236646250245093,2.8793791920638295e-05,0.0,0.001051123714581294,
163,164,0.045343185979891135,4.413497531525351e-07,10.800286827891135,0.0,2.151382423894389e-09,0.0,1.0756125589216843e-09,1.0844173599826286e-08,12.515003536797384,14.501095275148858,0.0017055362795085878,0.001077336077153995,0.15074026397227688,0.021232603714223454,2.885526155485665e-05,0.0,0.0010509835633602963,
164,165,0.0452800117156322,4.4151774921845026e-07,10.799966419537238,0.0,6.305571113969173e-10,0.0,1.117602314913958e-09,1.0843465323450897e-08,12.515232198620941,14.501088246582476,0.001705721828721469,0.0010327853633456433,0.15073589113759903,0.021235326814073037,2.8813751854421803e-05,0.0,0.0010510786846043459,
165,166,0.045282291404364725,4.4140642398229117e-07,10.800177867129175,0.0,8.46565533281624e-10,0.0,1.089794698411192e-09,1.0843932235529987e-08,12.515081397655237,14.501092768058891,0.0017055979966159498,0.0010423218123137908,0.15073877318913229,0.02123352817900098,2.884112148164002e-05,0.0,0.001051016188071639,
166,167,0.0452757553581367,4.414613047355001e-07,10.800073205197837,0.0,6.317783101998425e-10,0.0,1.1035116086756855e-09,1.0843700880716309e-08,12.515156089441902,14.50109047326918,0.0017056592844203505,0.0010263049604265905,0.15073734483127477,0.02123441769941636,2.8827562505833274e-05,0.0,0.0010510472569073824,
167,168,0.04527523994998148,4.4142503566126564e-07,10.800142279733421,0.0,6.770147429307786e-10,0.0,1.094448375527682e-09,1.0843853516172396e-08,12.515106805222239,14.501091975304913,0.0017056187854793039,0.001032059397119115,0.150738287118587,0.021233830467729177,2.883650857327738e-05,0.0,0.0010510267817246696,
168,169,0.04527496924630103,4.4145088000920385e-07,10.800093022060295,0.0,6.320162223485425e-10,0.0,1.1009073246195824e-09,1.0843744649186756e-08,12.515141954488145,14.501090899234475,0.001705647670723014,0.0010251031373453461,0.15073761500736843,0.021234249161153143,2.8830128038041148e-05,0.0,0.0010510413944997533,
169,170,0.045274043045927054,4.414366843083865e-07,10.80012005533692,0.0,6.352320204172996e-10,0.0,1.0973600286624874e-09,1.0843804383770562e-08,12.515122666708873,14.501091486747189,0.0017056318212419904,0.001025957827475683,0.1507379837740622,0.021234019335450206,2.8833629138013123e-05,0.0,0.001051033382035073,
170,171,0.04521484750142993,4.404920263655854e-07,10.799974553673334,0.0,6.85078247156571e-10,0.0,8.042218664006382e-10,1.0830344239545792e-08,12.513496857811589,14.501105077172706,0.0017044486852089088,0.0008783222653345045,0.15076075370579706,0.02123055923556837,2.905766203332484e-05,0.0,0.001053128109593734,
171,172,0.045122476745022684,4.3945681545754505e-07,10.8001259200141,0.0,6.081938536780032e-10,0.0,3.8746564266491695e-10,1.0809182199046029e-08,12.512508359973497,14.500820876325383,0.0017038462362922305,0.0006184850165589531,0.15070948123650243,0.021216199456486857,2.9079915470013897e-05,0.0,0.0010523952761890439,
172,173,0.04499936580346413,4.374344165101414e-07,10.799943781121707,0.0,4.298772920305376e-10,0.0,3.149388658222787e-10,1.0781784402129819e-08,12.515350995502367,14.501114931792678,0.0016998493229132057,0.0004367123272746219,0.1505953654965632,0.02119595605268889,2.9248786608930338e-05,0.0,0.0010628710311797003,
173,174,0.04488862416949804,4.3560071180642645e-07,10.799776223603939,0.0,8.707819963272172e-11,0.0,7.374287085051565e-11,1.0742701813202625e-08,12.513629941529253,14.500165767707655,0.0016971741428738162,0.0002673289967149307,0.15040292956293738,0.021239045800146725,2.673863723514506e-05,0.0,0.001056980262494176,
174,175,0.0449447191957074,4.328377160841833e-07,10.800070902051882,0.0,3.576513949851034e-10,2.3461654238742334e-09,9.018947390677903e-10,1.0703552621599738e-08,12.516365966787278,14.501843299444902,0.0016961276439035093,0.0008059520333429072,0.15035182506770614,0.021253292577262075,2.576211367908069e-05,0.0,0.001076456468469018,
175,176,0.0448206497054212,4.338554629860824e-07,10.79989962364283,0.0,1.4227780953796877e-10,5.36037697174119e-12,2.2393263000373886e-10,1.0724338678553483e-08,12.514930652817279,14.50079594953979,0.001695857540944228,0.00045578281368196274,0.15037709305377758,0.02124427431221554,2.6275332194809358e-05,0.0,0.0010660534472001638,
176,177,0.044781248503146534,4.3291478426778737e-07,10.800026425342283,0.0,2.3876236203962993e-10,0.0,4.806371161786361e-10,1.070053670873781e-08,12.504627871830056,14.501330955081286,0.0016940096207293716,0.0006070590300736741,0.15027604404370193,0.021229760869271665,2.6380655851877434e-05,0.0,0.0010709450526187455,
177,178,0.04472218006213827,4.3269366892542067e-07,10.799966676979025,0.0,1.1241089376497855e-10,0.0,1.895698902259185e-10,1.0684629381376835e-08,12.494126694574675,14.50083424993597,0.0016948623614972107,0.00038776035709473335,0.15015148130846964,0.021207303745637583,2.600561036349389e-05,0.0,0.0010708062583262186,
178,179,0.044673741527599065,4.3124016504109466e-07,10.800024031348055,5.938022248200938e-14,1.4631730847817147e-10,0.0,7.967953423565238e-10,1.0663443717423015e-08,12.47711936508716,14.501780385411138,0.0016940621885207384,0.0005746245159541542,0.1499930415747026,0.021229620291855756,2.5238724368619704e-05,0.0,0.0010493949525785858,
179,180,0.04461995037294644,4.3064356627085775e-07,10.800087355189543,4.421925156182182e-11,2.126794518102838e-10,0.0,3.2591976298657325e-10,1.0656595136427703e-08,12.47335433126381,14.50113933775318,0.0016893197800524253,0.00043988833523028124,0.14981042621747248,0.021241144513263185,2.5009237932780463e-05,0.0,0.001034564486673269,
180,181,0.044733015339938384,4.293625894798981e-07,10.79995410766331,1.8711597631204574e-10,2.3075759530784643e-10,3.185670278230955e-09,4.307608915510225e-10,1.0645055147562835e-08,12.477698842819912,14.501093793327538,0.0016879832263468734,0.0006376526515936881,0.14961070121435688,0.02128151811564867,2.3309701948279894e-05,0.0,0.0010163027363638225,
181,182,0.04460141107815092,4.3026275985592197e-07,10.800050800239196,7.196288700185491e-11,1.7798759755599136e-10,9.474714360509838e-12,3.1582757666977753e-10,1.0653562863228892e-08,12.47447524649911,14.501100004431459,0.0016888623211480606,0.0004682254888307844,0.1497582689280775,0.021251425061538744,2.4561437487768415e-05,0.0,0.0010297928669976751,
182,183,0.04458152101979089,4.2981476911353105e-07,10.800007715874914,1.1867449274967978e-10,1.602516317628913e-10,0.0,3.241500014784248e-10,1.0648813599253513e-08,12.465080507841472,14.501066912258201,0.0016883495995793027,0.00051314252006496,0.14968968828730442,0.02126593157988839,2.3946898298771194e-05,0.0,0.001022787514976073,
183,184,0.04455512898667778,4.2939705025717616e-07,10.800004213623907,1.7484546033486464e-10,1.2840366194813192e-10,0.0,2.1490266736340735e-10,1.0643617661753777e-08,12.463683261684098,14.500924089963924,0.0016884146922302812,0.0003031142995166882,0.14962358744508836,0.02127705264335962,2.329820342357312e-05,0.0,0.001017153323653427,
184,185,0.04452032586589506,4.286603649227944e-07,10.80001981019852,2.3161938798649127e-10,6.78522184466544e-11,0.0,2.870544208379371e-10,1.0633178967821014e-08,12.461927507851758,14.501061035211482,0.0016878987852922667,0.00042459107723370407,0.1495671650237463,0.021298696113756593,2.2374711197873965e-05,0.0,0.0010038791442652506,
185,186,0.04447630859450587,4.2758480930584893e-07,10.800028634420588,2.2909021493947226e-10,8.140304911414804e-11,0.0,1.8859108425070417e-10,1.0621305644496546e-08,12.457664131881513,14.500834070359335,0.001687090797101869,0.00037732370990831946,0.14956985511420345,0.02133900372370128,2.1554367227303813e-05,0.0,0.0009865012335992921,
186,187,0.04440147349509611,4.2580523614354625e-07,10.800028427075436,2.3880186713132543e-10,6.494852753028029e-11,0.0,2.0054887933307187e-10,1.0618615370816451e-08,12.45289460282736,14.500867124449643,0.0016803298486431223,0.0003852759843300938,0.14956153198665206,0.021380689056345954,2.050278447369216e-05,0.0,0.0009693490545954625,
187,188,0.04431962283043139,4.2325666877073437e-07,10.800026567691848,2.730630703766129e-10,2.37631088175918e-11,9.844218927853909e-12,3.518588001113039e-10,1.0606492849260914e-08,12.44754489032325,14.501133901561372,0.001679102674304813,0.0005198627621997953,0.14955025881872566,0.02144144553802979,2.0098411250783536e-05,0.0,0.0009511086389823038,
188,189,0.04423987133610123,4.2049581070753677e-07,10.800020998775985,3.023303869242178e-10,1.1366773160412643e-10,0.0,7.958212668349201e-11,1.0600585349321521e-08,12.433598867316567,14.50052733342234,0.0016738926702803663,0.00026197720740477704,0.149623421240428,0.021521828387279257,2.0253317681938326e-05,0.0,0.0009359109568991406,
189,190,0.044224442865729324,4.172128523387347e-07,10.79984879872428,3.489403205729206e-10,0.0,0.0,1.0179911413542758e-09,1.0612681232159662e-08,12.418332054488392,14.501373022999928,0.0016676606430413108,0.0009926999653011971,0.14954378564324874,0.021625755179342416,2.050915560882478e-05,0.0,0.0009339728786573805,
190,191,0.044199660529831264,4.170143904389628e-07,10.799820167171221,3.393141788121355e-10,0.0,0.0,6.249702743898097e-10,1.0613288820317773e-08,12.415808146342163,14.500973152397961,0.0016670734043266093,0.000778410416210644,0.1495440968025947,0.02163303374713279,2.0669574332969104e-05,0.0,0.0009303328537445638,
191,192,0.04416253810918954,4.161697874209998e-07,10.799847376803589,3.3722464538642085e-10,0.0,0.0,5.797591124072765e-10,1.0613783244514495e-08,12.412023799383288,14.501066875657944,0.0016644072606989576,0.0007496479372871007,0.1495514757066581,0.021648833608213448,2.0739142746364167e-05,0.0,0.0009212853523470557,
192,193,0.04411117867803926,4.145355269470903e-07,10.79993509810967,3.174694450737894e-10,0.0,0.0,3.5309082370297126e-10,1.0619257654206598e-08,12.410284301045397,14.501118991635064,0.001662306603359571,0.0005307385967249631,0.1495821156659683,0.021684488363537743,2.105980684458265e-05,0.0,0.0009248250025517954,
193,194,0.04409471375870681,4.126028952499104e-07,10.800073069300346,2.2383066513370315e-10,2.2842268929078228e-10,7.513470341662798e-10,6.968044625179787e-11,1.0614703802776522e-08,12.41238053970421,14.500462778994377,0.0016614430457704144,0.00026244328159778416,0.14969454723265727,0.0217332976724669,2.0874451486413028e-05,0.0,0.0009281275769992216,
194,195,0.04407436017531241,4.1216601148796033e-07,10.800113448633393,2.0295742853671594e-10,4.257422811753822e-10,3.4439849923626663e-10,3.1745389517017934e-11,1.0613394474578755e-08,12.40935433711199,14.500295897127899,0.001661881517027943,0.0002031050016026735,0.14969012283801747,0.021746688086990155,2.0850245171160553e-05,0.0,0.0009299571585605816,
195,196,0.04404351093132238,4.118259086386613e-07,10.80005441224842,1.9999872963460825e-10,1.6951147949659548e-10,2.205561810119889e-10,2.5372048278444145e-12,1.0618149945816491e-08,12.40901165485602,14.499936317962291,0.0016615290410301842,8.420884212347217e-05,0.14968285911323334,0.021741566330999475,2.1310387402863347e-05,0.0,0.0009370076173218407,
196,197,0.04399250286683106,4.106245598674879e-07,10.800076879503775,2.1828526630249452e-10,1.7664243184628532e-10,1.0566946887273575e-10,9.545452336262373e-13,1.062311045525015e-08,12.40475278597655,14.499896887093144,0.0016586306458827077,7.248970660847986e-05,0.14965244853636184,0.02174200035539086,2.2128348896114872e-05,0.0,0.0009417579207294402,
197,198,0.043945530324138324,4.085662339458173e-07,10.800070540422775,2.2079181661536523e-10,1.7311912111860257e-10,0.0,4.0159889690941536e-10,1.0646469146595926e-08,12.396153605274238,14.501199066102394,0.001654969492428529,0.0005699855958147544,0.14965946107722428,0.021772192337197443,2.235443084779728e-05,0.0,0.0009493830321101454,
198,199,0.04828189190736015,4.074873597633475e-07,10.800480656537149,4.045530828315588e-10,7.030874749601602e-09,1.385042211929992e-08,6.345711096182676e-08,1.0747780981787807e-08,12.392870694587783,14.515423652705326,0.0016495291576295132,0.006930926733427509,0.14955545882270163,0.021919771758798202,2.3205950524643877e-05,0.0,0.0009811555603806566,
199,200,0.04402917461612598,4.072257722702352e-07,10.800099297681573,2.3527860211176295e-10,3.4784139005801545e-10,2.7934919486976284e-11,2.4380717280279746e-09,1.066695702840008e-08,12.39178232689312,14.503014645200373,0.0016523507765290402,0.0013511933324296121,0.14967109506202472,0.021800739142078758,2.2537529409623004e-05,0.0,0.0009559673830348895,
200,201,0.043952467068117715,4.080881068241119e-07,10.800075717142185,2.2357158449300096e-10,2.029398935112862e-10,0.0,7.569961492308279e-10,1.0652418889246198e-08,12.394070824114593,14.501664078840442,0.0016540887550421464,0.0007672471786622585,0.14966233312853439,0.02178086321775024,2.2409751470699386e-05,0.0,0.0009513046686308015,
201,202,0.04391716637450175,4.0708880960564237e-07,10.800074570202053,1.744370695455804e-10,3.027316661599161e-10,0.0,3.621455518548062e-10,1.0666398398508925e-08,12.388667097283138,14.500951603420797,0.0016540026603483683,0.0006188292665174027,0.14967815503437373,0.021818077751933927,2.1776265613034923e-05,0.0,0.0009515998518518284,
202,203,0.0438622583862242,4.0634459844431084e-07,10.800055036300733,1.6918262968113703e-10,1.0583335383856789e-10,0.0,8.181067563406397e-11,1.0672121518761754e-08,12.384975132421097,14.500375507250181,0.0016536167172435745,0.0003004901597379425,0.1496672409269364,0.021818367959975795,2.182721437067551e-05,0.0,0.000956940951430427,
203,204,0.043805926260532854,4.04415909315467e-07,10.800085532356778,1.571381865491309e-10,1.8586406439212291e-10,2.6932821106765445e-10,1.8111144601826761e-10,1.0685477297294136e-08,12.380186228849949,14.500629107164826,0.001650974580509544,7.815354920461768e-05,0.14965866142509676,0.021831954174444976,2.1968490183910966e-05,0.0,0.0009595457582092063,
204,205,0.04382861752315105,4.0317789531574104e-07,10.800160578533003,1.5552710129491156e-10,6.669389960892219e-10,0.0,1.2912511661017012e-09,1.070070092445717e-08,12.362477993043433,14.501482767247325,0.0016492908609678251,0.00014810709134888532,0.1496580111236662,0.02184439338731748,2.2140604249700075e-05,0.0,0.0009632024181523391,
205,206,0.043789354243074036,4.03882314135986e-07,10.800107165508717,1.5728902822234397e-10,2.8720844981214196e-10,6.144069573223262e-13,4.2219705700612595e-10,1.0690950133686998e-08,12.373673640207388,14.500867360987119,0.0016502949865679535,9.1820409365431e-05,0.14965559490791097,0.021836138734207422,2.2031385133727403e-05,0.0,0.0009608729969459416,
206,207,0.04376055010904517,4.0327513413246004e-07,10.800102148288127,1.5280422698114247e-10,2.7439646097903764e-10,3.5928233619612395e-14,2.8146767409485833e-10,1.0693209719959308e-08,12.371143598714365,14.500884002362469,0.0016503927067454266,0.00015094680700210276,0.14966832278550016,0.02184111087595666,2.2049096579393058e-05,0.0,0.0009650958601590729,
207,208,0.04371002648240234,4.0257183527342316e-07,10.800060357646526,1.6015035854670845e-10,1.1472891757756202e-10,0.0,2.370547742285148e-10,1.0704897569902207e-08,12.367604191051981,14.500812526292291,0.0016509585977639242,0.00012569552929895527,0.14967720638884033,0.02183495141998995,2.1960238876474946e-05,0.0,0.0009660393289637003,
208,209,0.04363402829299999,4.0045972805386314e-07,10.800095647062731,1.0560389387814149e-10,3.565635293284934e-10,5.0495851059129083e-14,2.8457356101071174e-10,1.0736619778209953e-08,12.357743029115444,14.501066244179778,0.001651123055006533,0.0004098760219148126,0.14976986794139774,0.02185860415159737,2.1682281395821124e-05,0.0,0.0009614443618375581,
209,210,0.04352254268771791,3.981581436252275e-07,10.800053661092106,5.484313168985416e-11,1.9349194614502924e-10,0.0,1.2534451078574735e-10,1.0765898173365098e-08,12.34339396681435,14.500323289158855,0.0016514444468194662,0.00037142097961372685,0.14985509949949785,0.021904198447546357,2.100921587728095e-05,0.0,0.0009433660120380912,
210,211,0.04352361984129954,3.944502648850233e-07,10.800256772791549,1.8559206672682067e-10,1.7873643497179184e-09,0.0,1.1745117069880061e-09,1.0839292035579372e-08,12.311879176529853,14.50213400690052,0.0016538126539992577,0.0009557471293517913,0.14965944364926018,0.02199508119719413,1.9994888483784367e-05,0.0,0.0009067385070658761,
211,212,0.04345365723987334,3.958007920706295e-07,10.800130468384696,3.906157768157524e-11,5.34719278491158e-10,0.0,3.261689742721088e-10,1.0803857247459e-08,12.326924103594008,14.500998903721676,0.001651854276184196,0.0005790262243536099,0.1498400676829147,0.021949771583887195,2.0467557425926793e-05,0.0,0.0009239801243004169,
212,213,0.04335410749314207,3.946335054221106e-07,10.800089848402845,2.149744840837784e-10,3.186748260045428e-10,0.0,3.648982280182402e-10,1.0852781324393936e-08,12.317977850553412,14.501208051206376,0.0016521731741343975,0.0004455227298076488,0.14961775620496215,0.021947137264815328,1.9686559143192634e-05,0.0,0.0008908629226643321,
213,214,0.043272192129827525,3.9275564376282554e-07,10.800095558686685,5.115875771057779e-10,2.539649798073582e-10,0.0,0.0,1.0910319387360057e-08,12.311086039273672,14.498734526432667,0.0016454094446546087,9.652994608557624e-05,0.14939395868967761,0.022019271948921407,1.846838479397057e-05,0.0,0.0008466605476115417,
214,215,0.0431722795473286,3.912473530425633e-07,10.799942766951265,4.529841828670863e-10,0.0,0.0,2.0951579557066606e-10,1.0940015430377128e-08,12.306575852226034,14.499889424366554,0.0016445205241828959,0.00047467579592059156,0.1494284727849785,0.022034908016061085,1.837864503192155e-05,0.0,0.0008110916583794824,
215,216,0.043076629622922094,3.8833857746982114e-07,10.799996710677675,2.7207769605257815e-10,1.651458809917263e-10,0.0,0.0,1.1001664800027258e-08,12.317379904737427,14.499631129755931,0.0016469817924617796,7.407124815337265e-05,0.1496318574180452,0.022092308195460007,1.9062735655868035e-05,0.0,0.0008048207785586651,
216,217,0.04309276063057249,3.8539647080561537e-07,10.800119087185069,4.5309002742534974e-10,5.947707290260683e-10,0.0,2.5438550904802716e-09,1.1061847395590253e-08,12.350556524679446,14.503177442805727,0.0016414952890445248,0.0010931491397732432,0.14943956806322922,0.022082035709932404,2.1067998166850278e-05,0.0,0.0007975432365648553,
217,218,0.043008370158505047,3.8664759673494063e-07,10.800040348548599,3.419051085401467e-10,4.973766735345185e-11,0.0,3.2129956761786874e-10,1.1031906378220097e-08,12.334105668559673,14.501133257035011,0.0016440652657796653,0.0004221050094578413,0.14957650214633958,0.022086953223846253,2.0066048393913772e-05,0.0,0.0008011341778859115,
218,219,0.0429246362553996,3.855497061230961e-07,10.799918572682603,1.6871854922960344e-10,0.0,0.0,8.067096378241454e-11,1.104096944313576e-08,12.370962315941654,14.500562004817247,0.0016427794930909281,0.0002445831369720432,0.14966928805458024,0.022054592706047295,2.189946888871044e-05,0.0,0.0008090456065028036,
219,220,0.04291353026769738,3.8154841721127553e-07,10.800026945460418,1.1109145103506211e-10,6.422271118504381e-10,0.0,1.911831502199384e-09,1.1100955450160673e-08,12.413618223637105,14.50254998197746,0.0016415246222206263,0.0013595340580937112,0.14973988430847396,0.022047365784493775,2.5390308264062957e-05,0.0,0.0008465352642367855,
220,221,0.04287726113230545,3.836217841609589e-07,10.799951966264992,1.490145220303348e-10,7.708887779039388e-11,0.0,4.2340659325470714e-10,1.106739576367457e-08,12.389824646954391,14.50121102843752,0.001641991267877481,0.0006315489546224882,0.1496954555771337,0.02205057488284503,2.341706280054918e-05,0.0,0.0008255811255695161,
221,222,0.04282964270187964,3.815313623034453e-07,10.799870878759801,9.504869669956641e-11,0.0,0.0,5.846172392068786e-10,1.1094591856724208e-08,12.409373406056247,14.501426935896816,0.0016411683091667928,0.00033358187263212113,0.14977268518313758,0.02204470297030245,2.5664906718962587e-05,0.0,0.0008630096595835081,
222,223,0.0427568425532863,3.7971621511452144e-07,10.799855190068143,1.1845350582094438e-10,2.473524747483729e-12,0.0,3.649779294896221e-10,1.1124469403232999e-08,12.428204109192318,14.501156945764208,0.0016406894276004775,0.0005655768899728099,0.14975821332631825,0.022018751347907504,2.6678398644807205e-05,0.0,0.0009049777450397965,
223,224,0.04273404101559168,3.7700655262891243e-07,10.799968240631578,9.476978342922288e-11,1.5543311191275385e-09,0.0,5.623134721186379e-10,1.117066124775069e-08,12.45465155937033,14.501487458748743,0.0016412731915178363,0.0005229150848215339,0.14976952817205294,0.021989473021884302,2.7973201493293894e-05,0.0,0.0009454045662076712,
224,225,0.042694759101577884,3.766370239212801e-07,10.79993398567384,1.0529173516446874e-10,1.1142177822525563e-09,0.0,5.137121332758684e-10,1.1178632642431952e-08,12.458779634645994,14.501432085740447,0.0016421585571208758,0.0005836408132293645,0.14976200014548466,0.021981876437948994,2.8402492698969687e-05,0.0,0.0009514138259190527,
225,226,0.04263171276392414,3.764873178095241e-07,10.799874802560694,1.3604571087115723e-10,6.990150388908963e-10,0.0,7.174187538705105e-11,1.1179926502847003e-08,12.459372746873726,14.500526100385157,0.001643707521775929,0.000267504172466083,0.1497605806794117,0.021966791730952593,2.8556699492164365e-05,0.0,0.0009506516911735978,
226,227,0.042547111488553696,3.7533578248723063e-07,10.79977117209795,1.2375144649240685e-10,9.671034285727895e-11,0.0,4.765122789277387e-10,1.120123935496309e-08,12.483831098277694,14.501233284520794,0.0016473748919283648,0.0006971741249013626,0.14977333149685226,0.021958531796641534,2.8290067909415154e-05,0.0,0.0009439792172942635,
227,228,0.042450262653600274,3.7298956632022787e-07,10.799644886906952,1.7144675319563327e-10,0.0,0.0,2.9079797646475555e-10,1.124047399256594e-08,12.498955150216501,14.500926752699387,0.001647251409551401,0.0005621626214638028,0.1497030756422635,0.022014396313683446,2.777650322240428e-05,0.0,0.0009234870555698491,
228,229,0.04239272444284324,3.7123879161985865e-07,10.79957402847166,3.807295724346855e-10,0.0,0.0,1.7459387231177632e-09,1.1268356912798461e-08,12.541957109618306,14.50214786733499,0.0016584713767057925,0.0014140963130730038,0.1495485711152307,0.021998217559736556,2.9813519143980412e-05,0.0,0.000864680850256455,
229,230,0.042312097832590115,3.707476484592094e-07,10.799512785601507,4.92310437344085e-10,0.0,0.0,7.92404842520755e-10,1.127342856608212e-08,12.553849053456657,14.50173853464453,0.0016587213260105366,0.000813006003089896,0.1494855967086588,0.022021511130004084,2.891289498970721e-05,0.0,0.0008361681374311728,
230,231,0.04221123941558268,3.692443171979197e-07,10.799434382451576,5.452004717184754e-10,0.0,0.0,1.7511389306204991e-10,1.1268062471859314e-08,12.584651264440591,14.500498748616714,0.0016578890009242755,0.0004501740414329593,0.1494803970684255,0.02207352041229812,2.6606672117055858e-05,0.0,0.0008100175803860298,
231,232,0.042144872818579385,3.6555578990293556e-07,10.799487969331032,3.425320874500384e-10,7.670326700222918e-10,0.0,6.619711929667194e-10,1.1307832368990318e-08,12.651585217923179,14.501545031814597,0.0016539174828399898,0.0008122540714491318,0.14957617893302233,0.02217159501198533,2.456514853964086e-05,0.0,0.0007958684100794591,
232,233,0.042049310327174474,3.6419738089344375e-07,10.799352670923781,3.803485057948741e-10,1.9453693378062682e-10,0.0,2.5511878610974717e-10,1.1295291614320263e-08,12.671647078541529,14.501008083982718,0.001652521420179792,0.0004319831822177182,0.14955934536721316,0.022189984379275315,2.4387311572931676e-05,0.0,0.0007993189954973404,
233,234,0.041975633531057155,3.607261708106447e-07,10.799168788295106,6.032639360416955e-10,1.4328984271569908e-10,0.0,1.5003604586897024e-09,1.1258564592896827e-08,12.74391224828425,14.50234820526597,0.0016556285150667197,0.001196739678676878,0.14944217621035194,0.022204287187644892,2.4304043231969155e-05,0.0,0.000816723429043288,
234,235,0.04188262902722246,3.590200898349382e-07,10.799090111615092,6.855803364945265e-10,2.2077668506032078e-10,0.0,6.6692044033056e-10,1.1230023612296718e-08,12.772902262418468,14.501148782294852,0.0016562861369793613,0.0009077440926033218,0.149424610948186,0.022194425556672212,2.5394921967284508e-05,0.0,0.00084308470542121,
235,236,0.04177745217398045,3.573079431675113e-07,10.798891931402135,5.929028578599812e-10,2.2864859665066615e-11,3.7134384077494144e-10,1.7512596756408724e-10,1.1195578239962615e-08,12.83130313785188,14.500826833849707,0.0016594518023542563,0.0003792587996763758,0.14947731087426402,0.022151302352273493,2.5947189587339514e-05,0.0,0.0008833899791666489,
236,237,0.041714146515115014,3.567006815708151e-07,10.79869369958192,4.345635366586028e-10,0.0,0.0,2.3242130351286138e-10,1.1157204093952291e-08,12.860252515002319,14.50075204873462,0.0016641868144671268,9.364585929990021e-05,0.14955728607729032,0.02209666646912861,2.6638860950996928e-05,0.0,0.0009248479112293933,
237,238,0.04164012343781732,3.5528137608453146e-07,10.79858970236557,2.77030264385377e-10,0.0,0.0,5.489968075590234e-10,1.1122140305699328e-08,12.90677518565849,14.501464493847458,0.0016642993160109751,0.0006756243580678111,0.14966417371491894,0.022086422484922236,2.63310747640053e-05,0.0,0.0009289130321462793,
238,239,0.041559331331026635,3.527951800524902e-07,10.798535618340741,2.079122573853283e-10,2.777095757420827e-10,0.0,4.272016575817712e-10,1.108743128835959e-08,12.944578089013445,14.501306083745515,0.0016658337853499854,0.0005504533260164704,0.14970252706906279,0.022120523843328282,2.7044033524292118e-05,0.0,0.0009285954108776526,
239,240,0.041480764174259256,3.523175667239725e-07,10.798346972457685,1.2590950138744124e-10,0.0,0.0,1.171859020087209e-10,1.1043567175464798e-08,12.972655255282326,14.499940123999512,0.001670055425454368,0.0003899809855850799,0.1497389990625556,0.022120773289590494,2.8258334423116206e-05,0.0,0.0008971960752960531,
240,241,0.0414456853997177,3.49950050397348e-07,10.798261313465524,1.5342678413778206e-10,3.2295613913182593e-10,0.0,1.821123893921357e-09,1.0987222601522511e-08,13.03759833039009,14.501135615047916,0.0016782246679613547,0.0015205767556659541,0.14971509640517605,0.02212691304688796,2.9241341938468137e-05,0.0,0.000864619942641987,
241,242,0.04138666887429986,3.497273212189355e-07,10.798258740224934,1.853577598153143e-10,4.604430497031611e-10,0.0,1.076301007858198e-09,1.0974609945074751e-08,13.03922390466974,14.500654478074239,0.0016794450526179745,0.0011722331586501193,0.1496953401008846,0.022118052165812967,2.8898807490900768e-05,0.0,0.0008584269845086112,
242,243,0.041290080676192,3.4940525411345614e-07,10.79818832846649,2.5365795024353676e-10,1.4713492816632784e-10,0.0,5.590717339263221e-10,1.0961953170813742e-08,13.048519599432204,14.500331189866044,0.0016817944489691044,0.0008475820705140448,0.1496672199432177,0.02208374534358603,2.885101569527392e-05,0.0,0.0008514715808229958,
243,244,0.041167144788580426,3.4787553252625925e-07,10.798074009407422,3.1740079496432694e-10,1.3119268988457918e-10,0.0,2.510420584433422e-10,1.0913659824790964e-08,13.089507578972874,14.50051199919509,0.0016879314423173652,0.0005645472369051945,0.14965672512316971,0.02208343774956676,2.832298660048698e-05,0.0,0.0008260357782916607,
244,245,0.04107264377029754,3.466418935448875e-07,10.798061537968518,2.49224809220954e-10,1.2445945431046385e-09,0.0,1.115051684254202e-09,1.0816742113632118e-08,13.171338253117625,14.502111280439944,0.001694818907923664,0.0008810108455670392,0.14967854578086295,0.02201623453539844,2.515226366679686e-05,0.0,0.000801511263476057,
245,246,0.040947241023885805,3.469752240503921e-07,10.798015142759372,2.3429886700494975e-10,7.571284581288217e-10,0.0,3.3069253119065874e-10,1.0767404168571127e-08,13.198404705404714,14.501145960919018,0.0016978499980317046,0.00044831121451440717,0.14970014104913643,0.021996943818522522,2.1957719747132574e-05,0.0,0.0007774826041274283,
246,247,0.040794771423580914,3.462053252847129e-07,10.797868314348525,2.9119411820880486e-10,0.0,0.0,1.4955385976203562e-10,1.0700088422489764e-08,13.24721256920548,14.500771359371402,0.0017044785409578154,0.0003317863461240747,0.14965863012006078,0.021827167220343644,2.7942303782894193e-05,0.0,0.0008208730811493813,
247,248,0.040649481023354285,3.430726604708877e-07,10.798129338510323,1.0119946231737112e-10,4.840661007585675e-10,0.0,1.8411564634535162e-10,1.0577430159752317e-08,13.340183573075329,14.500810532821111,0.0017152998307370505,0.00044829065006823834,0.14977698310821305,0.02169477142062054,3.7261816763865615e-05,0.0,0.0008611178430918067,
248,249,0.04053973049864869,3.426856364731793e-07,10.798295493510825,6.655413668404158e-11,9.335182627743885e-11,0.0,1.4490984816746583e-10,1.0465274186154265e-08,13.393281327951579,14.499692803169065,0.0017224236784240234,0.00011270062036306187,0.14978671306880756,0.021524468684142564,4.5162419326845225e-05,0.0,0.0008908512977146305,
249,250,0.04040062960789644,3.426340070115197e-07,10.79851591396446,3.7767652084609455e-10,1.7872847810653463e-10,0.0,4.3049425143118874e-11,1.0417872720832726e-08,13.433414456143176,14.49929053105074,0.001734560104353145,9.119762244985846e-05,0.1495644211081173,0.021335035059712522,4.876054655777078e-05,0.0,0.0008954223747837763,
250,251,0.04035324729309346,3.4330207389441995e-07,10.79888390048395,8.292099270422919e-10,4.563936522125446e-11,7.045013076640765e-10,3.5172510072976595e-10,1.0291742512565153e-08,13.507153531928495,14.500188408755303,0.001756987962041615,0.0001807626289492007,0.14952367628424643,0.021167030268274736,4.855138839547576e-05,0.0,0.0009244585354820022,
251,252,0.04033243737605977,3.4223062141154927e-07,10.798609999021991,4.238764816714136e-10,9.527111053733966e-11,0.0,8.138796770150813e-11,1.0378085168467628e-08,13.457157561407225,14.499423059486949,0.0017404854115710099,7.530384697137055e-05,0.14957997543368443,0.021280668982813576,4.868559717793009e-05,0.0,0.0009044503144704108,
252,253,0.04025981450937321,3.417818274504041e-07,10.798703932051971,3.1222466417791594e-10,2.9097110180382734e-12,1.3273478845887856e-10,0.0,1.0319303980615336e-08,13.50106804754482,14.49881602794865,0.001747524620436842,9.046114253644258e-05,0.14959286297041685,0.02120969877508987,5.0174023413429965e-05,0.0,0.0009209254704152807,
253,254,0.04022653043325518,3.4193873519837837e-07,10.798724056369013,2.623733175180567e-10,0.0,0.0,0.0,1.0282196484705244e-08,13.47347180234438,14.4975171358512,0.001753916806992775,6.990808147582273e-05,0.14958293932670289,0.02117194333804104,5.047599227200065e-05,0.0,0.0009256619224640561,
254,255,0.04017729551910894,3.41723915123129e-07,10.798898951871795,3.097331997782642e-10,0.0,0.0,0.0,1.0247138904243874e-08,13.473609256804732,14.498004457138602,0.0017601167274308212,6.598742675771512e-05,0.14957724834526173,0.021141367431915036,5.120599701157076e-05,0.0,0.000909828755720506,
