x(0),x(1),x(2),x(3),x(4),x(5),x(6),x(7),x(8),x(9),x(10),x(11),x(12),x(13),x(14),x(15),x(16),x(17),x(18),x(19),x(20),x(21),x(22),x(23),x(24),x(25),x(26),x(27),x(28),x(29),x(30),x(31),x(32),x(33),x(34),x(35),x(36),x(37),x(38),x(39),x(40),x(41),x(42),x(43),x(44),x(45),x(46),x(47),mean_iota,aspect,growth_rate,quasisymmetry_total,mirror_ratio
0.1798197877372061,0.01734951154350431,0.00257716016204933,-0.003641359983759378,-0.02444833020873945,-0.08731762429558673,0.1380390474734288,0.02903189084133577,0.006875247108489111,0.0008150566273801188,0.001971788481361341,0.005269805664655518,0.02116933661799145,0.01536055908756419,-0.001177074525788361,0.001300915708157302,2.747377558866586e-05,2.220407427826208e-05,-0.00108247207423615,6.435380216410359e-05,0.0001069417168790915,0.0004983980241995697,0.00033252669537832,-8.380550535631315e-05,0.1526874285925055,0.01866334230413251,0.001199711292212324,0.003782490654681902,0.02427925370183856,0.04517210283176742,0.1310968006001034,0.03270191607891355,0.006803576261710397,0.0008594345731469456,-0.003174905588243931,-0.00711316232817597,0.0186560246738149,0.009451140140723166,-0.0004394443738790604,0.001022384351225018,-6.30032382447389e-05,0.0006281678187469348,0.0006445833193595944,0.001141350665160774,0.0003802855234303916,0.0006843953564643375,0.000239503799159574,-2.858606506850391e-06,-1.241470129102275,8.000967056664196,0.3324804681050762,0.035075623895747435,0.0
0.1798197877372061,0.01734951154350431,0.00257716016204933,-0.003641359983759378,-0.02444833020873945,-0.08731762429558673,0.1380390474734288,0.02903189084133577,0.006875247108489111,0.0008150566273801188,0.001971788481361341,0.005269805664655518,0.02116933661799145,0.01536055908756419,-0.001177074525788361,0.001300915708157302,2.747377558866586e-05,2.220407427826208e-05,-0.00108247207423615,6.435380216410359e-05,0.0001069417168790915,0.0004983980241995697,0.00033252669537832,-8.380550535631315e-05,0.1526874285925055,0.01866334230413251,0.001199711292212324,0.003782490654681902,0.02427925370183856,0.04517210283176742,0.1310968006001034,0.03270191607891355,0.006803576261710397,0.0008594345731469456,-0.003174905588243931,-0.00711316232817597,0.0186560246738149,0.009451140140723166,-0.0004394443738790604,0.001022384351225018,-6.30032382447389e-05,0.0006281678187469348,0.0006445833193595944,0.001141350665160774,0.0003802855234303916,0.0006843953564643375,0.000239503799159574,-2.858606506850391e-06,-1.241470129102275,8.000967056664196,0.3324804681050762,0.035075623895747435,0.0
0.14192632167942065,0.01734951154350431,0.00257716016204933,-0.003641359983759378,-0.02444833020873945,-0.08731762429558673,0.1380390474734288,0.02903189084133577,0.006875247108489111,0.0008150566273801188,0.001971788481361341,0.005269805664655518,0.02116933661799145,0.01536055908756419,-0.001177074525788361,0.001300915708157302,2.747377558866586e-05,2.220407427826208e-05,-0.00108247207423615,6.435380216410359e-05,0.0001069417168790915,0.0004983980241995697,0.00033252669537832,-8.380550535631315e-05,0.1526874285925055,0.01866334230413251,0.001199711292212324,0.003782490654681902,0.02427925370183856,0.04517210283176742,0.1310968006001034,0.03270191607891355,0.006803576261710397,0.0008594345731469456,-0.003174905588243931,-0.00711316232817597,0.0186560246738149,0.009451140140723166,-0.0004394443738790604,0.001022384351225018,-6.30032382447389e-05,0.0006281678187469348,0.0006445833193595944,0.001141350665160774,0.0003802855234303916,0.0006843953564643375,0.000239503799159574,-2.858606506850391e-06,-1.1902774331761474,7.992147314511959,0.26681182307361717,0.6546572295860125,0.0
0.14192632167942065,0.01734951154350431,-0.04193985335382422,-0.003641359983759378,-0.02444833020873945,-0.08731762429558673,0.1380390474734288,0.02903189084133577,0.006875247108489111,0.0008150566273801188,0.001971788481361341,0.005269805664655518,0.02116933661799145,0.01536055908756419,-0.001177074525788361,0.001300915708157302,2.747377558866586e-05,2.220407427826208e-05,-0.00108247207423615,6.435380216410359e-05,0.0001069417168790915,0.0004983980241995697,0.00033252669537832,-8.380550535631315e-05,0.1526874285925055,0.01866334230413251,0.001199711292212324,0.003782490654681902,0.02427925370183856,0.04517210283176742,0.1310968006001034,0.03270191607891355,0.006803576261710397,0.0008594345731469456,-0.003174905588243931,-0.00711316232817597,0.0186560246738149,0.009451140140723166,-0.0004394443738790604,0.001022384351225018,-6.30032382447389e-05,0.0006281678187469348,0.0006445833193595944,0.001141350665160774,0.0003802855234303916,0.0006843953564643375,0.000239503799159574,-2.858606506850391e-06,-1.1788230426595365,7.992900938952903,0.2150981328419366,56.29383516144978,0.0
0.14192632167942065,0.01734951154350431,-0.04193985335382422,-0.003641359983759378,-0.02444833020873945,-0.037350365533484364,0.1380390474734288,0.02903189084133577,0.006875247108489111,0.0008150566273801188,0.001971788481361341,0.005269805664655518,0.02116933661799145,0.01536055908756419,-0.001177074525788361,0.001300915708157302,2.747377558866586e-05,2.220407427826208e-05,-0.00108247207423615,6.435380216410359e-05,0.0001069417168790915,0.0004983980241995697,0.00033252669537832,-8.380550535631315e-05,0.1526874285925055,0.01866334230413251,0.001199711292212324,0.003782490654681902,0.02427925370183856,0.04517210283176742,0.1310968006001034,0.03270191607891355,0.006803576261710397,0.0008594345731469456,-0.003174905588243931,-0.00711316232817597,0.0186560246738149,0.009451140140723166,-0.0004394443738790604,0.001022384351225018,-6.30032382447389e-05,0.0006281678187469348,0.0006445833193595944,0.001141350665160774,0.0003802855234303916,0.0006843953564643375,0.000239503799159574,-2.858606506850391e-06,-0.8975383985833076,7.81709075996488,0.5067325271630196,80.63450988336423,0.23465438605690792
0.14192632167942065,0.01734951154350431,-0.04193985335382422,-0.003641359983759378,-0.02444833020873945,-0.037350365533484364,0.19854948376797665,0.02903189084133577,0.006875247108489111,0.0008150566273801188,0.001971788481361341,0.005269805664655518,0.02116933661799145,0.01536055908756419,-0.001177074525788361,0.001300915708157302,2.747377558866586e-05,2.220407427826208e-05,-0.00108247207423615,6.435380216410359e-05,0.0001069417168790915,0.0004983980241995697,0.00033252669537832,-8.380550535631315e-05,0.1526874285925055,0.01866334230413251,0.001199711292212324,0.003782490654681902,0.02427925370183856,0.04517210283176742,0.1310968006001034,0.03270191607891355,0.006803576261710397,0.0008594345731469456,-0.003174905588243931,-0.00711316232817597,0.0186560246738149,0.009451140140723166,-0.0004394443738790604,0.001022384351225018,-6.30032382447389e-05,0.0006281678187469348,0.0006445833193595944,0.001141350665160774,0.0003802855234303916,0.0006843953564643375,0.000239503799159574,-2.858606506850391e-06,-0.7823411623898298,6.541702487824729,0.5140549625988602,99.49727470231038,0.24919554533968297
0.14192632167942065,0.01734951154350431,-0.04193985335382422,-0.003641359983759378,-0.02444833020873945,-0.037350365533484364,0.19854948376797665,0.02903189084133577,0.006875247108489111,0.0008150566273801188,0.001971788481361341,0.04465258017637552,0.02116933661799145,0.01536055908756419,-0.001177074525788361,0.001300915708157302,2.747377558866586e-05,2.220407427826208e-05,-0.00108247207423615,6.435380216410359e-05,0.0001069417168790915,0.0004983980241995697,0.00033252669537832,-8.380550535631315e-05,0.1526874285925055,0.01866334230413251,0.001199711292212324,0.003782490654681902,0.02427925370183856,0.04517210283176742,0.1310968006001034,0.03270191607891355,0.006803576261710397,0.0008594345731469456,-0.003174905588243931,-0.00711316232817597,0.0186560246738149,0.009451140140723166,-0.0004394443738790604,0.001022384351225018,-6.30032382447389e-05,0.0006281678187469348,0.0006445833193595944,0.001141350665160774,0.0003802855234303916,0.0006843953564643375,0.000239503799159574,-2.858606506850391e-06,-0.8876627102124561,6.645509950215589,0.5467980176506017,96.88122615155213,0.2733539160850059
0.14192632167942065,0.01734951154350431,-0.04193985335382422,-0.003641359983759378,-0.02444833020873945,-0.037350365533484364,0.19854948376797665,0.02903189084133577,0.006875247108489111,0.0008150566273801188,0.001971788481361341,0.04465258017637552,0.02116933661799145,0.01536055908756419,-0.001177074525788361,0.001300915708157302,2.747377558866586e-05,2.220407427826208e-05,-0.030739652136617224,6.435380216410359e-05,0.0001069417168790915,0.0004983980241995697,0.00033252669537832,-8.380550535631315e-05,0.1526874285925055,0.01866334230413251,0.001199711292212324,0.003782490654681902,0.02427925370183856,0.04517210283176742,0.1310968006001034,0.03270191607891355,0.006803576261710397,0.0008594345731469456,-0.003174905588243931,-0.00711316232817597,0.0186560246738149,0.009451140140723166,-0.0004394443738790604,0.001022384351225018,-6.30032382447389e-05,0.0006281678187469348,0.0006445833193595944,0.001141350665160774,0.0003802855234303916,0.0006843953564643375,0.000239503799159574,-2.858606506850391e-06,-0.9980122725976311,6.642440531600934,0.43535913112184865,89.16871666656023,0.25633462077159
0.14192632167942065,0.01734951154350431,-0.04193985335382422,-0.003641359983759378,-0.02444833020873945,-0.037350365533484364,0.19854948376797665,0.02903189084133577,0.006875247108489111,0.0008150566273801188,0.001971788481361341,0.04465258017637552,0.02116933661799145,0.01536055908756419,-0.001177074525788361,0.001300915708157302,2.747377558866586e-05,2.220407427826208e-05,-0.030739652136617224,6.435380216410359e-05,0.0001069417168790915,0.0004983980241995697,0.00033252669537832,-8.380550535631315e-05,0.1526874285925055,0.01866334230413251,0.001199711292212324,-0.0015744888932403,0.02427925370183856,0.04517210283176742,0.1310968006001034,0.03270191607891355,0.006803576261710397,0.0008594345731469456,-0.003174905588243931,-0.00711316232817597,0.0186560246738149,0.009451140140723166,-0.0004394443738790604,0.001022384351225018,-6.30032382447389e-05,0.0006281678187469348,0.0006445833193595944,0.001141350665160774,0.0003802855234303916,0.0006843953564643375,0.000239503799159574,-2.858606506850391e-06,-1.0018188628865214,6.646706566863554,0.5084108402603159,98.63194904227265,0.23323242819872952
0.14192632167942065,0.01734951154350431,-0.04193985335382422,-0.003641359983759378,-0.02444833020873945,-0.037350365533484364,0.19854948376797665,0.02903189084133577,0.006875247108489111,0.0008150566273801188,0.001971788481361341,0.04465258017637552,0.02116933661799145,0.01536055908756419,-0.001177074525788361,0.001300915708157302,2.747377558866586e-05,2.220407427826208e-05,-0.030739652136617224,6.435380216410359e-05,0.0001069417168790915,0.0004983980241995697,0.00033252669537832,-8.380550535631315e-05,0.1526874285925055,0.01866334230413251,0.001199711292212324,-0.0015744888932403,0.02427925370183856,0.04517210283176742,0.1310968006001034,0.03270191607891355,0.006803576261710397,0.0008594345731469456,-0.003174905588243931,-0.00711316232817597,0.0186560246738149,0.009451140140723166,-0.0004394443738790604,0.001022384351225018,-6.30032382447389e-05,0.0006281678187469348,0.0101762453681431,0.001141350665160774,0.0003802855234303916,0.0006843953564643375,0.000239503799159574,-2.858606506850391e-06,-1.0126804260504298,6.807941493860552,0.5208038488302258,104.31989908598503,0.25617649636900497
0.14192632167942065,0.01734951154350431,-0.04193985335382422,-0.003641359983759378,-0.02444833020873945,-0.08731762429558673,0.1380390474734288,0.02903189084133577,0.006875247108489111,0.0008150566273801188,0.001971788481361341,0.005269805664655518,0.02116933661799145,0.01536055908756419,-0.001177074525788361,0.001300915708157302,2.747377558866586e-05,2.220407427826208e-05,-0.00108247207423615,6.435380216410359e-05,0.0001069417168790915,0.0004983980241995697,0.00033252669537832,-8.380550535631315e-05,0.1526874285925055,0.01866334230413251,0.001199711292212324,0.003782490654681902,0.02427925370183856,0.04517210283176742,0.1310968006001034,0.03270191607891355,0.006803576261710397,0.0008594345731469456,-0.003174905588243931,-0.00711316232817597,0.0186560246738149,0.009451140140723166,-0.0004394443738790604,0.001022384351225018,-6.30032382447389e-05,0.0006281678187469348,0.0006445833193595944,0.001141350665160774,0.0003802855234303916,0.0006843953564643375,0.000239503799159574,-2.858606506850391e-06,-1.1788230426595365,7.992900938952903,0.2150981328419366,56.29383516144978,0.0
0.1490226377633917,0.01734951154350431,-0.04193985335382422,-0.003641359983759378,-0.02444833020873945,-0.08731762429558673,0.1380390474734288,0.02903189084133577,0.006875247108489111,0.0008150566273801188,0.001971788481361341,0.005269805664655518,0.02116933661799145,0.01536055908756419,-0.001177074525788361,0.001300915708157302,2.747377558866586e-05,2.220407427826208e-05,-0.00108247207423615,6.435380216410359e-05,0.0001069417168790915,0.0004983980241995697,0.00033252669537832,-8.380550535631315e-05,0.1526874285925055,0.01866334230413251,0.001199711292212324,0.003782490654681902,0.02427925370183856,0.04517210283176742,0.1310968006001034,0.03270191607891355,0.006803576261710397,0.0008594345731469456,-0.003174905588243931,-0.00711316232817597,0.0186560246738149,0.009451140140723166,-0.0004394443738790604,0.001022384351225018,-6.30032382447389e-05,0.0006281678187469348,0.0006445833193595944,0.001141350665160774,0.0003802855234303916,0.0006843953564643375,0.000239503799159574,-2.858606506850391e-06,-1.1888434766726077,7.994552613624078,0.21327186309975463,56.5262088096645,0.0
0.14192632167942065,0.018216987120679526,-0.04193985335382422,-0.003641359983759378,-0.02444833020873945,-0.08731762429558673,0.1380390474734288,0.02903189084133577,0.006875247108489111,0.0008150566273801188,0.001971788481361341,0.005269805664655518,0.02116933661799145,0.01536055908756419,-0.001177074525788361,0.001300915708157302,2.747377558866586e-05,2.220407427826208e-05,-0.00108247207423615,6.435380216410359e-05,0.0001069417168790915,0.0004983980241995697,0.00033252669537832,-8.380550535631315e-05,0.1526874285925055,0.01866334230413251,0.001199711292212324,0.003782490654681902,0.02427925370183856,0.04517210283176742,0.1310968006001034,0.03270191607891355,0.006803576261710397,0.0008594345731469456,-0.003174905588243931,-0.00711316232817597,0.0186560246738149,0.009451140140723166,-0.0004394443738790604,0.001022384351225018,-6.30032382447389e-05,0.0006281678187469348,0.0006445833193595944,0.001141350665160774,0.0003802855234303916,0.0006843953564643375,0.000239503799159574,-2.858606506850391e-06,-1.1792730854343492,7.992859465753833,0.215079150572653,56.87834379062494,0.0
0.14192632167942065,0.01734951154350431,-0.04403684602151543,-0.003641359983759378,-0.02444833020873945,-0.08731762429558673,0.1380390474734288,0.02903189084133577,0.006875247108489111,0.0008150566273801188,0.001971788481361341,0.005269805664655518,0.02116933661799145,0.01536055908756419,-0.001177074525788361,0.001300915708157302,2.747377558866586e-05,2.220407427826208e-05,-0.00108247207423615,6.435380216410359e-05,0.0001069417168790915,0.0004983980241995697,0.00033252669537832,-8.380550535631315e-05,0.1526874285925055,0.01866334230413251,0.001199711292212324,0.003782490654681902,0.02427925370183856,0.04517210283176742,0.1310968006001034,0.03270191607891355,0.006803576261710397,0.0008594345731469456,-0.003174905588243931,-0.00711316232817597,0.0186560246738149,0.009451140140723166,-0.0004394443738790604,0.001022384351225018,-6.30032382447389e-05,0.0006281678187469348,0.0006445833193595944,0.001141350665160774,0.0003802855234303916,0.0006843953564643375,0.000239503799159574,-2.858606506850391e-06,-1.1766720960442267,7.992936438749535,0.21227032844429441,62.767435295889285,0.0
0.14192632167942065,0.01734951154350431,-0.04193985335382422,-0.003823427982947347,-0.02444833020873945,-0.08731762429558673,0.1380390474734288,0.02903189084133577,0.006875247108489111,0.0008150566273801188,0.001971788481361341,0.005269805664655518,0.02116933661799145,0.01536055908756419,-0.001177074525788361,0.001300915708157302,2.747377558866586e-05,2.220407427826208e-05,-0.00108247207423615,6.435380216410359e-05,0.0001069417168790915,0.0004983980241995697,0.00033252669537832,-8.380550535631315e-05,0.1526874285925055,0.01866334230413251,0.001199711292212324,0.003782490654681902,0.02427925370183856,0.04517210283176742,0.1310968006001034,0.03270191607891355,0.006803576261710397,0.0008594345731469456,-0.003174905588243931,-0.00711316232817597,0.0186560246738149,0.009451140140723166,-0.0004394443738790604,0.001022384351225018,-6.30032382447389e-05,0.0006281678187469348,0.0006445833193595944,0.001141350665160774,0.0003802855234303916,0.0006843953564643375,0.000239503799159574,-2.858606506850391e-06,-1.1795957218210618,7.993155057090758,0.21224251673509223,56.40432343324528,0.0
0.14192632167942065,0.01734951154350431,-0.04193985335382422,-0.003641359983759378,-0.025670746719176425,-0.08731762429558673,0.1380390474734288,0.02903189084133577,0.006875247108489111,0.0008150566273801188,0.001971788481361341,0.005269805664655518,0.02116933661799145,0.01536055908756419,-0.001177074525788361,0.001300915708157302,2.747377558866586e-05,2.220407427826208e-05,-0.00108247207423615,6.435380216410359e-05,0.0001069417168790915,0.0004983980241995697,0.00033252669537832,-8.380550535631315e-05,0.1526874285925055,0.01866334230413251,0.001199711292212324,0.003782490654681902,0.02427925370183856,0.04517210283176742,0.1310968006001034,0.03270191607891355,0.006803576261710397,0.0008594345731469456,-0.003174905588243931,-0.00711316232817597,0.0186560246738149,0.009451140140723166,-0.0004394443738790604,0.001022384351225018,-6.30032382447389e-05,0.0006281678187469348,0.0006445833193595944,0.001141350665160774,0.0003802855234303916,0.0006843953564643375,0.000239503799159574,-2.858606506850391e-06,-1.1841807843258545,7.997552971132678,0.22040469480291217,56.339386737156744,0.0
0.14192632167942065,0.01734951154350431,-0.04193985335382422,-0.003641359983759378,-0.02444833020873945,-0.09168350551036607,0.1380390474734288,0.02903189084133577,0.006875247108489111,0.0008150566273801188,0.001971788481361341,0.005269805664655518,0.02116933661799145,0.01536055908756419,-0.001177074525788361,0.001300915708157302,2.747377558866586e-05,2.220407427826208e-05,-0.00108247207423615,6.435380216410359e-05,0.0001069417168790915,0.0004983980241995697,0.00033252669537832,-8.380550535631315e-05,0.1526874285925055,0.01866334230413251,0.001199711292212324,0.003782490654681902,0.02427925370183856,0.04517210283176742,0.1310968006001034,0.03270191607891355,0.006803576261710397,0.0008594345731469456,-0.003174905588243931,-0.00711316232817597,0.0186560246738149,0.009451140140723166,-0.0004394443738790604,0.001022384351225018,-6.30032382447389e-05,0.0006281678187469348,0.0006445833193595944,0.001141350665160774,0.0003802855234303916,0.0006843953564643375,0.000239503799159574,-2.858606506850391e-06,-1.207074389454333,8.005651177670002,0.20992021357251925,60.67366254309305,0.0
0.14192632167942065,0.01734951154350431,-0.04193985335382422,-0.003641359983759378,-0.02444833020873945,-0.08731762429558673,0.14494099984710024,0.02903189084133577,0.006875247108489111,0.0008150566273801188,0.001971788481361341,0.005269805664655518,0.02116933661799145,0.01536055908756419,-0.001177074525788361,0.001300915708157302,2.747377558866586e-05,2.220407427826208e-05,-0.00108247207423615,6.435380216410359e-05,0.0001069417168790915,0.0004983980241995697,0.00033252669537832,-8.380550535631315e-05,0.1526874285925055,0.01866334230413251,0.001199711292212324,0.003782490654681902,0.02427925370183856,0.04517210283176742,0.1310968006001034,0.03270191607891355,0.006803576261710397,0.0008594345731469456,-0.003174905588243931,-0.00711316232817597,0.0186560246738149,0.009451140140723166,-0.0004394443738790604,0.001022384351225018,-6.30032382447389e-05,0.0006281678187469348,0.0006445833193595944,0.001141350665160774,0.0003802855234303916,0.0006843953564643375,0.000239503799159574,-2.858606506850391e-06,-1.154725379857063,7.794968956385059,0.23325331111887274,54.503026967757435,0.0
0.14192632167942065,0.01734951154350431,-0.04193985335382422,-0.003641359983759378,-0.02444833020873945,-0.08731762429558673,0.1380390474734288,0.03048348538340256,0.006875247108489111,0.0008150566273801188,0.001971788481361341,0.005269805664655518,0.02116933661799145,0.01536055908756419,-0.001177074525788361,0.001300915708157302,2.747377558866586e-05,2.220407427826208e-05,-0.00108247207423615,6.435380216410359e-05,0.0001069417168790915,0.0004983980241995697,0.00033252669537832,-8.380550535631315e-05,0.1526874285925055,0.01866334230413251,0.001199711292212324,0.003782490654681902,0.02427925370183856,0.04517210283176742,0.1310968006001034,0.03270191607891355,0.006803576261710397,0.0008594345731469456,-0.003174905588243931,-0.00711316232817597,0.0186560246738149,0.009451140140723166,-0.0004394443738790604,0.001022384351225018,-6.30032382447389e-05,0.0006281678187469348,0.0006445833193595944,0.001141350665160774,0.0003802855234303916,0.0006843953564643375,0.000239503799159574,-2.858606506850391e-06,-1.1740800585721265,7.9875204542660345,0.21350419671721899,55.790973671783945,0.0
0.14192632167942065,0.01734951154350431,-0.04193985335382422,-0.003641359983759378,-0.02444833020873945,-0.08731762429558673,0.1380390474734288,0.02903189084133577,0.007219009463913567,0.0008150566273801188,0.001971788481361341,0.005269805664655518,0.02116933661799145,0.01536055908756419,-0.001177074525788361,0.001300915708157302,2.747377558866586e-05,2.220407427826208e-05,-0.00108247207423615,6.435380216410359e-05,0.0001069417168790915,0.0004983980241995697,0.00033252669537832,-8.380550535631315e-05,0.1526874285925055,0.01866334230413251,0.001199711292212324,0.003782490654681902,0.02427925370183856,0.04517210283176742,0.1310968006001034,0.03270191607891355,0.006803576261710397,0.0008594345731469456,-0.003174905588243931,-0.00711316232817597,0.0186560246738149,0.009451140140723166,-0.0004394443738790604,0.001022384351225018,-6.30032382447389e-05,0.0006281678187469348,0.0006445833193595944,0.001141350665160774,0.0003802855234303916,0.0006843953564643375,0.000239503799159574,-2.858606506850391e-06,-1.1771139271775086,7.992797393852936,0.21881163389697666,55.6840323821678,0.0
0.14192632167942065,0.01734951154350431,-0.04193985335382422,-0.003641359983759378,-0.02444833020873945,-0.08731762429558673,0.1380390474734288,0.02903189084133577,0.006875247108489111,0.0008558094587491248,0.001971788481361341,0.005269805664655518,0.02116933661799145,0.01536055908756419,-0.001177074525788361,0.001300915708157302,2.747377558866586e-05,2.220407427826208e-05,-0.00108247207423615,6.435380216410359e-05,0.0001069417168790915,0.0004983980241995697,0.00033252669537832,-8.380550535631315e-05,0.1526874285925055,0.01866334230413251,0.001199711292212324,0.003782490654681902,0.02427925370183856,0.04517210283176742,0.1310968006001034,0.03270191607891355,0.006803576261710397,0.0008594345731469456,-0.003174905588243931,-0.00711316232817597,0.0186560246738149,0.009451140140723166,-0.0004394443738790604,0.001022384351225018,-6.30032382447389e-05,0.0006281678187469348,0.0006445833193595944,0.001141350665160774,0.0003802855234303916,0.0006843953564643375,0.000239503799159574,-2.858606506850391e-06,-1.1785920883505272,7.9928490152808145,0.2176754236490688,56.30883479905021,0.0
0.14192632167942065,0.01734951154350431,-0.04193985335382422,-0.003641359983759378,-0.02444833020873945,-0.08731762429558673,0.1380390474734288,0.02903189084133577,0.006875247108489111,0.0008150566273801188,0.002070377905429408,0.005269805664655518,0.02116933661799145,0.01536055908756419,-0.001177074525788361,0.001300915708157302,2.747377558866586e-05,2.220407427826208e-05,-0.00108247207423615,6.435380216410359e-05,0.0001069417168790915,0.0004983980241995697,0.00033252669537832,-8.380550535631315e-05,0.1526874285925055,0.01866334230413251,0.001199711292212324,0.003782490654681902,0.02427925370183856,0.04517210283176742,0.1310968006001034,0.03270191607891355,0.006803576261710397,0.0008594345731469456,-0.003174905588243931,-0.00711316232817597,0.0186560246738149,0.009451140140723166,-0.0004394443738790604,0.001022384351225018,-6.30032382447389e-05,0.0006281678187469348,0.0006445833193595944,0.001141350665160774,0.0003802855234303916,0.0006843953564643375,0.000239503799159574,-2.858606506850391e-06,-1.178420709283359,7.992932605650885,0.21619808375160138,56.35409301387078,0.0
0.14192632167942065,0.01734951154350431,-0.04193985335382422,-0.003641359983759378,-0.02444833020873945,-0.08731762429558673,0.1380390474734288,0.02903189084133577,0.006875247108489111,0.0008150566273801188,0.001971788481361341,0.0055332959478882945,0.02116933661799145,0.01536055908756419,-0.001177074525788361,0.001300915708157302,2.747377558866586e-05,2.220407427826208e-05,-0.00108247207423615,6.435380216410359e-05,0.0001069417168790915,0.0004983980241995697,0.00033252669537832,-8.380550535631315e-05,0.1526874285925055,0.01866334230413251,0.001199711292212324,0.003782490654681902,0.02427925370183856,0.04517210283176742,0.1310968006001034,0.03270191607891355,0.006803576261710397,0.0008594345731469456,-0.003174905588243931,-0.00711316232817597,0.0186560246738149,0.009451140140723166,-0.0004394443738790604,0.001022384351225018,-6.30032382447389e-05,0.0006281678187469348,0.0006445833193595944,0.001141350665160774,0.0003802855234303916,0.0006843953564643375,0.000239503799159574,-2.858606506850391e-06,-1.1789491048862684,7.993927926098466,0.2137258088549993,56.316298866679794,0.0
0.14192632167942065,0.01734951154350431,-0.04193985335382422,-0.003641359983759378,-0.02444833020873945,-0.08731762429558673,0.1380390474734288,0.02903189084133577,0.006875247108489111,0.0008150566273801188,0.001971788481361341,0.005269805664655518,0.022227803448891022,0.01536055908756419,-0.001177074525788361,0.001300915708157302,2.747377558866586e-05,2.220407427826208e-05,-0.00108247207423615,6.435380216410359e-05,0.0001069417168790915,0.0004983980241995697,0.00033252669537832,-8.380550535631315e-05,0.1526874285925055,0.01866334230413251,0.001199711292212324,0.003782490654681902,0.02427925370183856,0.04517210283176742,0.1310968006001034,0.03270191607891355,0.006803576261710397,0.0008594345731469456,-0.003174905588243931,-0.00711316232817597,0.0186560246738149,0.009451140140723166,-0.0004394443738790604,0.001022384351225018,-6.30032382447389e-05,0.0006281678187469348,0.0006445833193595944,0.001141350665160774,0.0003802855234303916,0.0006843953564643375,0.000239503799159574,-2.858606506850391e-06,-1.180648399520332,7.98159026351357,0.21116440903072262,56.3549143705723,0.0
0.14192632167942065,0.01734951154350431,-0.04193985335382422,-0.003641359983759378,-0.02444833020873945,-0.08731762429558673,0.1380390474734288,0.02903189084133577,0.006875247108489111,0.0008150566273801188,0.001971788481361341,0.005269805664655518,0.02116933661799145,0.0161285870419424,-0.001177074525788361,0.001300915708157302,2.747377558866586e-05,2.220407427826208e-05,-0.00108247207423615,6.435380216410359e-05,0.0001069417168790915,0.0004983980241995697,0.00033252669537832,-8.380550535631315e-05,0.1526874285925055,0.01866334230413251,0.001199711292212324,0.003782490654681902,0.02427925370183856,0.04517210283176742,0.1310968006001034,0.03270191607891355,0.006803576261710397,0.0008594345731469456,-0.003174905588243931,-0.00711316232817597,0.0186560246738149,0.009451140140723166,-0.0004394443738790604,0.001022384351225018,-6.30032382447389e-05,0.0006281678187469348,0.0006445833193595944,0.001141350665160774,0.0003802855234303916,0.0006843953564643375,0.000239503799159574,-2.858606506850391e-06,-1.1809994183015042,7.993486148842906,0.21346165148450139,56.1593128246099,0.0
0.14192632167942065,0.01734951154350431,-0.04193985335382422,-0.003641359983759378,-0.02444833020873945,-0.08731762429558673,0.1380390474734288,0.02903189084133577,0.006875247108489111,0.0008150566273801188,0.001971788481361341,0.005269805664655518,0.02116933661799145,0.01536055908756419,-0.001235928252077779,0.001300915708157302,2.747377558866586e-05,2.220407427826208e-05,-0.00108247207423615,6.435380216410359e-05,0.0001069417168790915,0.0004983980241995697,0.00033252669537832,-8.380550535631315e-05,0.1526874285925055,0.01866334230413251,0.001199711292212324,0.003782490654681902,0.02427925370183856,0.04517210283176742,0.1310968006001034,0.03270191607891355,0.006803576261710397,0.0008594345731469456,-0.003174905588243931,-0.00711316232817597,0.0186560246738149,0.009451140140723166,-0.0004394443738790604,0.001022384351225018,-6.30032382447389e-05,0.0006281678187469348,0.0006445833193595944,0.001141350665160774,0.0003802855234303916,0.0006843953564643375,0.000239503799159574,-2.858606506850391e-06,-1.1786872659380365,7.992698693619395,0.21504955321721245,56.33905756778172,0.0
0.14192632167942065,0.01734951154350431,-0.04193985335382422,-0.003641359983759378,-0.02444833020873945,-0.08731762429558673,0.1380390474734288,0.02903189084133577,0.006875247108489111,0.0008150566273801188,0.001971788481361341,0.005269805664655518,0.02116933661799145,0.01536055908756419,-0.001177074525788361,0.0013659614935651672,2.747377558866586e-05,2.220407427826208e-05,-0.00108247207423615,6.435380216410359e-05,0.0001069417168790915,0.0004983980241995697,0.00033252669537832,-8.380550535631315e-05,0.1526874285925055,0.01866334230413251,0.001199711292212324,0.003782490654681902,0.02427925370183856,0.04517210283176742,0.1310968006001034,0.03270191607891355,0.006803576261710397,0.0008594345731469456,-0.003174905588243931,-0.00711316232817597,0.0186560246738149,0.009451140140723166,-0.0004394443738790604,0.001022384351225018,-6.30032382447389e-05,0.0006281678187469348,0.0006445833193595944,0.001141350665160774,0.0003802855234303916,0.0006843953564643375,0.000239503799159574,-2.858606506850391e-06,-1.178968028192044,7.992889107805989,0.21489406418380644,56.34290864832263,0.0
0.14192632167942065,0.01734951154350431,-0.04193985335382422,-0.003641359983759378,-0.02444833020873945,-0.08731762429558673,0.1380390474734288,0.02903189084133577,0.006875247108489111,0.0008150566273801188,0.001971788481361341,0.005269805664655518,0.02116933661799145,0.01536055908756419,-0.001177074525788361,0.001300915708157302,2.8847464368099156e-05,2.220407427826208e-05,-0.00108247207423615,6.435380216410359e-05,0.0001069417168790915,0.0004983980241995697,0.00033252669537832,-8.380550535631315e-05,0.1526874285925055,0.01866334230413251,0.001199711292212324,0.003782490654681902,0.02427925370183856,0.04517210283176742,0.1310968006001034,0.03270191607891355,0.006803576261710397,0.0008594345731469456,-0.003174905588243931,-0.00711316232817597,0.0186560246738149,0.009451140140723166,-0.0004394443738790604,0.001022384351225018,-6.30032382447389e-05,0.0006281678187469348,0.0006445833193595944,0.001141350665160774,0.0003802855234303916,0.0006843953564643375,0.000239503799159574,-2.858606506850391e-06,-1.1788289260522733,7.992900993183605,0.2151035488226381,56.28973250140099,0.0
0.14192632167942065,0.01734951154350431,-0.04193985335382422,-0.003641359983759378,-0.02444833020873945,-0.08731762429558673,0.1380390474734288,0.02903189084133577,0.006875247108489111,0.0008150566273801188,0.001971788481361341,0.005269805664655518,0.02116933661799145,0.01536055908756419,-0.001177074525788361,0.001300915708157302,2.747377558866586e-05,2.3314277992175182e-05,-0.00108247207423615,6.435380216410359e-05,0.0001069417168790915,0.0004983980241995697,0.00033252669537832,-8.380550535631315e-05,0.1526874285925055,0.01866334230413251,0.001199711292212324,0.003782490654681902,0.02427925370183856,0.04517210283176742,0.1310968006001034,0.03270191607891355,0.006803576261710397,0.0008594345731469456,-0.003174905588243931,-0.00711316232817597,0.0186560246738149,0.009451140140723166,-0.0004394443738790604,0.001022384351225018,-6.30032382447389e-05,0.0006281678187469348,0.0006445833193595944,0.001141350665160774,0.0003802855234303916,0.0006843953564643375,0.000239503799159574,-2.858606506850391e-06,-1.1788178817216894,7.992900616684,0.2150952609768978,56.293364739981,0.0
0.14192632167942065,0.01734951154350431,-0.04193985335382422,-0.003641359983759378,-0.02444833020873945,-0.08731762429558673,0.1380390474734288,0.02903189084133577,0.006875247108489111,0.0008150566273801188,0.001971788481361341,0.005269805664655518,0.02116933661799145,0.01536055908756419,-0.001177074525788361,0.001300915708157302,2.747377558866586e-05,2.220407427826208e-05,-0.0011365956779479575,6.435380216410359e-05,0.0001069417168790915,0.0004983980241995697,0.00033252669537832,-8.380550535631315e-05,0.1526874285925055,0.01866334230413251,0.001199711292212324,0.003782490654681902,0.02427925370183856,0.04517210283176742,0.1310968006001034,0.03270191607891355,0.006803576261710397,0.0008594345731469456,-0.003174905588243931,-0.00711316232817597,0.0186560246738149,0.009451140140723166,-0.0004394443738790604,0.001022384351225018,-6.30032382447389e-05,0.0006281678187469348,0.0006445833193595944,0.001141350665160774,0.0003802855234303916,0.0006843953564643375,0.000239503799159574,-2.858606506850391e-06,-1.1791878445117803,7.992970945925211,0.2127124799868709,56.28659690687735,0.0
0.14192632167942065,0.01734951154350431,-0.04193985335382422,-0.003641359983759378,-0.02444833020873945,-0.08731762429558673,0.1380390474734288,0.02903189084133577,0.006875247108489111,0.0008150566273801188,0.001971788481361341,0.005269805664655518,0.02116933661799145,0.01536055908756419,-0.001177074525788361,0.001300915708157302,2.747377558866586e-05,2.220407427826208e-05,-0.00108247207423615,6.757149227230877e-05,0.0001069417168790915,0.0004983980241995697,0.00033252669537832,-8.380550535631315e-05,0.1526874285925055,0.01866334230413251,0.001199711292212324,0.003782490654681902,0.02427925370183856,0.04517210283176742,0.1310968006001034,0.03270191607891355,0.006803576261710397,0.0008594345731469456,-0.003174905588243931,-0.00711316232817597,0.0186560246738149,0.009451140140723166,-0.0004394443738790604,0.001022384351225018,-6.30032382447389e-05,0.0006281678187469348,0.0006445833193595944,0.001141350665160774,0.0003802855234303916,0.0006843953564643375,0.000239503799159574,-2.858606506850391e-06,-1.1787955515691597,7.992904076377793,0.2151037475863848,56.293434836952294,0.0
0.14192632167942065,0.01734951154350431,-0.04193985335382422,-0.003641359983759378,-0.02444833020873945,-0.08731762429558673,0.1380390474734288,0.02903189084133577,0.006875247108489111,0.0008150566273801188,0.001971788481361341,0.005269805664655518,0.02116933661799145,0.01536055908756419,-0.001177074525788361,0.001300915708157302,2.747377558866586e-05,2.220407427826208e-05,-0.00108247207423615,6.435380216410359e-05,0.00011228880272304608,0.0004983980241995697,0.00033252669537832,-8.380550535631315e-05,0.1526874285925055,0.01866334230413251,0.001199711292212324,0.003782490654681902,0.02427925370183856,0.04517210283176742,0.1310968006001034,0.03270191607891355,0.006803576261710397,0.0008594345731469456,-0.003174905588243931,-0.00711316232817597,0.0186560246738149,0.009451140140723166,-0.0004394443738790604,0.001022384351225018,-6.30032382447389e-05,0.0006281678187469348,0.0006445833193595944,0.001141350665160774,0.0003802855234303916,0.0006843953564643375,0.000239503799159574,-2.858606506850391e-06,-1.1787983290757977,7.992909159640045,0.215086450276681,56.2925648554923,0.0
0.14192632167942065,0.01734951154350431,-0.04193985335382422,-0.003641359983759378,-0.02444833020873945,-0.08731762429558673,0.1380390474734288,0.02903189084133577,0.006875247108489111,0.0008150566273801188,0.001971788481361341,0.005269805664655518,0.02116933661799145,0.01536055908756419,-0.001177074525788361,0.001300915708157302,2.747377558866586e-05,2.220407427826208e-05,-0.00108247207423615,6.435380216410359e-05,0.0001069417168790915,0.0005233179254095482,0.00033252669537832,-8.380550535631315e-05,0.1526874285925055,0.01866334230413251,0.001199711292212324,0.003782490654681902,0.02427925370183856,0.04517210283176742,0.1310968006001034,0.03270191607891355,0.006803576261710397,0.0008594345731469456,-0.003174905588243931,-0.00711316232817597,0.0186560246738149,0.009451140140723166,-0.0004394443738790604,0.001022384351225018,-6.30032382447389e-05,0.0006281678187469348,0.0006445833193595944,0.001141350665160774,0.0003802855234303916,0.0006843953564643375,0.000239503799159574,-2.858606506850391e-06,-1.1787207086079412,7.992896207016632,0.21499930041307047,56.314764851018055,0.0
0.14192632167942065,0.01734951154350431,-0.04193985335382422,-0.003641359983759378,-0.02444833020873945,-0.08731762429558673,0.1380390474734288,0.02903189084133577,0.006875247108489111,0.0008150566273801188,0.001971788481361341,0.005269805664655518,0.02116933661799145,0.01536055908756419,-0.001177074525788361,0.001300915708157302,2.747377558866586e-05,2.220407427826208e-05,-0.00108247207423615,6.435380216410359e-05,0.0001069417168790915,0.0004983980241995697,0.00034915303014723605,-8.380550535631315e-05,0.1526874285925055,0.01866334230413251,0.001199711292212324,0.003782490654681902,0.02427925370183856,0.04517210283176742,0.1310968006001034,0.03270191607891355,0.006803576261710397,0.0008594345731469456,-0.003174905588243931,-0.00711316232817597,0.0186560246738149,0.009451140140723166,-0.0004394443738790604,0.001022384351225018,-6.30032382447389e-05,0.0006281678187469348,0.0006445833193595944,0.001141350665160774,0.0003802855234303916,0.0006843953564643375,0.000239503799159574,-2.858606506850391e-06,-1.1787916096437647,7.992901539491249,0.21499673046445952,56.259395538252434,0.0
0.14192632167942065,0.01734951154350431,-0.04193985335382422,-0.003641359983759378,-0.02444833020873945,-0.08731762429558673,0.1380390474734288,0.02903189084133577,0.006875247108489111,0.0008150566273801188,0.001971788481361341,0.005269805664655518,0.02116933661799145,0.01536055908756419,-0.001177074525788361,0.001300915708157302,2.747377558866586e-05,2.220407427826208e-05,-0.00108247207423615,6.435380216410359e-05,0.0001069417168790915,0.0004983980241995697,0.00033252669537832,-8.799578062412881e-05,0.1526874285925055,0.01866334230413251,0.001199711292212324,0.003782490654681902,0.02427925370183856,0.04517210283176742,0.1310968006001034,0.03270191607891355,0.006803576261710397,0.0008594345731469456,-0.003174905588243931,-0.00711316232817597,0.0186560246738149,0.009451140140723166,-0.0004394443738790604,0.001022384351225018,-6.30032382447389e-05,0.0006281678187469348,0.0006445833193595944,0.001141350665160774,0.0003802855234303916,0.0006843953564643375,0.000239503799159574,-2.858606506850391e-06,-1.178831902749004,7.9929007216233705,0.2151432395757066,56.29697939696966,0.0
0.14192632167942065,0.01734951154350431,-0.04193985335382422,-0.003641359983759378,-0.02444833020873945,-0.08731762429558673,0.1380390474734288,0.02903189084133577,0.006875247108489111,0.0008150566273801188,0.001971788481361341,0.005269805664655518,0.02116933661799145,0.01536055908756419,-0.001177074525788361,0.001300915708157302,2.747377558866586e-05,2.220407427826208e-05,-0.00108247207423615,6.435380216410359e-05,0.0001069417168790915,0.0004983980241995697,0.00033252669537832,-8.380550535631315e-05,0.16032180002213078,0.01866334230413251,0.001199711292212324,0.003782490654681902,0.02427925370183856,0.04517210283176742,0.1310968006001034,0.03270191607891355,0.006803576261710397,0.0008594345731469456,-0.003174905588243931,-0.00711316232817597,0.0186560246738149,0.009451140140723166,-0.0004394443738790604,0.001022384351225018,-6.30032382447389e-05,0.0006281678187469348,0.0006445833193595944,0.001141350665160774,0.0003802855234303916,0.0006843953564643375,0.000239503799159574,-2.858606506850391e-06,-1.190379874416295,7.992900938952903,0.21595003786674388,54.62978856789546,0.0
0.14192632167942065,0.01734951154350431,-0.04193985335382422,-0.003641359983759378,-0.02444833020873945,-0.08731762429558673,0.1380390474734288,0.02903189084133577,0.006875247108489111,0.0008150566273801188,0.001971788481361341,0.005269805664655518,0.02116933661799145,0.01536055908756419,-0.001177074525788361,0.001300915708157302,2.747377558866586e-05,2.220407427826208e-05,-0.00108247207423615,6.435380216410359e-05,0.0001069417168790915,0.0004983980241995697,0.00033252669537832,-8.380550535631315e-05,0.1526874285925055,0.019596509419339138,0.001199711292212324,0.003782490654681902,0.02427925370183856,0.04517210283176742,0.1310968006001034,0.03270191607891355,0.006803576261710397,0.0008594345731469456,-0.003174905588243931,-0.00711316232817597,0.0186560246738149,0.009451140140723166,-0.0004394443738790604,0.001022384351225018,-6.30032382447389e-05,0.0006281678187469348,0.0006445833193595944,0.001141350665160774,0.0003802855234303916,0.0006843953564643375,0.000239503799159574,-2.858606506850391e-06,-1.180070940008457,7.992900938952903,0.21109404415735636,56.232591530362434,0.0
0.14192632167942065,0.01734951154350431,-0.04193985335382422,-0.003641359983759378,-0.02444833020873945,-0.08731762429558673,0.1380390474734288,0.02903189084133577,0.006875247108489111,0.0008150566273801188,0.001971788481361341,0.005269805664655518,0.02116933661799145,0.01536055908756419,-0.001177074525788361,0.001300915708157302,2.747377558866586e-05,2.220407427826208e-05,-0.00108247207423615,6.435380216410359e-05,0.0001069417168790915,0.0004983980241995697,0.00033252669537832,-8.380550535631315e-05,0.1526874285925055,0.01866334230413251,0.0012596968568229403,0.003782490654681902,0.02427925370183856,0.04517210283176742,0.1310968006001034,0.03270191607891355,0.006803576261710397,0.0008594345731469456,-0.003174905588243931,-0.00711316232817597,0.0186560246738149,0.009451140140723166,-0.0004394443738790604,0.001022384351225018,-6.30032382447389e-05,0.0006281678187469348,0.0006445833193595944,0.001141350665160774,0.0003802855234303916,0.0006843953564643375,0.000239503799159574,-2.858606506850391e-06,-1.1784430009881193,7.992900938952903,0.2154451689018101,56.421078251071116,0.0
0.14192632167942065,0.01734951154350431,-0.04193985335382422,-0.003641359983759378,-0.02444833020873945,-0.08731762429558673,0.1380390474734288,0.02903189084133577,0.006875247108489111,0.0008150566273801188,0.001971788481361341,0.005269805664655518,0.02116933661799145,0.01536055908756419,-0.001177074525788361,0.001300915708157302,2.747377558866586e-05,2.220407427826208e-05,-0.00108247207423615,6.435380216410359e-05,0.0001069417168790915,0.0004983980241995697,0.00033252669537832,-8.380550535631315e-05,0.1526874285925055,0.01866334230413251,0.001199711292212324,0.003971615187415997,0.02427925370183856,0.04517210283176742,0.1310968006001034,0.03270191607891355,0.006803576261710397,0.0008594345731469456,-0.003174905588243931,-0.00711316232817597,0.0186560246738149,0.009451140140723166,-0.0004394443738790604,0.001022384351225018,-6.30032382447389e-05,0.0006281678187469348,0.0006445833193595944,0.001141350665160774,0.0003802855234303916,0.0006843953564643375,0.000239503799159574,-2.858606506850391e-06,-1.1786101535897238,7.992579251292541,0.21665467061285262,56.26473347283567,0.0
0.14192632167942065,0.01734951154350431,-0.04193985335382422,-0.003641359983759378,-0.02444833020873945,-0.08731762429558673,0.1380390474734288,0.02903189084133577,0.006875247108489111,0.0008150566273801188,0.001971788481361341,0.005269805664655518,0.02116933661799145,0.01536055908756419,-0.001177074525788361,0.001300915708157302,2.747377558866586e-05,2.220407427826208e-05,-0.00108247207423615,6.435380216410359e-05,0.0001069417168790915,0.0004983980241995697,0.00033252669537832,-8.380550535631315e-05,0.1526874285925055,0.01866334230413251,0.001199711292212324,0.003782490654681902,0.02549321638693049,0.04517210283176742,0.1310968006001034,0.03270191607891355,0.006803576261710397,0.0008594345731469456,-0.003174905588243931,-0.00711316232817597,0.0186560246738149,0.009451140140723166,-0.0004394443738790604,0.001022384351225018,-6.30032382447389e-05,0.0006281678187469348,0.0006445833193595944,0.001141350665160774,0.0003802855234303916,0.0006843953564643375,0.000239503799159574,-2.858606506850391e-06,-1.1800148369864325,7.997197241522999,0.22121338292062254,57.110341275301444,0.0
0.2469355871067762,0.01734951154350431,-0.04193985335382422,-0.003641359983759378,-0.02444833020873945,-0.09168350551036607,0.1380390474734288,0.02903189084133577,0.006875247108489111,0.0008150566273801188,0.001971788481361341,0.005269805664655518,0.02116933661799145,0.01536055908756419,-0.001177074525788361,0.001300915708157302,2.747377558866586e-05,2.220407427826208e-05,-0.00108247207423615,6.435380216410359e-05,0.0001069417168790915,0.0004983980241995697,0.00033252669537832,-8.380550535631315e-05,0.1526874285925055,0.01866334230413251,0.001199711292212324,0.003782490654681902,0.02427925370183856,0.04517210283176742,0.1310968006001034,0.03270191607891355,0.006803576261710397,0.0008594345731469456,-0.003174905588243931,-0.00711316232817597,0.0186560246738149,0.009451140140723166,-0.0004394443738790604,0.001022384351225018,-6.30032382447389e-05,0.0006281678187469348,0.0006445833193595944,0.001141350665160774,0.0003802855234303916,0.0006843953564643375,0.000239503799159574,-2.858606506850391e-06,-1.326860421349842,8.011819508670857,0.3986226234970376,66.1037361669595,0.0
0.2469355871067762,0.01734951154350431,-0.04193985335382422,-0.003641359983759378,-0.02444833020873945,-0.09168350551036607,0.1380390474734288,0.0250675632659636,0.006875247108489111,0.0008150566273801188,0.001971788481361341,0.005269805664655518,0.02116933661799145,0.01536055908756419,-0.001177074525788361,0.001300915708157302,2.747377558866586e-05,2.220407427826208e-05,-0.00108247207423615,6.435380216410359e-05,0.0001069417168790915,0.0004983980241995697,0.00033252669537832,-8.380550535631315e-05,0.1526874285925055,0.01866334230413251,0.001199711292212324,0.003782490654681902,0.02427925370183856,0.04517210283176742,0.1310968006001034,0.03270191607891355,0.006803576261710397,0.0008594345731469456,-0.003174905588243931,-0.00711316232817597,0.0186560246738149,0.009451140140723166,-0.0004394443738790604,0.001022384351225018,-6.30032382447389e-05,0.0006281678187469348,0.0006445833193595944,0.001141350665160774,0.0003802855234303916,0.0006843953564643375,0.000239503799159574,-2.858606506850391e-06,-1.336140638126279,8.011140904790201,0.3240326939808372,67.612441704488,0.0
0.2469355871067762,0.01734951154350431,-0.04193985335382422,-0.003641359983759378,-0.02444833020873945,-0.09168350551036607,0.1380390474734288,0.0250675632659636,0.006875247108489111,0.0008150566273801188,0.001971788481361341,0.005269805664655518,0.02116933661799145,0.01536055908756419,-0.001177074525788361,0.001300915708157302,2.747377558866586e-05,2.220407427826208e-05,-0.00108247207423615,6.435380216410359e-05,0.007919570864146408,0.0004983980241995697,0.00033252669537832,-8.380550535631315e-05,0.1526874285925055,0.01866334230413251,0.001199711292212324,0.003782490654681902,0.02427925370183856,0.04517210283176742,0.1310968006001034,0.03270191607891355,0.006803576261710397,0.0008594345731469456,-0.003174905588243931,-0.00711316232817597,0.0186560246738149,0.009451140140723166,-0.0004394443738790604,0.001022384351225018,-6.30032382447389e-05,0.0006281678187469348,0.0006445833193595944,0.001141350665160774,0.0003802855234303916,0.0006843953564643375,0.000239503799159574,-2.858606506850391e-06,-1.3052798175515343,8.024485308853604,0.3255362928962504,65.45628927003372,0.0
0.2469355871067762,0.01734951154350431,-0.04193985335382422,-0.003641359983759378,-0.02444833020873945,-0.09168350551036607,0.1380390474734288,0.0250675632659636,0.006875247108489111,0.0008150566273801188,0.001971788481361341,0.005269805664655518,0.02116933661799145,0.01536055908756419,-0.001177074525788361,0.001300915708157302,2.747377558866586e-05,2.220407427826208e-05,-0.00108247207423615,6.435380216410359e-05,0.007919570864146408,0.0004983980241995697,0.00033252669537832,-8.380550535631315e-05,0.14719849020070797,0.01866334230413251,0.001199711292212324,0.003782490654681902,0.02427925370183856,0.04517210283176742,0.1310968006001034,0.03270191607891355,0.006803576261710397,0.0008594345731469456,-0.003174905588243931,-0.00711316232817597,0.0186560246738149,0.009451140140723166,-0.0004394443738790604,0.001022384351225018,-6.30032382447389e-05,0.0006281678187469348,0.0006445833193595944,0.001141350665160774,0.0003802855234303916,0.0006843953564643375,0.000239503799159574,-2.858606506850391e-06,-1.2913982564386282,8.024485308853604,0.33463881484402563,67.773381565189,0.0
0.2469355871067762,0.01734951154350431,-0.04193985335382422,-0.003641359983759378,-0.02444833020873945,-0.09168350551036607,0.1380390474734288,0.0250675632659636,0.006875247108489111,0.0008150566273801188,0.001971788481361341,0.005269805664655518,0.02116933661799145,0.01536055908756419,-0.001177074525788361,0.001300915708157302,2.747377558866586e-05,2.220407427826208e-05,-0.00108247207423615,6.435380216410359e-05,0.007919570864146408,0.0004983980241995697,0.00033252669537832,-8.380550535631315e-05,0.14719849020070797,0.08508860962928111,0.001199711292212324,0.003782490654681902,0.02427925370183856,0.04517210283176742,0.1310968006001034,0.03270191607891355,0.006803576261710397,0.0008594345731469456,-0.003174905588243931,-0.00711316232817597,0.0186560246738149,0.009451140140723166,-0.0004394443738790604,0.001022384351225018,-6.30032382447389e-05,0.0006281678187469348,0.0006445833193595944,0.001141350665160774,0.0003802855234303916,0.0006843953564643375,0.000239503799159574,-2.858606506850391e-06,-1.2943971882996013,8.024485308853604,0.4078383933592919,199.85061626988286,0.12233578550110458
0.2469355871067762,0.01734951154350431,-0.04193985335382422,-0.003641359983759378,-0.02444833020873945,-0.09168350551036607,0.1380390474734288,0.0250675632659636,0.006875247108489111,0.0008150566273801188,0.001971788481361341,0.005269805664655518,0.02116933661799145,0.01536055908756419,-0.001177074525788361,0.001300915708157302,2.747377558866586e-05,2.220407427826208e-05,-0.00108247207423615,6.435380216410359e-05,0.007919570864146408,0.0004983980241995697,0.00033252669537832,-8.380550535631315e-05,0.14719849020070797,0.08508860962928111,0.001199711292212324,0.003782490654681902,0.02427925370183856,0.04517210283176742,0.1579844185035313,0.03270191607891355,0.006803576261710397,0.0008594345731469456,-0.003174905588243931,-0.00711316232817597,0.0186560246738149,0.009451140140723166,-0.0004394443738790604,0.001022384351225018,-6.30032382447389e-05,0.0006281678187469348,0.0006445833193595944,0.001141350665160774,0.0003802855234303916,0.0006843953564643375,0.000239503799159574,-2.858606506850391e-06,-1.1856680633447607,7.124155665839136,0.48388394401221485,229.32569756033837,0.13504934889175718
0.2469355871067762,0.01734951154350431,-0.04193985335382422,-0.003641359983759378,-0.02444833020873945,-0.09168350551036607,0.1380390474734288,0.0250675632659636,0.006875247108489111,0.0008150566273801188,0.001971788481361341,0.005269805664655518,0.02116933661799145,0.01536055908756419,-0.001177074525788361,0.001300915708157302,2.747377558866586e-05,2.220407427826208e-05,-0.00108247207423615,6.435380216410359e-05,0.007919570864146408,0.0004983980241995697,0.00033252669537832,-8.380550535631315e-05,0.14719849020070797,0.08508860962928111,0.001199711292212324,0.003782490654681902,0.02427925370183856,0.04517210283176742,0.1579844185035313,0.03270191607891355,0.006803576261710397,0.0008594345731469456,-0.003174905588243931,-0.00711316232817597,0.0186560246738149,0.009451140140723166,0.010836839552894162,0.001022384351225018,-6.30032382447389e-05,0.0006281678187469348,0.0006445833193595944,0.001141350665160774,0.0003802855234303916,0.0006843953564643375,0.000239503799159574,-2.858606506850391e-06,-1.1296903420793816,7.156822102629705,0.33084605718077265,247.84044021779818,0.15155314875503517
0.2469355871067762,0.01734951154350431,-0.04193985335382422,-0.003641359983759378,-0.02444833020873945,-0.09168350551036607,0.1380390474734288,0.0250675632659636,0.006875247108489111,0.0008150566273801188,0.001971788481361341,0.005269805664655518,0.02116933661799145,0.01536055908756419,-0.001177074525788361,0.001300915708157302,2.747377558866586e-05,2.220407427826208e-05,-0.00108247207423615,6.435380216410359e-05,0.007919570864146408,0.0004983980241995697,0.00033252669537832,-8.380550535631315e-05,0.14719849020070797,0.08508860962928111,0.001199711292212324,0.003782490654681902,0.02427925370183856,0.04517210283176742,0.1579844185035313,0.03270191607891355,0.006803576261710397,0.0008594345731469456,-0.003174905588243931,-0.00711316232817597,0.0186560246738149,0.009451140140723166,0.010836839552894162,0.001022384351225018,-6.30032382447389e-05,0.0006281678187469348,0.0006445833193595944,0.001141350665160774,-0.01643047890570415,0.0006843953564643375,0.000239503799159574,-2.858606506850391e-06,-1.0625668675586952,7.202125074109311,0.27008126193321413,239.69148224383156,0.15213870474302982
0.2469355871067762,0.01734951154350431,-0.04193985335382422,-0.003641359983759378,-0.02444833020873945,-0.09168350551036607,0.1380390474734288,0.0250675632659636,0.006875247108489111,0.0008150566273801188,0.001971788481361341,0.005269805664655518,0.02116933661799145,0.01536055908756419,0.02452105015773043,0.001300915708157302,2.747377558866586e-05,2.220407427826208e-05,-0.00108247207423615,6.435380216410359e-05,0.007919570864146408,0.0004983980241995697,0.00033252669537832,-8.380550535631315e-05,0.14719849020070797,0.08508860962928111,0.001199711292212324,0.003782490654681902,0.02427925370183856,0.04517210283176742,0.1579844185035313,0.03270191607891355,0.006803576261710397,0.0008594345731469456,-0.003174905588243931,-0.00711316232817597,0.0186560246738149,0.009451140140723166,0.010836839552894162,0.001022384351225018,-6.30032382447389e-05,0.0006281678187469348,0.0006445833193595944,0.001141350665160774,-0.01643047890570415,0.0006843953564643375,0.000239503799159574,-2.858606506850391e-06,-1.0459068834707275,7.196830249246857,0.3668506647765481,313.18595641876914,0.1895877106372018
0.2469355871067762,0.01734951154350431,-0.04193985335382422,-0.003641359983759378,-0.02444833020873945,-0.09168350551036607,0.1380390474734288,0.0250675632659636,0.006875247108489111,0.0008150566273801188,0.001971788481361341,0.005269805664655518,0.02116933661799145,0.01536055908756419,0.02452105015773043,0.001300915708157302,2.747377558866586e-05,2.220407427826208e-05,-0.00108247207423615,6.435380216410359e-05,0.007919570864146408,0.0004983980241995697,0.00033252669537832,-8.380550535631315e-05,-0.12136866704804561,0.08508860962928111,0.001199711292212324,0.003782490654681902,0.02427925370183856,0.04517210283176742,0.1579844185035313,0.03270191607891355,0.006803576261710397,0.0008594345731469456,-0.003174905588243931,-0.00711316232817597,0.0186560246738149,0.009451140140723166,0.010836839552894162,0.001022384351225018,-6.30032382447389e-05,0.0006281678187469348,0.0006445833193595944,0.001141350665160774,-0.01643047890570415,0.0006843953564643375,0.000239503799159574,-2.858606506850391e-06,-0.5063951677304556,7.196830249246857,0.3518353715068448,297.01140715283145,0.1490593572421962
0.2469355871067762,0.01734951154350431,-0.04193985335382422,-0.003641359983759378,-0.02444833020873945,-0.09168350551036607,0.1380390474734288,0.0250675632659636,0.006875247108489111,0.0008150566273801188,0.001971788481361341,0.005269805664655518,0.02116933661799145,0.01536055908756419,0.02452105015773043,0.001300915708157302,2.747377558866586e-05,2.220407427826208e-05,-0.00108247207423615,6.435380216410359e-05,0.007919570864146408,0.0004983980241995697,0.00033252669537832,-8.380550535631315e-05,-0.12136866704804561,0.06487341339908426,0.001199711292212324,0.003782490654681902,0.02427925370183856,0.04517210283176742,0.1579844185035313,0.03270191607891355,0.006803576261710397,0.0008594345731469456,-0.003174905588243931,-0.00711316232817597,0.0186560246738149,0.009451140140723166,0.010836839552894162,0.001022384351225018,-6.30032382447389e-05,0.0006281678187469348,0.0006445833193595944,0.001141350665160774,-0.01643047890570415,0.0006843953564643375,0.000239503799159574,-2.858606506850391e-06,-0.4743715946679914,7.196830249246857,0.42219828003979704,243.883023465232,0.13105097663993187
-0.05909850103557801,0.01734951154350431,-0.04193985335382422,-0.003641359983759378,-0.02444833020873945,-0.09168350551036607,0.1380390474734288,0.0250675632659636,0.006875247108489111,0.0008150566273801188,0.001971788481361341,0.005269805664655518,0.02116933661799145,0.01536055908756419,0.02452105015773043,0.001300915708157302,2.747377558866586e-05,2.220407427826208e-05,-0.00108247207423615,6.435380216410359e-05,0.007919570864146408,0.0004983980241995697,0.00033252669537832,-8.380550535631315e-05,-0.12136866704804561,0.06487341339908426,0.001199711292212324,0.003782490654681902,0.02427925370183856,0.04517210283176742,0.1579844185035313,0.03270191607891355,0.006803576261710397,0.0008594345731469456,-0.003174905588243931,-0.00711316232817597,0.0186560246738149,0.009451140140723166,0.010836839552894162,0.001022384351225018,-6.30032382447389e-05,0.0006281678187469348,0.0006445833193595944,0.001141350665160774,-0.01643047890570415,0.0006843953564643375,0.000239503799159574,-2.858606506850391e-06,-1.1009162586015246,7.265792891571786,0.2727922084595,80.09095214398246,0.0
-0.05909850103557801,0.01734951154350431,-0.04193985335382422,-0.003641359983759378,-0.02444833020873945,-0.09168350551036607,0.1380390474734288,0.0250675632659636,0.006875247108489111,0.0008150566273801188,0.001971788481361341,0.005269805664655518,0.02116933661799145,0.01536055908756419,0.02452105015773043,-0.010851758312128368,2.747377558866586e-05,2.220407427826208e-05,-0.00108247207423615,6.435380216410359e-05,0.007919570864146408,0.0004983980241995697,0.00033252669537832,-8.380550535631315e-05,-0.12136866704804561,0.06487341339908426,0.001199711292212324,0.003782490654681902,0.02427925370183856,0.04517210283176742,0.1579844185035313,0.03270191607891355,0.006803576261710397,0.0008594345731469456,-0.003174905588243931,-0.00711316232817597,0.0186560246738149,0.009451140140723166,0.010836839552894162,0.001022384351225018,-6.30032382447389e-05,0.0006281678187469348,0.0006445833193595944,0.001141350665160774,-0.01643047890570415,0.0006843953564643375,0.000239503799159574,-2.858606506850391e-06,-1.0578114860062098,7.266720979905809,0.32155058221764726,97.36839273618199,0.0
-0.05909850103557801,0.01734951154350431,-0.04193985335382422,-0.003641359983759378,-0.02444833020873945,-0.09168350551036607,0.1380390474734288,0.0250675632659636,0.006875247108489111,0.0008150566273801188,0.001971788481361341,0.005269805664655518,0.02116933661799145,0.01536055908756419,0.02452105015773043,-0.010851758312128368,2.747377558866586e-05,2.220407427826208e-05,-0.00108247207423615,6.435380216410359e-05,0.007919570864146408,0.0004983980241995697,0.00033252669537832,-8.380550535631315e-05,0.04995549786016795,0.06487341339908426,0.001199711292212324,0.003782490654681902,0.02427925370183856,0.04517210283176742,0.1579844185035313,0.03270191607891355,0.006803576261710397,0.0008594345731469456,-0.003174905588243931,-0.00711316232817597,0.0186560246738149,0.009451140140723166,0.010836839552894162,0.001022384351225018,-6.30032382447389e-05,0.0006281678187469348,0.0006445833193595944,0.001141350665160774,-0.01643047890570415,0.0006843953564643375,0.000239503799159574,-2.858606506850391e-06,-0.8866080693481906,7.266720979905809,0.2600492163718122,118.83992696987545,0.03211416247305643
-0.05909850103557801,0.01734951154350431,-0.04193985335382422,-0.003641359983759378,-0.02444833020873945,-0.09168350551036607,0.1380390474734288,0.0250675632659636,0.006875247108489111,0.0008150566273801188,0.001971788481361341,0.005269805664655518,0.02116933661799145,0.01536055908756419,0.02452105015773043,-0.010851758312128368,2.747377558866586e-05,2.220407427826208e-05,-0.00108247207423615,6.435380216410359e-05,0.007919570864146408,0.0004983980241995697,0.00033252669537832,-8.380550535631315e-05,0.04995549786016795,0.06487341339908426,0.001199711292212324,0.003782490654681902,0.0586985918664773,0.04517210283176742,0.1579844185035313,0.03270191607891355,0.006803576261710397,0.0008594345731469456,-0.003174905588243931,-0.00711316232817597,0.0186560246738149,0.009451140140723166,0.010836839552894162,0.001022384351225018,-6.30032382447389e-05,0.0006281678187469348,0.0006445833193595944,0.001141350665160774,-0.01643047890570415,0.0006843953564643375,0.000239503799159574,-2.858606506850391e-06,-1.1661592234437175,7.49040457086954,0.44432277102731976,187.46576050258383,0.17604936374928115
-0.05909850103557801,0.01734951154350431,-0.04193985335382422,-0.003641359983759378,-0.02444833020873945,-0.09168350551036607,0.1380390474734288,0.0250675632659636,0.006875247108489111,0.0008150566273801188,0.001971788481361341,0.005269805664655518,0.02116933661799145,0.01536055908756419,0.02452105015773043,-0.010851758312128368,2.747377558866586e-05,2.220407427826208e-05,-0.00108247207423615,6.435380216410359e-05,0.007919570864146408,0.0004983980241995697,0.00033252669537832,-8.380550535631315e-05,0.04995549786016795,0.06487341339908426,0.001199711292212324,0.003782490654681902,0.02427925370183856,0.04517210283176742,0.23619388052838985,0.03270191607891355,0.006803576261710397,0.0008594345731469456,-0.003174905588243931,-0.00711316232817597,0.0186560246738149,0.009451140140723166,0.010836839552894162,0.001022384351225018,-6.30032382447389e-05,0.0006281678187469348,0.0006445833193595944,0.001141350665160774,-0.01643047890570415,0.0006843953564643375,0.000239503799159574,-2.858606506850391e-06,-0.6049512506295024,5.833181783100749,0.5503266391141468,146.0845763364373,0.16148083823270049
-0.05909850103557801,0.01734951154350431,-0.04193985335382422,-0.003641359983759378,-0.02444833020873945,-0.09168350551036607,0.1380390474734288,0.0250675632659636,0.006875247108489111,0.0008150566273801188,0.001971788481361341,0.005269805664655518,0.02116933661799145,0.01536055908756419,0.02452105015773043,-0.010851758312128368,2.747377558866586e-05,2.220407427826208e-05,-0.00108247207423615,6.435380216410359e-05,0.007919570864146408,0.0004983980241995697,0.00033252669537832,-8.380550535631315e-05,0.04995549786016795,0.06487341339908426,0.001199711292212324,0.003782490654681902,0.02427925370183856,0.04517210283176742,0.1579844185035313,0.03270191607891355,0.006803576261710397,0.0008594345731469456,-0.003174905588243931,-0.00711316232817597,0.0186560246738149,0.009451140140723166,0.010836839552894162,0.001022384351225018,-6.30032382447389e-05,0.0006281678187469348,0.0006445833193595944,0.001141350665160774,-0.01643047890570415,0.0006843953564643375,0.000239503799159574,-0.009485215975814754,-0.8448083756537467,7.268593130447393,0.2585533894709518,181.61464218974695,0.05219496779772509
-0.1694642980935157,0.01734951154350431,-0.04193985335382422,-0.003641359983759378,-0.02444833020873945,-0.09168350551036607,0.1380390474734288,0.0250675632659636,0.006875247108489111,0.0008150566273801188,0.001971788481361341,0.005269805664655518,0.02116933661799145,0.01536055908756419,0.02452105015773043,-0.010851758312128368,2.747377558866586e-05,2.220407427826208e-05,-0.00108247207423615,6.435380216410359e-05,0.007919570864146408,0.0004983980241995697,0.00033252669537832,-8.380550535631315e-05,0.04995549786016795,0.06487341339908426,0.001199711292212324,0.003782490654681902,0.02427925370183856,0.04517210283176742,0.1579844185035313,0.03270191607891355,0.006803576261710397,0.0008594345731469456,-0.003174905588243931,-0.00711316232817597,0.0186560246738149,0.009451140140723166,0.010836839552894162,0.001022384351225018,-6.30032382447389e-05,0.0006281678187469348,0.0006445833193595944,0.001141350665160774,-0.01643047890570415,0.0006843953564643375,0.000239503799159574,-0.009485215975814754,-0.751578051561597,7.299206268534325,0.39388677001870176,549.0745601619334,0.08895468387665267
-0.05909850103557801,0.01734951154350431,-0.04193985335382422,-0.003641359983759378,-0.02444833020873945,-0.09168350551036607,0.1380390474734288,0.0250675632659636,0.006875247108489111,0.0008150566273801188,0.001971788481361341,0.005269805664655518,0.02116933661799145,0.01536055908756419,0.02452105015773043,-0.010851758312128368,2.747377558866586e-05,2.220407427826208e-05,-0.00108247207423615,6.435380216410359e-05,0.007919570864146408,0.0004983980241995697,0.00033252669537832,-8.380550535631315e-05,-0.23901798956609355,0.06487341339908426,0.001199711292212324,0.003782490654681902,0.02427925370183856,0.04517210283176742,0.1579844185035313,0.03270191607891355,0.006803576261710397,0.0008594345731469456,-0.003174905588243931,-0.00711316232817597,0.0186560246738149,0.009451140140723166,0.010836839552894162,0.001022384351225018,-6.30032382447389e-05,0.0006281678187469348,0.0006445833193595944,0.001141350665160774,-0.01643047890570415,0.0006843953564643375,0.000239503799159574,-0.009485215975814754,-1.021583570137932,7.268593130447393,0.42233058827025244,112.976583057291,0.006025509877550822
-0.05909850103557801,0.01734951154350431,-0.04193985335382422,-0.003641359983759378,-0.02444833020873945,-0.09168350551036607,0.1380390474734288,0.0250675632659636,0.006875247108489111,0.0008150566273801188,0.001971788481361341,0.005269805664655518,0.02116933661799145,0.01536055908756419,0.02452105015773043,-0.010851758312128368,2.747377558866586e-05,2.220407427826208e-05,-0.00108247207423615,6.435380216410359e-05,0.007919570864146408,0.0004983980241995697,0.00033252669537832,-8.380550535631315e-05,0.04995549786016795,0.006904591610023658,0.001199711292212324,0.003782490654681902,0.02427925370183856,0.04517210283176742,0.1579844185035313,0.03270191607891355,0.006803576261710397,0.0008594345731469456,-0.003174905588243931,-0.00711316232817597,0.0186560246738149,0.009451140140723166,0.010836839552894162,0.001022384351225018,-6.30032382447389e-05,0.0006281678187469348,0.0006445833193595944,0.001141350665160774,-0.01643047890570415,0.0006843953564643375,0.000239503799159574,-0.009485215975814754,-0.7413856814954605,7.268593130447393,0.27045923300301694,110.61501055723636,0.03520760778897897
-0.05909850103557801,0.01734951154350431,-0.04193985335382422,-0.003641359983759378,-0.02444833020873945,-0.09168350551036607,0.1380390474734288,0.0250675632659636,0.006875247108489111,0.0008150566273801188,0.001971788481361341,0.005269805664655518,0.02116933661799145,0.01536055908756419,0.02452105015773043,-0.010851758312128368,2.747377558866586e-05,2.220407427826208e-05,-0.00108247207423615,6.435380216410359e-05,0.007919570864146408,0.0004983980241995697,0.00033252669537832,-8.380550535631315e-05,0.04995549786016795,0.006904591610023658,0.02111607531480786,0.003782490654681902,0.02427925370183856,0.04517210283176742,0.1579844185035313,0.03270191607891355,0.006803576261710397,0.0008594345731469456,-0.003174905588243931,-0.00711316232817597,0.0186560246738149,0.009451140140723166,0.010836839552894162,0.001022384351225018,-6.30032382447389e-05,0.0006281678187469348,0.0006445833193595944,0.001141350665160774,-0.01643047890570415,0.0006843953564643375,0.000239503799159574,-0.009485215975814754,-0.6372204939268007,7.268593130447393,0.23614776038093868,183.0594645669463,0.03240340337731401
-0.05909850103557801,0.01734951154350431,-0.04193985335382422,-0.003641359983759378,-0.02444833020873945,-0.09168350551036607,0.1380390474734288,0.0250675632659636,0.006875247108489111,0.0008150566273801188,0.001971788481361341,0.005269805664655518,0.02116933661799145,0.01536055908756419,0.02452105015773043,-0.010851758312128368,2.747377558866586e-05,2.220407427826208e-05,-0.00108247207423615,6.435380216410359e-05,0.007919570864146408,0.0004983980241995697,0.00033252669537832,-8.380550535631315e-05,0.04995549786016795,0.006904591610023658,0.02111607531480786,0.003782490654681902,0.02427925370183856,0.04517210283176742,0.23011653802661947,0.03270191607891355,0.006803576261710397,0.0008594345731469456,-0.003174905588243931,-0.00711316232817597,0.0186560246738149,0.009451140140723166,0.010836839552894162,0.001022384351225018,-6.30032382447389e-05,0.0006281678187469348,0.0006445833193595944,0.001141350665160774,-0.01643047890570415,0.0006843953564643375,0.000239503799159574,-0.009485215975814754,-0.43921586386183825,5.9164938385047705,0.335695804004489,186.91503623799622,0.15741176561727666
-0.05909850103557801,0.01734951154350431,-0.04193985335382422,-0.003641359983759378,-0.02444833020873945,-0.057587594360938965,0.1380390474734288,0.0250675632659636,0.006875247108489111,0.0008150566273801188,0.001971788481361341,0.005269805664655518,0.02116933661799145,0.01536055908756419,0.02452105015773043,-0.010851758312128368,2.747377558866586e-05,2.220407427826208e-05,-0.00108247207423615,6.435380216410359e-05,0.007919570864146408,0.0004983980241995697,0.00033252669537832,-8.380550535631315e-05,0.04995549786016795,0.006904591610023658,0.02111607531480786,0.003782490654681902,0.02427925370183856,0.04517210283176742,0.1579844185035313,0.03270191607891355,0.006803576261710397,0.0008594345731469456,-0.003174905588243931,-0.00711316232817597,0.0186560246738149,0.009451140140723166,0.010836839552894162,0.001022384351225018,-6.30032382447389e-05,0.0006281678187469348,0.0006445833193595944,0.001141350665160774,-0.01643047890570415,0.0006843953564643375,0.000239503799159574,-0.009485215975814754,-0.3178061647010097,6.988990804337336,0.3953269432353857,208.49892415915758,0.005996571095326836
-0.05909850103557801,0.01734951154350431,-0.04193985335382422,-0.003641359983759378,-0.02444833020873945,-0.09168350551036607,0.1380390474734288,0.0250675632659636,0.006875247108489111,0.0008150566273801188,0.001971788481361341,0.005269805664655518,0.02116933661799145,0.01536055908756419,0.02452105015773043,-0.010851758312128368,2.747377558866586e-05,2.220407427826208e-05,-0.00108247207423615,6.435380216410359e-05,0.007919570864146408,0.0004983980241995697,0.0104669913798201,-8.380550535631315e-05,0.04995549786016795,0.006904591610023658,0.02111607531480786,0.003782490654681902,0.02427925370183856,0.04517210283176742,0.1579844185035313,0.03270191607891355,0.006803576261710397,0.0008594345731469456,-0.003174905588243931,-0.00711316232817597,0.0186560246738149,0.009451140140723166,0.010836839552894162,0.001022384351225018,-6.30032382447389e-05,0.0006281678187469348,0.0006445833193595944,0.001141350665160774,-0.01643047890570415,0.0006843953564643375,0.000239503799159574,-0.009485215975814754,-0.6179517362715125,7.2686805979640825,0.31068174349720784,174.58345645355325,0.0411747388607725
-0.05909850103557801,0.01734951154350431,-0.04193985335382422,-0.003641359983759378,-0.02444833020873945,-0.09168350551036607,0.1380390474734288,0.0250675632659636,0.006875247108489111,0.0008150566273801188,0.001971788481361341,0.005269805664655518,0.02116933661799145,0.01536055908756419,0.02452105015773043,-0.010851758312128368,2.747377558866586e-05,2.220407427826208e-05,-0.00108247207423615,6.435380216410359e-05,0.007919570864146408,0.0004983980241995697,0.00033252669537832,-8.380550535631315e-05,0.03271534820305533,0.006904591610023658,0.02111607531480786,0.003782490654681902,0.02427925370183856,0.04517210283176742,0.1579844185035313,0.03270191607891355,0.006803576261710397,0.0008594345731469456,-0.003174905588243931,-0.00711316232817597,0.0186560246738149,0.009451140140723166,0.010836839552894162,0.001022384351225018,-6.30032382447389e-05,0.0006281678187469348,0.0006445833193595944,0.001141350665160774,-0.01643047890570415,0.0006843953564643375,0.000239503799159574,-0.009485215975814754,-0.6537323525475905,7.268593130447393,0.2459272916690471,181.75962806389384,0.029702842231151994
-0.05909850103557801,0.01734951154350431,-0.04193985335382422,-0.003641359983759378,-0.02444833020873945,-0.09168350551036607,0.1380390474734288,0.0250675632659636,0.006875247108489111,0.0008150566273801188,0.001971788481361341,0.005269805664655518,0.02116933661799145,0.01536055908756419,0.02452105015773043,-0.010851758312128368,2.747377558866586e-05,2.220407427826208e-05,-0.00108247207423615,6.435380216410359e-05,0.007919570864146408,0.0004983980241995697,0.00033252669537832,-8.380550535631315e-05,0.03271534820305533,0.006904591610023658,0.02111607531480786,-0.0007412180508072908,0.02427925370183856,0.04517210283176742,0.1579844185035313,0.03270191607891355,0.006803576261710397,0.0008594345731469456,-0.003174905588243931,-0.00711316232817597,0.0186560246738149,0.009451140140723166,0.010836839552894162,0.001022384351225018,-6.30032382447389e-05,0.0006281678187469348,0.0006445833193595944,0.001141350665160774,-0.01643047890570415,0.0006843953564643375,0.000239503799159574,-0.009485215975814754,-0.6444575229264115,7.270074997795746,0.20377901266099568,201.9899868900552,0.03861632971534229
-0.05909850103557801,0.01734951154350431,-0.04193985335382422,-0.003641359983759378,-0.02444833020873945,-0.09168350551036607,0.1380390474734288,0.0250675632659636,0.006875247108489111,0.0008150566273801188,0.001971788481361341,0.005269805664655518,0.02116933661799145,0.01536055908756419,0.02452105015773043,-0.010851758312128368,2.747377558866586e-05,2.220407427826208e-05,-0.00108247207423615,6.435380216410359e-05,0.007919570864146408,0.0004983980241995697,0.00033252669537832,-8.380550535631315e-05,0.03271534820305533,0.006904591610023658,0.02111607531480786,-0.0007412180508072908,0.02427925370183856,0.04517210283176742,0.1579844185035313,0.03270191607891355,0.006803576261710397,0.0008594345731469456,-0.003174905588243931,-0.00711316232817597,0.0186560246738149,0.009451140140723166,0.010836839552894162,0.001022384351225018,-6.30032382447389e-05,0.0006281678187469348,0.0006445833193595944,0.003711013307167832,-0.01643047890570415,0.0006843953564643375,0.000239503799159574,-0.009485215975814754,-0.6255059779831214,7.270991523068248,0.3672871474109571,203.12175056858615,0.031371292712369714
0.06084165146421583,0.01734951154350431,-0.04193985335382422,-0.003641359983759378,-0.02444833020873945,-0.09168350551036607,0.1380390474734288,0.0250675632659636,0.006875247108489111,0.0008150566273801188,0.001971788481361341,0.005269805664655518,0.02116933661799145,0.01536055908756419,0.02452105015773043,-0.010851758312128368,2.747377558866586e-05,2.220407427826208e-05,-0.00108247207423615,6.435380216410359e-05,0.007919570864146408,0.0004983980241995697,0.00033252669537832,-8.380550535631315e-05,0.03271534820305533,0.006904591610023658,0.02111607531480786,-0.0007412180508072908,0.02427925370183856,0.04517210283176742,0.1579844185035313,0.03270191607891355,0.006803576261710397,0.0008594345731469456,-0.003174905588243931,-0.00711316232817597,0.0186560246738149,0.009451140140723166,0.010836839552894162,0.001022384351225018,-6.30032382447389e-05,0.0006281678187469348,0.0006445833193595944,0.001141350665160774,-0.01643047890570415,0.0006843953564643375,0.000239503799159574,-0.009485215975814754,-0.7289390523991126,7.239370545424824,0.26136383914709216,156.51467446658415,0.03598697521281918
0.06084165146421583,-0.0016361207999580074,-0.04193985335382422,-0.003641359983759378,-0.02444833020873945,-0.09168350551036607,0.1380390474734288,0.0250675632659636,0.006875247108489111,0.0008150566273801188,0.001971788481361341,0.005269805664655518,0.02116933661799145,0.01536055908756419,0.02452105015773043,-0.010851758312128368,2.747377558866586e-05,2.220407427826208e-05,-0.00108247207423615,6.435380216410359e-05,0.007919570864146408,0.0004983980241995697,0.00033252669537832,-8.380550535631315e-05,0.03271534820305533,0.006904591610023658,0.02111607531480786,-0.0007412180508072908,0.02427925370183856,0.04517210283176742,0.1579844185035313,0.03270191607891355,0.006803576261710397,0.0008594345731469456,-0.003174905588243931,-0.00711316232817597,0.0186560246738149,0.009451140140723166,0.010836839552894162,0.001022384351225018,-6.30032382447389e-05,0.0006281678187469348,0.0006445833193595944,0.001141350665160774,-0.01643047890570415,0.0006843953564643375,0.000239503799159574,-0.009485215975814754,-0.709424502280941,7.236975898151036,0.3292221678907296,165.4420683045592,0.05837975441422327
