x(0),x(1),x(2),x(3),x(4),x(5),x(6),x(7),x(8),x(9),x(10),x(11),x(12),x(13),x(14),x(15),x(16),x(17),x(18),x(19),x(20),x(21),x(22),x(23),x(24),x(25),x(26),x(27),x(28),x(29),x(30),x(31),x(32),x(33),x(34),x(35),x(36),x(37),x(38),x(39),x(40),x(41),x(42),x(43),x(44),x(45),x(46),x(47),mean_iota,aspect,growth_rate,omega,ky,quasisymmetry_total,qflux
0.1635736469509085,0.01153464403265224,0.0001660825542716507,0.001177705088726893,0.006117449935928349,0.03695998128952078,0.1658776713857751,-0.1088789497913388,-0.02128857374166514,-0.002300157572693968,-1.629464724791329e-05,0.0006490349497379012,3.445618605450382e-05,0.01582563423506581,0.02546788563643479,0.003589988783905243,0.002023292416997494,-6.881215658169502e-05,0.0001851061354443457,-0.0009499158045035575,0.0006789213877319417,0.0001278256592588691,0.0001216640222421739,-0.000882462342731323,-0.1253658594586452,-0.01143100828466809,-0.0001836705489992535,0.0008768242973159689,0.006917463886154144,0.03357703036173842,0.2153938070783234,0.08004202421496563,0.01941805377930779,0.002043310207615721,9.255771223110816e-05,0.00039526870653762,-0.001331440902105533,0.01561378330710932,8.409380325679782e-05,-0.007162905352448011,-0.001623525685575538,-0.0001146639773380277,0.0002034757712275398,-0.001194121521590374,0.002074912419441758,0.001453779212226518,0.00175193966346861,0.0004283901601890926,0.41906159268179516,6.000114150210393,3.0835232734680176,4.476161003112793,0.5,0.0008216028721772124,32.202064514160156
0.023705252810032107,0.01153464403265224,0.0001660825542716507,0.001177705088726893,0.006117449935928349,0.03695998128952078,0.1658776713857751,-0.1088789497913388,-0.02128857374166514,-0.002300157572693968,-1.629464724791329e-05,0.0006490349497379012,3.445618605450382e-05,0.01582563423506581,0.02546788563643479,0.003589988783905243,0.002023292416997494,-6.881215658169502e-05,0.0001851061354443457,-0.0009499158045035575,0.0006789213877319417,0.0001278256592588691,0.0001216640222421739,-0.000882462342731323,-0.1253658594586452,-0.01143100828466809,-0.0001836705489992535,0.0008768242973159689,0.006917463886154144,0.03357703036173842,0.2153938070783234,0.08004202421496563,0.01941805377930779,0.002043310207615721,9.255771223110816e-05,0.00039526870653762,-0.001331440902105533,0.01561378330710932,8.409380325679782e-05,-0.007162905352448011,-0.001623525685575538,-0.0001146639773380277,0.0002034757712275398,-0.001194121521590374,0.002074912419441758,0.001453779212226518,0.00175193966346861,0.0004283901601890926,0.39221994863718423,5.996221728978344,2.272467613220215,-1.8929436206817627,0.5,0.18074638286633318,31.842578887939453
0.023705252810032107,-0.10513400302170339,0.0001660825542716507,0.001177705088726893,0.006117449935928349,0.03695998128952078,0.1658776713857751,-0.1088789497913388,-0.02128857374166514,-0.002300157572693968,-1.629464724791329e-05,0.0006490349497379012,3.445618605450382e-05,0.01582563423506581,0.02546788563643479,0.003589988783905243,0.002023292416997494,-6.881215658169502e-05,0.0001851061354443457,-0.0009499158045035575,0.0006789213877319417,0.0001278256592588691,0.0001216640222421739,-0.000882462342731323,-0.1253658594586452,-0.01143100828466809,-0.0001836705489992535,0.0008768242973159689,0.006917463886154144,0.03357703036173842,0.2153938070783234,0.08004202421496563,0.01941805377930779,0.002043310207615721,9.255771223110816e-05,0.00039526870653762,-0.001331440902105533,0.01561378330710932,8.409380325679782e-05,-0.007162905352448011,-0.001623525685575538,-0.0001146639773380277,0.0002034757712275398,-0.001194121521590374,0.002074912419441758,0.001453779212226518,0.00175193966346861,0.0004283901601890926,0.3777832071909872,5.9982424527413984,7.778921604156494,7.021719455718994,0.5833333730697632,2.3862807729789477,28.46990966796875
0.023705252810032107,-0.10513400302170339,-0.09517648495489084,0.001177705088726893,0.006117449935928349,0.03695998128952078,0.1658776713857751,-0.1088789497913388,-0.02128857374166514,-0.002300157572693968,-1.629464724791329e-05,0.0006490349497379012,3.445618605450382e-05,0.01582563423506581,0.02546788563643479,0.003589988783905243,0.002023292416997494,-6.881215658169502e-05,0.0001851061354443457,-0.0009499158045035575,0.0006789213877319417,0.0001278256592588691,0.0001216640222421739,-0.000882462342731323,-0.1253658594586452,-0.01143100828466809,-0.0001836705489992535,0.0008768242973159689,0.006917463886154144,0.03357703036173842,0.2153938070783234,0.08004202421496563,0.01941805377930779,0.002043310207615721,9.255771223110816e-05,0.00039526870653762,-0.001331440902105533,0.01561378330710932,8.409380325679782e-05,-0.007162905352448011,-0.001623525685575538,-0.0001146639773380277,0.0002034757712275398,-0.001194121521590374,0.002074912419441758,0.001453779212226518,0.00175193966346861,0.0004283901601890926,0.3619494235569134,5.998276778639364,100.0,100.0,100.0,14.356757726423776,100.0
0.023705252810032107,-0.10513400302170339,0.0001660825542716507,0.001177705088726893,0.006117449935928349,0.03695998128952078,0.1658776713857751,-0.1088789497913388,-0.02128857374166514,-0.002300157572693968,-1.629464724791329e-05,0.0006490349497379012,-0.023331331169799796,0.01582563423506581,0.02546788563643479,0.003589988783905243,0.002023292416997494,-6.881215658169502e-05,0.0001851061354443457,-0.0009499158045035575,0.0006789213877319417,0.0001278256592588691,0.0001216640222421739,-0.000882462342731323,-0.1253658594586452,-0.01143100828466809,-0.0001836705489992535,0.0008768242973159689,0.006917463886154144,0.03357703036173842,0.2153938070783234,0.08004202421496563,0.01941805377930779,0.002043310207615721,9.255771223110816e-05,0.00039526870653762,-0.001331440902105533,0.01561378330710932,8.409380325679782e-05,-0.007162905352448011,-0.001623525685575538,-0.0001146639773380277,0.0002034757712275398,-0.001194121521590374,0.002074912419441758,0.001453779212226518,0.00175193966346861,0.0004283901601890926,0.3414896498425118,5.961033010470522,6.132900714874268,1.2414131164550781,0.0,3.1344887400612276,25.976428985595703
0.023705252810032107,-0.10513400302170339,0.0001660825542716507,0.001177705088726893,0.006117449935928349,0.03695998128952078,0.1658776713857751,-0.1088789497913388,-0.02128857374166514,-0.002300157572693968,-1.629464724791329e-05,0.0006490349497379012,-0.023331331169799796,0.01582563423506581,-0.01075073456604514,0.003589988783905243,0.002023292416997494,-6.881215658169502e-05,0.0001851061354443457,-0.0009499158045035575,0.0006789213877319417,0.0001278256592588691,0.0001216640222421739,-0.000882462342731323,-0.1253658594586452,-0.01143100828466809,-0.0001836705489992535,0.0008768242973159689,0.006917463886154144,0.03357703036173842,0.2153938070783234,0.08004202421496563,0.01941805377930779,0.002043310207615721,9.255771223110816e-05,0.00039526870653762,-0.001331440902105533,0.01561378330710932,8.409380325679782e-05,-0.007162905352448011,-0.001623525685575538,-0.0001146639773380277,0.0002034757712275398,-0.001194121521590374,0.002074912419441758,0.001453779212226518,0.00175193966346861,0.0004283901601890926,0.3289796437571748,5.994940098692673,2.4867501258850098,-1.9602104425430298,0.0833333358168602,2.6220988220392774,19.515329360961914
0.023705252810032107,-0.10513400302170339,0.0001660825542716507,0.001177705088726893,0.006117449935928349,0.03695998128952078,0.1658776713857751,-0.1088789497913388,-0.02128857374166514,-0.002300157572693968,-1.629464724791329e-05,0.0006490349497379012,-0.023331331169799796,0.01582563423506581,-0.01075073456604514,0.003589988783905243,0.002023292416997494,-6.881215658169502e-05,0.0001851061354443457,-0.0009499158045035575,0.0006789213877319417,0.0001278256592588691,0.0001216640222421739,-0.000882462342731323,0.17110522225266322,-0.01143100828466809,-0.0001836705489992535,0.0008768242973159689,0.006917463886154144,0.03357703036173842,0.2153938070783234,0.08004202421496563,0.01941805377930779,0.002043310207615721,9.255771223110816e-05,0.00039526870653762,-0.001331440902105533,0.01561378330710932,8.409380325679782e-05,-0.007162905352448011,-0.001623525685575538,-0.0001146639773380277,0.0002034757712275398,-0.001194121521590374,0.002074912419441758,0.001453779212226518,0.00175193966346861,0.0004283901601890926,0.32725892052863,5.994940098692673,1.8242404460906982,0.8322721719741821,0.6666666865348816,2.9411738917055783,17.68207550048828
0.023705252810032107,-0.10513400302170339,0.0001660825542716507,0.001177705088726893,0.006117449935928349,0.03695998128952078,0.1658776713857751,-0.1088789497913388,-0.02128857374166514,-0.002300157572693968,-1.629464724791329e-05,0.0006490349497379012,-0.023331331169799796,0.01582563423506581,-0.01075073456604514,0.003589988783905243,0.002023292416997494,-6.881215658169502e-05,0.0001851061354443457,-0.0009499158045035575,0.0006789213877319417,0.0001278256592588691,0.0001216640222421739,-0.000882462342731323,0.17110522225266322,-0.05861736932865824,-0.0001836705489992535,0.0008768242973159689,0.006917463886154144,0.03357703036173842,0.2153938070783234,0.08004202421496563,0.01941805377930779,0.002043310207615721,9.255771223110816e-05,0.00039526870653762,-0.001331440902105533,0.01561378330710932,8.409380325679782e-05,-0.007162905352448011,-0.001623525685575538,-0.0001146639773380277,0.0002034757712275398,-0.001194121521590374,0.002074912419441758,0.001453779212226518,0.00175193966346861,0.0004283901601890926,0.27847392661938797,5.994940098692673,1.8241612911224365,-0.44361191987991333,0.9166666865348816,3.6243292754713723,16.25437355041504
0.023705252810032107,-0.10513400302170339,0.0001660825542716507,0.001177705088726893,0.006117449935928349,0.03695998128952078,0.1658776713857751,-0.1088789497913388,-0.02128857374166514,-0.002300157572693968,-1.629464724791329e-05,0.0006490349497379012,-0.023331331169799796,0.01582563423506581,-0.01075073456604514,0.003589988783905243,0.002023292416997494,-6.881215658169502e-05,0.0001851061354443457,-0.0009499158045035575,0.0006789213877319417,0.0001278256592588691,0.0001216640222421739,-0.000882462342731323,0.17110522225266322,-0.05861736932865824,0.05237183847162896,0.0008768242973159689,0.006917463886154144,0.03357703036173842,0.2153938070783234,0.08004202421496563,0.01941805377930779,0.002043310207615721,9.255771223110816e-05,0.00039526870653762,-0.001331440902105533,0.01561378330710932,8.409380325679782e-05,-0.007162905352448011,-0.001623525685575538,-0.0001146639773380277,0.0002034757712275398,-0.001194121521590374,0.002074912419441758,0.001453779212226518,0.00175193966346861,0.0004283901601890926,0.2573724202323823,5.994940098692673,100.0,100.0,100.0,3.8420388236970284,100.0
0.023705252810032107,-0.10513400302170339,0.0001660825542716507,0.001177705088726893,0.006117449935928349,0.03695998128952078,0.1658776713857751,-0.1088789497913388,-0.02128857374166514,-0.002300157572693968,-1.629464724791329e-05,0.0006490349497379012,-0.023331331169799796,0.01582563423506581,-0.01075073456604514,0.003589988783905243,0.002023292416997494,-6.881215658169502e-05,0.0001851061354443457,-0.0009499158045035575,0.0006789213877319417,0.0001278256592588691,0.0001216640222421739,-0.000882462342731323,0.17110522225266322,-0.05861736932865824,-0.0001836705489992535,0.0008768242973159689,0.006917463886154144,0.03357703036173842,0.2153938070783234,0.08004202421496563,-0.04947834736401546,0.002043310207615721,9.255771223110816e-05,0.00039526870653762,-0.001331440902105533,0.01561378330710932,8.409380325679782e-05,-0.007162905352448011,-0.001623525685575538,-0.0001146639773380277,0.0002034757712275398,-0.001194121521590374,0.002074912419441758,0.001453779212226518,0.00175193966346861,0.0004283901601890926,0.2829041257726634,5.976624818267503,100.0,100.0,100.0,28.659228936465134,100.0
0.023705252810032107,-0.10513400302170339,0.0001660825542716507,0.001177705088726893,0.006117449935928349,0.03695998128952078,0.1658776713857751,-0.1088789497913388,-0.02128857374166514,-0.002300157572693968,-1.629464724791329e-05,0.0006490349497379012,-0.023331331169799796,0.01582563423506581,-0.01075073456604514,0.003589988783905243,0.002023292416997494,-6.881215658169502e-05,0.0001851061354443457,-0.0009499158045035575,0.0006789213877319417,0.0001278256592588691,0.0001216640222421739,-0.000882462342731323,0.17110522225266322,-0.05861736932865824,-0.0001836705489992535,0.0008768242973159689,0.006917463886154144,0.03357703036173842,0.2153938070783234,0.08004202421496563,0.01941805377930779,0.002043310207615721,9.255771223110816e-05,0.00039526870653762,-0.03891418617391196,0.01561378330710932,8.409380325679782e-05,-0.007162905352448011,-0.001623525685575538,-0.0001146639773380277,0.0002034757712275398,-0.001194121521590374,0.002074912419441758,0.001453779212226518,0.00175193966346861,0.0004283901601890926,0.2772466238711851,5.766177053627093,100.0,100.0,100.0,2.271206756382623,100.0
0.023705252810032107,-0.10513400302170339,0.0001660825542716507,0.001177705088726893,0.006117449935928349,0.03695998128952078,0.1658776713857751,-0.1088789497913388,-0.02128857374166514,-0.002300157572693968,-1.629464724791329e-05,0.0006490349497379012,-0.023331331169799796,0.01582563423506581,-0.01075073456604514,0.003589988783905243,0.002023292416997494,-6.881215658169502e-05,0.0001851061354443457,-0.0009499158045035575,0.0006789213877319417,0.0001278256592588691,0.0001216640222421739,-0.000882462342731323,0.17110522225266322,-0.05861736932865824,-0.0001836705489992535,0.0008768242973159689,0.006917463886154144,0.03357703036173842,0.2153938070783234,0.08004202421496563,0.01941805377930779,0.002043310207615721,9.255771223110816e-05,0.00039526870653762,-0.001331440902105533,0.01561378330710932,8.409380325679782e-05,-0.007162905352448011,-0.001623525685575538,-0.0001146639773380277,0.0002034757712275398,-0.001194121521590374,0.002074912419441758,0.001453779212226518,0.00175193966346861,0.0004283901601890926,0.27847392661938797,5.994940098692673,1.8241612911224365,-0.44361191987991333,0.9166666865348816,3.6243292754713723,16.25437355041504
0.024890515450533713,-0.10513400302170339,0.0001660825542716507,0.001177705088726893,0.006117449935928349,0.03695998128952078,0.1658776713857751,-0.1088789497913388,-0.02128857374166514,-0.002300157572693968,-1.629464724791329e-05,0.0006490349497379012,-0.023331331169799796,0.01582563423506581,-0.01075073456604514,0.003589988783905243,0.002023292416997494,-6.881215658169502e-05,0.0001851061354443457,-0.0009499158045035575,0.0006789213877319417,0.0001278256592588691,0.0001216640222421739,-0.000882462342731323,0.17110522225266322,-0.05861736932865824,-0.0001836705489992535,0.0008768242973159689,0.006917463886154144,0.03357703036173842,0.2153938070783234,0.08004202421496563,0.01941805377930779,0.002043310207615721,9.255771223110816e-05,0.00039526870653762,-0.001331440902105533,0.01561378330710932,8.409380325679782e-05,-0.007162905352448011,-0.001623525685575538,-0.0001146639773380277,0.0002034757712275398,-0.001194121521590374,0.002074912419441758,0.001453779212226518,0.00175193966346861,0.0004283901601890926,0.2780439851807198,5.994804417582301,0.2503949999809265,3.9646849632263184,0.25,3.614029774774312,15.493070602416992
0.023705252810032107,-0.11039070317278857,0.0001660825542716507,0.001177705088726893,0.006117449935928349,0.03695998128952078,0.1658776713857751,-0.1088789497913388,-0.02128857374166514,-0.002300157572693968,-1.629464724791329e-05,0.0006490349497379012,-0.023331331169799796,0.01582563423506581,-0.01075073456604514,0.003589988783905243,0.002023292416997494,-6.881215658169502e-05,0.0001851061354443457,-0.0009499158045035575,0.0006789213877319417,0.0001278256592588691,0.0001216640222421739,-0.000882462342731323,0.17110522225266322,-0.05861736932865824,-0.0001836705489992535,0.0008768242973159689,0.006917463886154144,0.03357703036173842,0.2153938070783234,0.08004202421496563,0.01941805377930779,0.002043310207615721,9.255771223110816e-05,0.00039526870653762,-0.001331440902105533,0.01561378330710932,8.409380325679782e-05,-0.007162905352448011,-0.001623525685575538,-0.0001146639773380277,0.0002034757712275398,-0.001194121521590374,0.002074912419441758,0.001453779212226518,0.00175193966346861,0.0004283901601890926,0.27141892046421445,5.994917771976007,0.26137351989746094,2.7177460193634033,0.1666666716337204,3.8433738579932855,12.10984992980957
0.023705252810032107,-0.10513400302170339,0.00017438668198523324,0.001177705088726893,0.006117449935928349,0.03695998128952078,0.1658776713857751,-0.1088789497913388,-0.02128857374166514,-0.002300157572693968,-1.629464724791329e-05,0.0006490349497379012,-0.023331331169799796,0.01582563423506581,-0.01075073456604514,0.003589988783905243,0.002023292416997494,-6.881215658169502e-05,0.0001851061354443457,-0.0009499158045035575,0.0006789213877319417,0.0001278256592588691,0.0001216640222421739,-0.000882462342731323,0.17110522225266322,-0.05861736932865824,-0.0001836705489992535,0.0008768242973159689,0.006917463886154144,0.03357703036173842,0.2153938070783234,0.08004202421496563,0.01941805377930779,0.002043310207615721,9.255771223110816e-05,0.00039526870653762,-0.001331440902105533,0.01561378330710932,8.409380325679782e-05,-0.007162905352448011,-0.001623525685575538,-0.0001146639773380277,0.0002034757712275398,-0.001194121521590374,0.002074912419441758,0.001453779212226518,0.00175193966346861,0.0004283901601890926,0.27847153988002826,5.994940361472295,1.6147887706756592,0.14920631051063538,1.0833333730697632,3.6246472184287493,16.186803817749023
0.023705252810032107,-0.10513400302170339,0.0001660825542716507,0.0012365903431632377,0.006117449935928349,0.03695998128952078,0.1658776713857751,-0.1088789497913388,-0.02128857374166514,-0.002300157572693968,-1.629464724791329e-05,0.0006490349497379012,-0.023331331169799796,0.01582563423506581,-0.01075073456604514,0.003589988783905243,0.002023292416997494,-6.881215658169502e-05,0.0001851061354443457,-0.0009499158045035575,0.0006789213877319417,0.0001278256592588691,0.0001216640222421739,-0.000882462342731323,0.17110522225266322,-0.05861736932865824,-0.0001836705489992535,0.0008768242973159689,0.006917463886154144,0.03357703036173842,0.2153938070783234,0.08004202421496563,0.01941805377930779,0.002043310207615721,9.255771223110816e-05,0.00039526870653762,-0.001331440902105533,0.01561378330710932,8.409380325679782e-05,-0.007162905352448011,-0.001623525685575538,-0.0001146639773380277,0.0002034757712275398,-0.001194121521590374,0.002074912419441758,0.001453779212226518,0.00175193966346861,0.0004283901601890926,0.27850519657227574,5.994911290504541,0.32164788246154785,0.8859812021255493,0.5,3.6369658010753643,16.626935958862305
0.023705252810032107,-0.10513400302170339,0.0001660825542716507,0.001177705088726893,0.006423322432724767,0.03695998128952078,0.1658776713857751,-0.1088789497913388,-0.02128857374166514,-0.002300157572693968,-1.629464724791329e-05,0.0006490349497379012,-0.023331331169799796,0.01582563423506581,-0.01075073456604514,0.003589988783905243,0.002023292416997494,-6.881215658169502e-05,0.0001851061354443457,-0.0009499158045035575,0.0006789213877319417,0.0001278256592588691,0.0001216640222421739,-0.000882462342731323,0.17110522225266322,-0.05861736932865824,-0.0001836705489992535,0.0008768242973159689,0.006917463886154144,0.03357703036173842,0.2153938070783234,0.08004202421496563,0.01941805377930779,0.002043310207615721,9.255771223110816e-05,0.00039526870653762,-0.001331440902105533,0.01561378330710932,8.409380325679782e-05,-0.007162905352448011,-0.001623525685575538,-0.0001146639773380277,0.0002034757712275398,-0.001194121521590374,0.002074912419441758,0.001453779212226518,0.00175193966346861,0.0004283901601890926,0.2785587281103297,5.993963613525309,2.183145046234131,0.6149141192436218,0.75,3.626003236398275,16.781368255615234
0.023705252810032107,-0.10513400302170339,0.0001660825542716507,0.001177705088726893,0.006117449935928349,0.03880798035399682,0.1658776713857751,-0.1088789497913388,-0.02128857374166514,-0.002300157572693968,-1.629464724791329e-05,0.0006490349497379012,-0.023331331169799796,0.01582563423506581,-0.01075073456604514,0.003589988783905243,0.002023292416997494,-6.881215658169502e-05,0.0001851061354443457,-0.0009499158045035575,0.0006789213877319417,0.0001278256592588691,0.0001216640222421739,-0.000882462342731323,0.17110522225266322,-0.05861736932865824,-0.0001836705489992535,0.0008768242973159689,0.006917463886154144,0.03357703036173842,0.2153938070783234,0.08004202421496563,0.01941805377930779,0.002043310207615721,9.255771223110816e-05,0.00039526870653762,-0.001331440902105533,0.01561378330710932,8.409380325679782e-05,-0.007162905352448011,-0.001623525685575538,-0.0001146639773380277,0.0002034757712275398,-0.001194121521590374,0.002074912419441758,0.001453779212226518,0.00175193966346861,0.0004283901601890926,0.278756955465837,5.986131467859089,6.636309623718262,5.938164710998535,1.0833333730697632,3.5996460596416595,16.70322036743164
0.023705252810032107,-0.10513400302170339,0.0001660825542716507,0.001177705088726893,0.006117449935928349,0.03695998128952078,0.17417155495506387,-0.1088789497913388,-0.02128857374166514,-0.002300157572693968,-1.629464724791329e-05,0.0006490349497379012,-0.023331331169799796,0.01582563423506581,-0.01075073456604514,0.003589988783905243,0.002023292416997494,-6.881215658169502e-05,0.0001851061354443457,-0.0009499158045035575,0.0006789213877319417,0.0001278256592588691,0.0001216640222421739,-0.000882462342731323,0.17110522225266322,-0.05861736932865824,-0.0001836705489992535,0.0008768242973159689,0.006917463886154144,0.03357703036173842,0.2153938070783234,0.08004202421496563,0.01941805377930779,0.002043310207615721,9.255771223110816e-05,0.00039526870653762,-0.001331440902105533,0.01561378330710932,8.409380325679782e-05,-0.007162905352448011,-0.001623525685575538,-0.0001146639773380277,0.0002034757712275398,-0.001194121521590374,0.002074912419441758,0.001453779212226518,0.00175193966346861,0.0004283901601890926,0.2673255721232689,5.817240372723683,-0.06270952522754669,0.5390757322311401,1.25,3.5814250782100645,17.19794273376465
0.023705252810032107,-0.10513400302170339,0.0001660825542716507,0.001177705088726893,0.006117449935928349,0.03695998128952078,0.1658776713857751,-0.11432289728090575,-0.02128857374166514,-0.002300157572693968,-1.629464724791329e-05,0.0006490349497379012,-0.023331331169799796,0.01582563423506581,-0.01075073456604514,0.003589988783905243,0.002023292416997494,-6.881215658169502e-05,0.0001851061354443457,-0.0009499158045035575,0.0006789213877319417,0.0001278256592588691,0.0001216640222421739,-0.000882462342731323,0.17110522225266322,-0.05861736932865824,-0.0001836705489992535,0.0008768242973159689,0.006917463886154144,0.03357703036173842,0.2153938070783234,0.08004202421496563,0.01941805377930779,0.002043310207615721,9.255771223110816e-05,0.00039526870653762,-0.001331440902105533,0.01561378330710932,8.409380325679782e-05,-0.007162905352448011,-0.001623525685575538,-0.0001146639773380277,0.0002034757712275398,-0.001194121521590374,0.002074912419441758,0.001453779212226518,0.00175193966346861,0.0004283901601890926,0.29918713131897484,6.040723481841747,6.093461036682129,3.858538866043091,1.3333333730697632,3.861888690613675,13.852373123168945
0.023705252810032107,-0.10513400302170339,0.0001660825542716507,0.001177705088726893,0.006117449935928349,0.03695998128952078,0.1658776713857751,-0.1088789497913388,-0.022353002428748398,-0.002300157572693968,-1.629464724791329e-05,0.0006490349497379012,-0.023331331169799796,0.01582563423506581,-0.01075073456604514,0.003589988783905243,0.002023292416997494,-6.881215658169502e-05,0.0001851061354443457,-0.0009499158045035575,0.0006789213877319417,0.0001278256592588691,0.0001216640222421739,-0.000882462342731323,0.17110522225266322,-0.05861736932865824,-0.0001836705489992535,0.0008768242973159689,0.006917463886154144,0.03357703036173842,0.2153938070783234,0.08004202421496563,0.01941805377930779,0.002043310207615721,9.255771223110816e-05,0.00039526870653762,-0.001331440902105533,0.01561378330710932,8.409380325679782e-05,-0.007162905352448011,-0.001623525685575538,-0.0001146639773380277,0.0002034757712275398,-0.001194121521590374,0.002074912419441758,0.001453779212226518,0.00175193966346861,0.0004283901601890926,0.27869388033052306,5.999605374531778,1.7581707239151,-1.436614751815796,0.0,3.6859664868092006,16.022140502929688
0.023705252810032107,-0.10513400302170339,0.0001660825542716507,0.001177705088726893,0.006117449935928349,0.03695998128952078,0.1658776713857751,-0.1088789497913388,-0.02128857374166514,-0.002415165451328666,-1.629464724791329e-05,0.0006490349497379012,-0.023331331169799796,0.01582563423506581,-0.01075073456604514,0.003589988783905243,0.002023292416997494,-6.881215658169502e-05,0.0001851061354443457,-0.0009499158045035575,0.0006789213877319417,0.0001278256592588691,0.0001216640222421739,-0.000882462342731323,0.17110522225266322,-0.05861736932865824,-0.0001836705489992535,0.0008768242973159689,0.006917463886154144,0.03357703036173842,0.2153938070783234,0.08004202421496563,0.01941805377930779,0.002043310207615721,9.255771223110816e-05,0.00039526870653762,-0.001331440902105533,0.01561378330710932,8.409380325679782e-05,-0.007162905352448011,-0.001623525685575538,-0.0001146639773380277,0.0002034757712275398,-0.001194121521590374,0.002074912419441758,0.001453779212226518,0.00175193966346861,0.0004283901601890926,0.2783942728467854,5.995068584770019,3.3914272785186768,1.3534685373306274,0.0,3.6050828018649366,15.688558578491211
0.023705252810032107,-0.10513400302170339,0.0001660825542716507,0.001177705088726893,0.006117449935928349,0.03695998128952078,0.1658776713857751,-0.1088789497913388,-0.02128857374166514,-0.002300157572693968,-1.7109379610308955e-05,0.0006490349497379012,-0.023331331169799796,0.01582563423506581,-0.01075073456604514,0.003589988783905243,0.002023292416997494,-6.881215658169502e-05,0.0001851061354443457,-0.0009499158045035575,0.0006789213877319417,0.0001278256592588691,0.0001216640222421739,-0.000882462342731323,0.17110522225266322,-0.05861736932865824,-0.0001836705489992535,0.0008768242973159689,0.006917463886154144,0.03357703036173842,0.2153938070783234,0.08004202421496563,0.01941805377930779,0.002043310207615721,9.255771223110816e-05,0.00039526870653762,-0.001331440902105533,0.01561378330710932,8.409380325679782e-05,-0.007162905352448011,-0.001623525685575538,-0.0001146639773380277,0.0002034757712275398,-0.001194121521590374,0.002074912419441758,0.001453779212226518,0.00175193966346861,0.0004283901601890926,0.27847367976008,5.994940022476202,3.465169906616211,3.6324405670166016,0.0,3.6243837644913803,16.190073013305664
0.023705252810032107,-0.10513400302170339,0.0001660825542716507,0.001177705088726893,0.006117449935928349,0.03695998128952078,0.1658776713857751,-0.1088789497913388,-0.02128857374166514,-0.002300157572693968,-1.629464724791329e-05,0.0006814866972247963,-0.023331331169799796,0.01582563423506581,-0.01075073456604514,0.003589988783905243,0.002023292416997494,-6.881215658169502e-05,0.0001851061354443457,-0.0009499158045035575,0.0006789213877319417,0.0001278256592588691,0.0001216640222421739,-0.000882462342731323,0.17110522225266322,-0.05861736932865824,-0.0001836705489992535,0.0008768242973159689,0.006917463886154144,0.03357703036173842,0.2153938070783234,0.08004202421496563,0.01941805377930779,0.002043310207615721,9.255771223110816e-05,0.00039526870653762,-0.001331440902105533,0.01561378330710932,8.409380325679782e-05,-0.007162905352448011,-0.001623525685575538,-0.0001146639773380277,0.0002034757712275398,-0.001194121521590374,0.002074912419441758,0.001453779212226518,0.00175193966346861,0.0004283901601890926,0.27854998541722,5.994939623122051,2.201712131500244,0.7537994980812073,0.5833333730697632,3.6200989202333957,16.536325454711914
0.023705252810032107,-0.10513400302170339,0.0001660825542716507,0.001177705088726893,0.006117449935928349,0.03695998128952078,0.1658776713857751,-0.1088789497913388,-0.02128857374166514,-0.002300157572693968,-1.629464724791329e-05,0.0006490349497379012,-0.024497897728289787,0.01582563423506581,-0.01075073456604514,0.003589988783905243,0.002023292416997494,-6.881215658169502e-05,0.0001851061354443457,-0.0009499158045035575,0.0006789213877319417,0.0001278256592588691,0.0001216640222421739,-0.000882462342731323,0.17110522225266322,-0.05861736932865824,-0.0001836705489992535,0.0008768242973159689,0.006917463886154144,0.03357703036173842,0.2153938070783234,0.08004202421496563,0.01941805377930779,0.002043310207615721,9.255771223110816e-05,0.00039526870653762,-0.001331440902105533,0.01561378330710932,8.409380325679782e-05,-0.007162905352448011,-0.001623525685575538,-0.0001146639773380277,0.0002034757712275398,-0.001194121521590374,0.002074912419441758,0.001453779212226518,0.00175193966346861,0.0004283901601890926,0.276314932050355,5.993082158174407,3.6914305686950684,0.47276410460472107,0.1666666716337204,3.6909156464920962,12.911218643188477
0.023705252810032107,-0.10513400302170339,0.0001660825542716507,0.001177705088726893,0.006117449935928349,0.03695998128952078,0.1658776713857751,-0.1088789497913388,-0.02128857374166514,-0.002300157572693968,-1.629464724791329e-05,0.0006490349497379012,-0.023331331169799796,0.0166169159468191,-0.01075073456604514,0.003589988783905243,0.002023292416997494,-6.881215658169502e-05,0.0001851061354443457,-0.0009499158045035575,0.0006789213877319417,0.0001278256592588691,0.0001216640222421739,-0.000882462342731323,0.17110522225266322,-0.05861736932865824,-0.0001836705489992535,0.0008768242973159689,0.006917463886154144,0.03357703036173842,0.2153938070783234,0.08004202421496563,0.01941805377930779,0.002043310207615721,9.255771223110816e-05,0.00039526870653762,-0.001331440902105533,0.01561378330710932,8.409380325679782e-05,-0.007162905352448011,-0.001623525685575538,-0.0001146639773380277,0.0002034757712275398,-0.001194121521590374,0.002074912419441758,0.001453779212226518,0.00175193966346861,0.0004283901601890926,0.27956222712080897,5.995321795451096,2.802157163619995,0.8086005449295044,0.3333333432674408,3.6189542989294283,16.018739700317383
0.023705252810032107,-0.10513400302170339,0.0001660825542716507,0.001177705088726893,0.006117449935928349,0.03695998128952078,0.1658776713857751,-0.1088789497913388,-0.02128857374166514,-0.002300157572693968,-1.629464724791329e-05,0.0006490349497379012,-0.023331331169799796,0.01582563423506581,-0.011288271294347396,0.003589988783905243,0.002023292416997494,-6.881215658169502e-05,0.0001851061354443457,-0.0009499158045035575,0.0006789213877319417,0.0001278256592588691,0.0001216640222421739,-0.000882462342731323,0.17110522225266322,-0.05861736932865824,-0.0001836705489992535,0.0008768242973159689,0.006917463886154144,0.03357703036173842,0.2153938070783234,0.08004202421496563,0.01941805377930779,0.002043310207615721,9.255771223110816e-05,0.00039526870653762,-0.001331440902105533,0.01561378330710932,8.409380325679782e-05,-0.007162905352448011,-0.001623525685575538,-0.0001146639773380277,0.0002034757712275398,-0.001194121521590374,0.002074912419441758,0.001453779212226518,0.00175193966346861,0.0004283901601890926,0.2786084198083576,5.995443491787178,0.7737212181091309,-1.49411141872406,1.25,3.6225827585835626,16.3914794921875
0.023705252810032107,-0.10513400302170339,0.0001660825542716507,0.001177705088726893,0.006117449935928349,0.03695998128952078,0.1658776713857751,-0.1088789497913388,-0.02128857374166514,-0.002300157572693968,-1.629464724791329e-05,0.0006490349497379012,-0.023331331169799796,0.01582563423506581,-0.01075073456604514,0.003769488223100505,0.002023292416997494,-6.881215658169502e-05,0.0001851061354443457,-0.0009499158045035575,0.0006789213877319417,0.0001278256592588691,0.0001216640222421739,-0.000882462342731323,0.17110522225266322,-0.05861736932865824,-0.0001836705489992535,0.0008768242973159689,0.006917463886154144,0.03357703036173842,0.2153938070783234,0.08004202421496563,0.01941805377930779,0.002043310207615721,9.255771223110816e-05,0.00039526870653762,-0.001331440902105533,0.01561378330710932,8.409380325679782e-05,-0.007162905352448011,-0.001623525685575538,-0.0001146639773380277,0.0002034757712275398,-0.001194121521590374,0.002074912419441758,0.001453779212226518,0.00175193966346861,0.0004283901601890926,0.2781747788072386,5.994981555943439,1.9876728057861328,-1.911607027053833,0.5,3.6291525664954802,15.341913223266602
0.023705252810032107,-0.10513400302170339,0.0001660825542716507,0.001177705088726893,0.006117449935928349,0.03695998128952078,0.1658776713857751,-0.1088789497913388,-0.02128857374166514,-0.002300157572693968,-1.629464724791329e-05,0.0006490349497379012,-0.023331331169799796,0.01582563423506581,-0.01075073456604514,0.003589988783905243,0.002124457037847369,-6.881215658169502e-05,0.0001851061354443457,-0.0009499158045035575,0.0006789213877319417,0.0001278256592588691,0.0001216640222421739,-0.000882462342731323,0.17110522225266322,-0.05861736932865824,-0.0001836705489992535,0.0008768242973159689,0.006917463886154144,0.03357703036173842,0.2153938070783234,0.08004202421496563,0.01941805377930779,0.002043310207615721,9.255771223110816e-05,0.00039526870653762,-0.001331440902105533,0.01561378330710932,8.409380325679782e-05,-0.007162905352448011,-0.001623525685575538,-0.0001146639773380277,0.0002034757712275398,-0.001194121521590374,0.002074912419441758,0.001453779212226518,0.00175193966346861,0.0004283901601890926,0.2782484405649018,5.994932428210426,0.27216872572898865,0.36832287907600403,0.4166666865348816,3.6403157289309425,15.541789054870605
0.023705252810032107,-0.10513400302170339,0.0001660825542716507,0.001177705088726893,0.006117449935928349,0.03695998128952078,0.1658776713857751,-0.1088789497913388,-0.02128857374166514,-0.002300157572693968,-1.629464724791329e-05,0.0006490349497379012,-0.023331331169799796,0.01582563423506581,-0.01075073456604514,0.003589988783905243,0.002023292416997494,-7.225276441077976e-05,0.0001851061354443457,-0.0009499158045035575,0.0006789213877319417,0.0001278256592588691,0.0001216640222421739,-0.000882462342731323,0.17110522225266322,-0.05861736932865824,-0.0001836705489992535,0.0008768242973159689,0.006917463886154144,0.03357703036173842,0.2153938070783234,0.08004202421496563,0.01941805377930779,0.002043310207615721,9.255771223110816e-05,0.00039526870653762,-0.001331440902105533,0.01561378330710932,8.409380325679782e-05,-0.007162905352448011,-0.001623525685575538,-0.0001146639773380277,0.0002034757712275398,-0.001194121521590374,0.002074912419441758,0.001453779212226518,0.00175193966346861,0.0004283901601890926,0.27847257657292795,5.994939847735075,3.5195178985595703,0.8805010914802551,1.25,3.624355987928378,16.242298126220703
0.023705252810032107,-0.10513400302170339,0.0001660825542716507,0.001177705088726893,0.006117449935928349,0.03695998128952078,0.1658776713857751,-0.1088789497913388,-0.02128857374166514,-0.002300157572693968,-1.629464724791329e-05,0.0006490349497379012,-0.023331331169799796,0.01582563423506581,-0.01075073456604514,0.003589988783905243,0.002023292416997494,-6.881215658169502e-05,0.00019436144221656297,-0.0009499158045035575,0.0006789213877319417,0.0001278256592588691,0.0001216640222421739,-0.000882462342731323,0.17110522225266322,-0.05861736932865824,-0.0001836705489992535,0.0008768242973159689,0.006917463886154144,0.03357703036173842,0.2153938070783234,0.08004202421496563,0.01941805377930779,0.002043310207615721,9.255771223110816e-05,0.00039526870653762,-0.001331440902105533,0.01561378330710932,8.409380325679782e-05,-0.007162905352448011,-0.001623525685575538,-0.0001146639773380277,0.0002034757712275398,-0.001194121521590374,0.002074912419441758,0.001453779212226518,0.00175193966346861,0.0004283901601890926,0.2784832156776304,5.994938437581315,1.723321557044983,-0.7566128969192505,1.3333333730697632,3.624178677149773,16.411264419555664
0.05135486158741287,-0.11039070317278857,0.0001660825542716507,0.001177705088726893,0.006117449935928349,0.03695998128952078,0.1658776713857751,-0.1088789497913388,-0.02128857374166514,-0.002300157572693968,-1.629464724791329e-05,0.0006490349497379012,-0.023331331169799796,0.01582563423506581,-0.01075073456604514,0.003589988783905243,0.002023292416997494,-6.881215658169502e-05,0.0001851061354443457,-0.0009499158045035575,0.0006789213877319417,0.0001278256592588691,0.0001216640222421739,-0.000882462342731323,0.17110522225266322,-0.05861736932865824,-0.0001836705489992535,0.0008768242973159689,0.006917463886154144,0.03357703036173842,0.2153938070783234,0.08004202421496563,0.01941805377930779,0.002043310207615721,9.255771223110816e-05,0.00039526870653762,-0.001331440902105533,0.01561378330710932,8.409380325679782e-05,-0.007162905352448011,-0.001623525685575538,-0.0001146639773380277,0.0002034757712275398,-0.001194121521590374,0.002074912419441758,0.001453779212226518,0.00175193966346861,0.0004283901601890926,0.26069594592261325,5.991752625711178,3.4192657470703125,4.734621524810791,0.6666666865348816,3.616225425894118,12.153301239013672
0.023705252810032107,-0.09766853265045938,0.0001660825542716507,0.001177705088726893,0.006117449935928349,0.03695998128952078,0.1658776713857751,-0.1088789497913388,-0.02128857374166514,-0.002300157572693968,-1.629464724791329e-05,0.0006490349497379012,-0.023331331169799796,0.01582563423506581,-0.01075073456604514,0.003589988783905243,0.002023292416997494,-6.881215658169502e-05,0.0001851061354443457,-0.0009499158045035575,0.0006789213877319417,0.0001278256592588691,0.0001216640222421739,-0.000882462342731323,0.17110522225266322,-0.05861736932865824,-0.0001836705489992535,0.0008768242973159689,0.006917463886154144,0.03357703036173842,0.2153938070783234,0.08004202421496563,0.01941805377930779,0.002043310207615721,9.255771223110816e-05,0.00039526870653762,-0.001331440902105533,0.01561378330710932,8.409380325679782e-05,-0.007162905352448011,-0.001623525685575538,-0.0001146639773380277,0.0002034757712275398,-0.001194121521590374,0.002074912419441758,0.001453779212226518,0.00175193966346861,0.0004283901601890926,0.28848837578087205,5.994971806691493,0.7794908881187439,0.660661518573761,0.4166666865348816,3.3403343779268315,16.319854736328125
0.023705252810032107,-0.11039070317278857,0.0001660825542716507,0.001177705088726893,0.006117449935928349,0.08038977807734682,0.1658776713857751,-0.1088789497913388,-0.02128857374166514,-0.002300157572693968,-1.629464724791329e-05,0.0006490349497379012,-0.023331331169799796,0.01582563423506581,-0.01075073456604514,0.003589988783905243,0.002023292416997494,-6.881215658169502e-05,0.0001851061354443457,-0.0009499158045035575,0.0006789213877319417,0.0001278256592588691,0.0001216640222421739,-0.000882462342731323,0.17110522225266322,-0.05861736932865824,-0.0001836705489992535,0.0008768242973159689,0.006917463886154144,0.03357703036173842,0.2153938070783234,0.08004202421496563,0.01941805377930779,0.002043310207615721,9.255771223110816e-05,0.00039526870653762,-0.001331440902105533,0.01561378330710932,8.409380325679782e-05,-0.007162905352448011,-0.001623525685575538,-0.0001146639773380277,0.0002034757712275398,-0.001194121521590374,0.002074912419441758,0.001453779212226518,0.00175193966346861,0.0004283901601890926,0.25748728456756714,5.79531806719945,100.0,100.0,100.0,9.413938780467431,100.0
0.023705252810032107,-0.11039070317278857,0.0001660825542716507,0.001177705088726893,0.006117449935928349,0.03695998128952078,0.1658776713857751,-0.1088789497913388,-0.02128857374166514,-0.002300157572693968,-1.629464724791329e-05,0.0006490349497379012,-0.023331331169799796,0.01582563423506581,-0.01075073456604514,0.003589988783905243,0.002023292416997494,-6.881215658169502e-05,0.0001851061354443457,-0.0009499158045035575,0.0006789213877319417,0.0001278256592588691,0.0001216640222421739,-0.000882462342731323,-0.08268645371572347,-0.05861736932865824,-0.0001836705489992535,0.0008768242973159689,0.006917463886154144,0.03357703036173842,0.2153938070783234,0.08004202421496563,0.01941805377930779,0.002043310207615721,9.255771223110816e-05,0.00039526870653762,-0.001331440902105533,0.01561378330710932,8.409380325679782e-05,-0.007162905352448011,-0.001623525685575538,-0.0001146639773380277,0.0002034757712275398,-0.001194121521590374,0.002074912419441758,0.001453779212226518,0.00175193966346861,0.0004283901601890926,0.2663805216372215,5.994917771976007,3.0631563663482666,-1.0395982265472412,0.75,3.6884674632900536,12.268458366394043
0.023705252810032107,-0.11039070317278857,0.0001660825542716507,0.001177705088726893,0.006117449935928349,0.03695998128952078,0.1658776713857751,-0.1088789497913388,-0.02128857374166514,-0.002300157572693968,-1.629464724791329e-05,0.0006490349497379012,-0.023331331169799796,0.01582563423506581,-0.01075073456604514,0.003589988783905243,0.002023292416997494,-6.881215658169502e-05,0.0001851061354443457,-0.0009499158045035575,0.0006789213877319417,0.0001278256592588691,0.0001216640222421739,-0.000882462342731323,0.17110522225266322,0.05668310554949407,-0.0001836705489992535,0.0008768242973159689,0.006917463886154144,0.03357703036173842,0.2153938070783234,0.08004202421496563,0.01941805377930779,0.002043310207615721,9.255771223110816e-05,0.00039526870653762,-0.001331440902105533,0.01561378330710932,8.409380325679782e-05,-0.007162905352448011,-0.001623525685575538,-0.0001146639773380277,0.0002034757712275398,-0.001194121521590374,0.002074912419441758,0.001453779212226518,0.00175193966346861,0.0004283901601890926,0.40276691841151235,5.994917771976007,20.051250457763672,12.293529510498047,0.0,3.267389623483149,18.275882720947266
0.023705252810032107,-0.11039070317278857,0.0001660825542716507,0.001177705088726893,0.006117449935928349,0.03695998128952078,0.1658776713857751,-0.1088789497913388,-0.02128857374166514,-0.002300157572693968,-1.629464724791329e-05,0.0006490349497379012,-0.023331331169799796,0.01582563423506581,-0.01075073456604514,0.003589988783905243,0.002023292416997494,-6.881215658169502e-05,0.0001851061354443457,-0.0009499158045035575,0.0006789213877319417,0.0001278256592588691,0.0001216640222421739,-0.000882462342731323,0.17110522225266322,-0.05861736932865824,0.020967461228963202,0.0008768242973159689,0.006917463886154144,0.03357703036173842,0.2153938070783234,0.08004202421496563,0.01941805377930779,0.002043310207615721,9.255771223110816e-05,0.00039526870653762,-0.001331440902105533,0.01561378330710932,8.409380325679782e-05,-0.007162905352448011,-0.001623525685575538,-0.0001146639773380277,0.0002034757712275398,-0.001194121521590374,0.002074912419441758,0.001453779212226518,0.00175193966346861,0.0004283901601890926,0.2619154824020235,5.994917771976007,11.057873725891113,12.523176193237305,0.75,3.0074474120378523,12.783964157104492
0.023705252810032107,-0.11039070317278857,0.0001660825542716507,0.001177705088726893,0.006117449935928349,0.03695998128952078,0.1658776713857751,-0.1088789497913388,-0.02128857374166514,-0.002300157572693968,-1.629464724791329e-05,0.0006490349497379012,-0.023331331169799796,0.01582563423506581,-0.01075073456604514,0.003589988783905243,0.002023292416997494,-6.881215658169502e-05,0.0001851061354443457,-0.0009499158045035575,0.0006789213877319417,0.0001278256592588691,0.0001216640222421739,-0.000882462342731323,0.17110522225266322,-0.05861736932865824,-0.0001836705489992535,0.018893554417445557,0.006917463886154144,0.03357703036173842,0.2153938070783234,0.08004202421496563,0.01941805377930779,0.002043310207615721,9.255771223110816e-05,0.00039526870653762,-0.001331440902105533,0.01561378330710932,8.409380325679782e-05,-0.007162905352448011,-0.001623525685575538,-0.0001146639773380277,0.0002034757712275398,-0.001194121521590374,0.002074912419441758,0.001453779212226518,0.00175193966346861,0.0004283901601890926,0.2632589790716219,5.986000194785901,100.0,100.0,100.0,8.968535632984976,100.0
0.023705252810032107,-0.11039070317278857,0.0001660825542716507,0.001177705088726893,0.006117449935928349,0.03695998128952078,0.1658776713857751,-0.1088789497913388,-0.02128857374166514,-0.002300157572693968,-1.629464724791329e-05,0.0006490349497379012,-0.023331331169799796,0.01582563423506581,-0.01075073456604514,0.003589988783905243,0.002023292416997494,-6.881215658169502e-05,0.0001851061354443457,-0.0009499158045035575,0.0006789213877319417,0.0001278256592588691,0.0001216640222421739,-0.000882462342731323,0.17110522225266322,-0.05861736932865824,-0.0001836705489992535,0.0008768242973159689,0.006917463886154144,0.03357703036173842,0.2153938070783234,0.08004202421496563,0.01941805377930779,0.03658486837996122,9.255771223110816e-05,0.00039526870653762,-0.001331440902105533,0.01561378330710932,8.409380325679782e-05,-0.007162905352448011,-0.001623525685575538,-0.0001146639773380277,0.0002034757712275398,-0.001194121521590374,0.002074912419441758,0.001453779212226518,0.00175193966346861,0.0004283901601890926,0.2981840575124496,6.046817846568517,100.0,100.0,100.0,26.736439958338302,100.0
0.023705252810032107,-0.11039070317278857,0.0001660825542716507,0.001177705088726893,0.006117449935928349,0.03695998128952078,0.1658776713857751,-0.1088789497913388,-0.02128857374166514,-0.002300157572693968,-1.629464724791329e-05,0.0006490349497379012,-0.023331331169799796,0.01582563423506581,-0.01075073456604514,0.003589988783905243,0.002023292416997494,-6.881215658169502e-05,0.0001851061354443457,-0.0009499158045035575,0.0006789213877319417,0.0001278256592588691,0.0001216640222421739,-0.000882462342731323,0.17110522225266322,-0.05861736932865824,-0.0001836705489992535,0.0008768242973159689,0.006917463886154144,0.03357703036173842,0.2153938070783234,0.08004202421496563,0.01941805377930779,0.002043310207615721,9.255771223110816e-05,0.00039526870653762,-0.001331440902105533,-0.02352982648595514,8.409380325679782e-05,-0.007162905352448011,-0.001623525685575538,-0.0001146639773380277,0.0002034757712275398,-0.001194121521590374,0.002074912419441758,0.001453779212226518,0.00175193966346861,0.0004283901601890926,0.28365387049887386,6.059549898072011,31.35769271850586,-8.50448989868164,0.5,3.883998788656756,14.347811698913574
0.023705252810032107,-0.11039070317278857,0.0001660825542716507,0.001177705088726893,0.006117449935928349,0.03695998128952078,0.1658776713857751,-0.1088789497913388,-0.02128857374166514,-0.002300157572693968,-1.629464724791329e-05,0.0006490349497379012,-0.023331331169799796,0.01582563423506581,-0.01075073456604514,0.003589988783905243,0.002023292416997494,-6.881215658169502e-05,0.0001851061354443457,-0.0009499158045035575,0.0006789213877319417,0.0001278256592588691,0.0001216640222421739,-0.000882462342731323,0.17110522225266322,-0.05861736932865824,-0.0001836705489992535,0.0008768242973159689,0.006917463886154144,0.03357703036173842,0.2153938070783234,0.08004202421496563,0.01941805377930779,0.002043310207615721,9.255771223110816e-05,0.00039526870653762,-0.001331440902105533,0.01561378330710932,8.409380325679782e-05,-0.02499469478118499,-0.001623525685575538,-0.0001146639773380277,0.0002034757712275398,-0.001194121521590374,0.002074912419441758,0.001453779212226518,0.00175193966346861,0.0004283901601890926,0.29274706941980394,6.006962141750409,1.9267812967300415,3.3281540870666504,0.8333333730697632,4.240975152269325,13.79463005065918
-0.008509414592424491,-0.11039070317278857,0.0001660825542716507,0.001177705088726893,0.006117449935928349,0.03695998128952078,0.1658776713857751,-0.1088789497913388,-0.02128857374166514,-0.002300157572693968,-1.629464724791329e-05,0.0006490349497379012,-0.023331331169799796,0.01582563423506581,-0.01075073456604514,0.003589988783905243,0.002023292416997494,-6.881215658169502e-05,0.0001851061354443457,-0.0009499158045035575,0.0006789213877319417,0.0001278256592588691,0.0001216640222421739,-0.000882462342731323,0.17110522225266322,-0.05861736932865824,-0.0001836705489992535,0.0008768242973159689,0.006917463886154144,0.03357703036173842,0.2153938070783234,0.08004202421496563,0.01941805377930779,0.002043310207615721,9.255771223110816e-05,0.00039526870653762,-0.001331440902105533,0.01561378330710932,8.409380325679782e-05,-0.007162905352448011,-0.001623525685575538,-0.0001146639773380277,0.0002034757712275398,-0.001194121521590374,0.002074912419441758,0.001453779212226518,0.00175193966346861,0.0004283901601890926,0.2828595224259052,5.99860549627689,-3.755695343017578,-2.954630136489868,0.5,4.173696011647186,15.496716499328613
0.023705252810032107,0.23270462705079353,0.0001660825542716507,0.001177705088726893,0.006117449935928349,0.03695998128952078,0.1658776713857751,-0.1088789497913388,-0.02128857374166514,-0.002300157572693968,-1.629464724791329e-05,0.0006490349497379012,-0.023331331169799796,0.01582563423506581,-0.01075073456604514,0.003589988783905243,0.002023292416997494,-6.881215658169502e-05,0.0001851061354443457,-0.0009499158045035575,0.0006789213877319417,0.0001278256592588691,0.0001216640222421739,-0.000882462342731323,0.17110522225266322,-0.05861736932865824,-0.0001836705489992535,0.0008768242973159689,0.006917463886154144,0.03357703036173842,0.2153938070783234,0.08004202421496563,0.01941805377930779,0.002043310207615721,9.255771223110816e-05,0.00039526870653762,-0.001331440902105533,0.01561378330710932,8.409380325679782e-05,-0.007162905352448011,-0.001623525685575538,-0.0001146639773380277,0.0002034757712275398,-0.001194121521590374,0.002074912419441758,0.001453779212226518,0.00175193966346861,0.0004283901601890926,0.6188010718742213,5.996374996475498,100.0,100.0,100.0,21.002382478906817,100.0
0.023705252810032107,-0.11039070317278857,0.0001660825542716507,0.001177705088726893,0.006117449935928349,0.03695998128952078,0.1658776713857751,-0.1088789497913388,-0.02128857374166514,-0.002300157572693968,-1.629464724791329e-05,0.01995821283756527,-0.023331331169799796,0.01582563423506581,-0.01075073456604514,0.003589988783905243,0.002023292416997494,-6.881215658169502e-05,0.0001851061354443457,-0.0009499158045035575,0.0006789213877319417,0.0001278256592588691,0.0001216640222421739,-0.000882462342731323,0.17110522225266322,-0.05861736932865824,-0.0001836705489992535,0.0008768242973159689,0.006917463886154144,0.03357703036173842,0.2153938070783234,0.08004202421496563,0.01941805377930779,0.002043310207615721,9.255771223110816e-05,0.00039526870653762,-0.001331440902105533,0.01561378330710932,8.409380325679782e-05,-0.007162905352448011,-0.001623525685575538,-0.0001146639773380277,0.0002034757712275398,-0.001194121521590374,0.002074912419441758,0.001453779212226518,0.00175193966346861,0.0004283901601890926,0.302335622720515,5.994303271240821,7.013128757476807,3.012877941131592,0.75,2.143938485056845,13.902667045593262
0.023705252810032107,-0.11039070317278857,0.0001660825542716507,0.001177705088726893,0.006117449935928349,0.03695998128952078,0.1658776713857751,-0.1088789497913388,-0.02128857374166514,-0.002300157572693968,-1.629464724791329e-05,0.0006490349497379012,-0.023331331169799796,-0.006945649274777921,-0.01075073456604514,0.003589988783905243,0.002023292416997494,-6.881215658169502e-05,0.0001851061354443457,-0.0009499158045035575,0.0006789213877319417,0.0001278256592588691,0.0001216640222421739,-0.000882462342731323,0.17110522225266322,-0.05861736932865824,-0.0001836705489992535,0.0008768242973159689,0.006917463886154144,0.03357703036173842,0.2153938070783234,0.08004202421496563,0.01941805377930779,0.002043310207615721,9.255771223110816e-05,0.00039526870653762,-0.001331440902105533,0.01561378330710932,8.409380325679782e-05,-0.007162905352448011,-0.001623525685575538,-0.0001146639773380277,0.0002034757712275398,-0.001194121521590374,0.002074912419441758,0.001453779212226518,0.00175193966346861,0.0004283901601890926,0.23140985543917306,5.9817929247539805,100.0,100.0,100.0,4.06049869950774,100.0
0.023705252810032107,-0.11039070317278857,0.0001660825542716507,0.001177705088726893,0.006117449935928349,0.03695998128952078,0.1658776713857751,-0.1088789497913388,-0.02128857374166514,-0.002300157572693968,-1.629464724791329e-05,0.0006490349497379012,-0.023331331169799796,0.01582563423506581,-0.01075073456604514,0.003589988783905243,0.002023292416997494,-6.881215658169502e-05,0.0001851061354443457,-0.0009499158045035575,0.0006789213877319417,0.0001278256592588691,0.0001216640222421739,0.008549107770704722,0.17110522225266322,-0.05861736932865824,-0.0001836705489992535,0.0008768242973159689,0.006917463886154144,0.03357703036173842,0.2153938070783234,0.08004202421496563,0.01941805377930779,0.002043310207615721,9.255771223110816e-05,0.00039526870653762,-0.001331440902105533,0.01561378330710932,8.409380325679782e-05,-0.007162905352448011,-0.001623525685575538,-0.0001146639773380277,0.0002034757712275398,-0.001194121521590374,0.002074912419441758,0.001453779212226518,0.00175193966346861,0.0004283901601890926,0.2725851201974534,5.994732947570785,11.255410194396973,31.21718406677246,0.8333333730697632,4.111500929525613,14.374906539916992
0.023705252810032107,-0.11039070317278857,0.0001660825542716507,0.001177705088726893,0.006117449935928349,0.03695998128952078,0.1658776713857751,-0.1088789497913388,-0.02128857374166514,-0.002300157572693968,-1.629464724791329e-05,0.0006490349497379012,-0.023331331169799796,0.01582563423506581,-0.01075073456604514,0.003589988783905243,0.002023292416997494,-6.881215658169502e-05,0.0001851061354443457,-0.0009499158045035575,0.0006789213877319417,0.0001278256592588691,0.0001216640222421739,-0.000882462342731323,0.012304989497746277,-0.05861736932865824,-0.0001836705489992535,0.0008768242973159689,0.006917463886154144,0.03357703036173842,0.2153938070783234,0.08004202421496563,0.01941805377930779,0.002043310207615721,9.255771223110816e-05,0.00039526870653762,-0.001331440902105533,0.01561378330710932,8.409380325679782e-05,-0.007162905352448011,-0.001623525685575538,-0.0001146639773380277,0.0002034757712275398,-0.001194121521590374,0.002074912419441758,0.001453779212226518,0.00175193966346861,0.0004283901601890926,0.2681386564730047,5.994917771976007,4.061655521392822,4.9368085861206055,1.0833333730697632,3.559537117746631,12.018265724182129
0.023705252810032107,-0.11039070317278857,0.0001660825542716507,0.001177705088726893,0.006117449935928349,0.03695998128952078,0.1658776713857751,-0.1088789497913388,-0.02128857374166514,-0.002300157572693968,-1.629464724791329e-05,0.0006490349497379012,-0.023331331169799796,0.01582563423506581,-0.01075073456604514,0.003589988783905243,0.002023292416997494,-6.881215658169502e-05,0.0001851061354443457,-0.0009499158045035575,0.0006789213877319417,0.0001278256592588691,0.0001216640222421739,-0.000882462342731323,0.012304989497746277,-0.1538943312245955,-0.0001836705489992535,0.0008768242973159689,0.006917463886154144,0.03357703036173842,0.2153938070783234,0.08004202421496563,0.01941805377930779,0.002043310207615721,9.255771223110816e-05,0.00039526870653762,-0.001331440902105533,0.01561378330710932,8.409380325679782e-05,-0.007162905352448011,-0.001623525685575538,-0.0001146639773380277,0.0002034757712275398,-0.001194121521590374,0.002074912419441758,0.001453779212226518,0.00175193966346861,0.0004283901601890926,0.16916533706696835,5.994917771976007,100.0,100.0,100.0,7.835932401776578,100.0
0.023705252810032107,-0.11039070317278857,0.0001660825542716507,0.001177705088726893,0.006117449935928349,0.03695998128952078,0.1658776713857751,-0.1088789497913388,-0.02128857374166514,-0.002300157572693968,-1.629464724791329e-05,0.0006490349497379012,-0.023331331169799796,0.01582563423506581,-0.01075073456604514,0.003589988783905243,0.002023292416997494,-6.881215658169502e-05,0.0001851061354443457,-0.0009499158045035575,0.0006789213877319417,0.0001278256592588691,0.0001216640222421739,-0.000882462342731323,0.012304989497746277,-0.05861736932865824,-0.0668800065495816,0.0008768242973159689,0.006917463886154144,0.03357703036173842,0.2153938070783234,0.08004202421496563,0.01941805377930779,0.002043310207615721,9.255771223110816e-05,0.00039526870653762,-0.001331440902105533,0.01561378330710932,8.409380325679782e-05,-0.007162905352448011,-0.001623525685575538,-0.0001146639773380277,0.0002034757712275398,-0.001194121521590374,0.002074912419441758,0.001453779212226518,0.00175193966346861,0.0004283901601890926,0.2979403887650267,5.994917771976007,100.0,100.0,100.0,15.434865394100308,100.0
0.023705252810032107,-0.11039070317278857,0.0001660825542716507,0.001177705088726893,0.006117449935928349,0.03695998128952078,0.1658776713857751,-0.1088789497913388,-0.02128857374166514,-0.002300157572693968,-1.629464724791329e-05,0.0006490349497379012,-0.023331331169799796,0.01582563423506581,-0.01075073456604514,0.003589988783905243,0.002023292416997494,-6.881215658169502e-05,0.0001851061354443457,-0.0009499158045035575,0.0006789213877319417,0.0001278256592588691,0.0001216640222421739,-0.000882462342731323,0.012304989497746277,-0.05861736932865824,-0.0001836705489992535,0.0008768242973159689,0.006917463886154144,0.08797627451343715,0.2153938070783234,0.08004202421496563,0.01941805377930779,0.002043310207615721,9.255771223110816e-05,0.00039526870653762,-0.001331440902105533,0.01561378330710932,8.409380325679782e-05,-0.007162905352448011,-0.001623525685575538,-0.0001146639773380277,0.0002034757712275398,-0.001194121521590374,0.002074912419441758,0.001453779212226518,0.00175193966346861,0.0004283901601890926,0.21913938216889262,5.843796746750354,100.0,100.0,100.0,10.280153402465093,100.0
0.023705252810032107,-0.11039070317278857,0.0001660825542716507,0.001177705088726893,0.006117449935928349,0.03695998128952078,0.1658776713857751,-0.1088789497913388,-0.02128857374166514,-0.002300157572693968,-1.629464724791329e-05,0.0006490349497379012,-0.023331331169799796,0.01582563423506581,-0.01075073456604514,0.003589988783905243,0.002023292416997494,-6.881215658169502e-05,0.0001851061354443457,-0.0009499158045035575,0.0006789213877319417,0.0001278256592588691,0.0001216640222421739,-0.000882462342731323,0.012304989497746277,-0.05861736932865824,-0.0001836705489992535,0.0008768242973159689,0.006917463886154144,0.03357703036173842,0.2153938070783234,0.0759545054724029,0.01941805377930779,0.002043310207615721,9.255771223110816e-05,0.00039526870653762,-0.001331440902105533,0.01561378330710932,8.409380325679782e-05,-0.007162905352448011,-0.001623525685575538,-0.0001146639773380277,0.0002034757712275398,-0.001194121521590374,0.002074912419441758,0.001453779212226518,0.00175193966346861,0.0004283901601890926,0.2567960183102985,5.948470707345649,2.3150522708892822,0.014925027266144753,1.25,3.5586343676150234,13.472691535949707
0.023705252810032107,-0.11039070317278857,0.0001660825542716507,0.001177705088726893,0.006117449935928349,0.03695998128952078,0.1658776713857751,-0.1088789497913388,-0.02128857374166514,-0.002300157572693968,-1.629464724791329e-05,0.0006490349497379012,-0.023331331169799796,0.01582563423506581,-0.01075073456604514,0.003589988783905243,0.002023292416997494,-6.881215658169502e-05,0.0001851061354443457,-0.0009499158045035575,0.0006789213877319417,0.0001278256592588691,0.0001216640222421739,-0.000882462342731323,0.012304989497746277,-0.05861736932865824,-0.0001836705489992535,0.0008768242973159689,0.006917463886154144,0.03357703036173842,0.2153938070783234,0.08004202421496563,0.01941805377930779,0.002043310207615721,9.255771223110816e-05,0.00039526870653762,-0.001331440902105533,0.01561378330710932,0.0035261210924772968,-0.007162905352448011,-0.001623525685575538,-0.0001146639773380277,0.0002034757712275398,-0.001194121521590374,0.002074912419441758,0.001453779212226518,0.00175193966346861,0.0004283901601890926,0.2671938321110165,5.991341061023995,17.413597106933594,5.049787998199463,0.9166666865348816,3.608328383496083,10.88336181640625
0.023705252810032107,-0.11039070317278857,0.0001660825542716507,0.001177705088726893,0.006117449935928349,0.03695998128952078,0.1658776713857751,-0.1088789497913388,-0.02128857374166514,-0.002300157572693968,-1.629464724791329e-05,0.0006490349497379012,-0.023331331169799796,0.01582563423506581,-0.01075073456604514,0.003589988783905243,0.002023292416997494,-6.881215658169502e-05,0.0001851061354443457,-0.0009499158045035575,0.0006789213877319417,0.0001278256592588691,0.0001216640222421739,-0.000882462342731323,0.012304989497746277,-0.05861736932865824,-0.0001836705489992535,0.0008768242973159689,0.006917463886154144,0.03357703036173842,0.2153938070783234,0.08004202421496563,0.01941805377930779,0.002043310207615721,9.255771223110816e-05,0.00039526870653762,-0.001331440902105533,0.01561378330710932,0.0035261210924772968,-0.007162905352448011,-0.001623525685575538,-0.0001146639773380277,0.0002034757712275398,-0.001194121521590374,-0.010792765495295953,0.001453779212226518,0.00175193966346861,0.0004283901601890926,0.2809981443430561,5.9749887198672,16.811479568481445,-6.602001190185547,0.9166666865348816,3.7159214327231487,11.190780639648438
0.023705252810032107,-0.11039070317278857,0.0001660825542716507,0.001177705088726893,0.006117449935928349,0.03695998128952078,0.1658776713857751,-0.1088789497913388,-0.02128857374166514,-0.002300157572693968,-1.629464724791329e-05,0.0006490349497379012,-0.023331331169799796,0.01582563423506581,-0.01075073456604514,0.003589988783905243,0.002023292416997494,-6.881215658169502e-05,0.0001851061354443457,-0.0009499158045035575,0.0006789213877319417,0.0001278256592588691,0.0001216640222421739,-0.000882462342731323,0.012304989497746277,-0.05861736932865824,-0.0001836705489992535,0.0008768242973159689,0.006917463886154144,0.03357703036173842,0.2153938070783234,0.08004202421496563,0.01941805377930779,0.002043310207615721,9.255771223110816e-05,0.00039526870653762,-0.001331440902105533,0.01561378330710932,0.0035261210924772968,-0.007162905352448011,-0.001623525685575538,-0.0001146639773380277,0.0002034757712275398,-0.001194121521590374,0.002074912419441758,-4.183244845989975e-05,0.00175193966346861,0.0004283901601890926,0.27168548990921326,5.992648338475235,7.265035152435303,2.8599493503570557,1.1666667461395264,3.623646558590611,11.346959114074707
0.023705252810032107,-0.11039070317278857,0.0001660825542716507,0.001177705088726893,0.006117449935928349,0.03695998128952078,0.1658776713857751,-0.1088789497913388,-0.02128857374166514,-0.002300157572693968,-1.629464724791329e-05,0.0006490349497379012,-0.023331331169799796,0.01582563423506581,-0.01075073456604514,0.003589988783905243,0.002023292416997494,-6.881215658169502e-05,0.0001851061354443457,-0.0009499158045035575,0.0006789213877319417,0.0001278256592588691,0.0001216640222421739,-0.000882462342731323,0.012304989497746277,-0.05861736932865824,-0.0001836705489992535,0.0008768242973159689,0.006917463886154144,0.03357703036173842,0.2153938070783234,0.08004202421496563,0.01941805377930779,0.002043310207615721,9.255771223110816e-05,0.00039526870653762,-0.001331440902105533,0.01561378330710932,0.0035261210924772968,-0.007162905352448011,-0.001623525685575538,-0.0001146639773380277,0.0002034757712275398,-0.001194121521590374,0.002074912419441758,0.001453779212226518,0.00175193966346861,0.0004283901601890926,0.2671938321110165,5.991341061023995,17.413597106933594,5.049787998199463,0.9166666865348816,3.608328383496083,10.88336181640625
0.024890515450533713,-0.11039070317278857,0.0001660825542716507,0.001177705088726893,0.006117449935928349,0.03695998128952078,0.1658776713857751,-0.1088789497913388,-0.02128857374166514,-0.002300157572693968,-1.629464724791329e-05,0.0006490349497379012,-0.023331331169799796,0.01582563423506581,-0.01075073456604514,0.003589988783905243,0.002023292416997494,-6.881215658169502e-05,0.0001851061354443457,-0.0009499158045035575,0.0006789213877319417,0.0001278256592588691,0.0001216640222421739,-0.000882462342731323,0.012304989497746277,-0.05861736932865824,-0.0001836705489992535,0.0008768242973159689,0.006917463886154144,0.03357703036173842,0.2153938070783234,0.08004202421496563,0.01941805377930779,0.002043310207615721,9.255771223110816e-05,0.00039526870653762,-0.001331440902105533,0.01561378330710932,0.0035261210924772968,-0.007162905352448011,-0.001623525685575538,-0.0001146639773380277,0.0002034757712275398,-0.001194121521590374,0.002074912419441758,0.001453779212226518,0.00175193966346861,0.0004283901601890926,0.2670994814192694,5.991221475599782,4.855620861053467,4.566956520080566,1.0,3.6055557407953613,11.205316543579102
0.023705252810032107,-0.115910238331428,0.0001660825542716507,0.001177705088726893,0.006117449935928349,0.03695998128952078,0.1658776713857751,-0.1088789497913388,-0.02128857374166514,-0.002300157572693968,-1.629464724791329e-05,0.0006490349497379012,-0.023331331169799796,0.01582563423506581,-0.01075073456604514,0.003589988783905243,0.002023292416997494,-6.881215658169502e-05,0.0001851061354443457,-0.0009499158045035575,0.0006789213877319417,0.0001278256592588691,0.0001216640222421739,-0.000882462342731323,0.012304989497746277,-0.05861736932865824,-0.0001836705489992535,0.0008768242973159689,0.006917463886154144,0.03357703036173842,0.2153938070783234,0.08004202421496563,0.01941805377930779,0.002043310207615721,9.255771223110816e-05,0.00039526870653762,-0.001331440902105533,0.01561378330710932,0.0035261210924772968,-0.007162905352448011,-0.001623525685575538,-0.0001146639773380277,0.0002034757712275398,-0.001194121521590374,0.002074912419441758,0.001453779212226518,0.00175193966346861,0.0004283901601890926,0.26105765333725445,5.9914025069539685,1.451148271560669,5.577836036682129,0.0,3.8944635536692287,19.13449478149414
0.023705252810032107,-0.11039070317278857,0.00017438668198523324,0.001177705088726893,0.006117449935928349,0.03695998128952078,0.1658776713857751,-0.1088789497913388,-0.02128857374166514,-0.002300157572693968,-1.629464724791329e-05,0.0006490349497379012,-0.023331331169799796,0.01582563423506581,-0.01075073456604514,0.003589988783905243,0.002023292416997494,-6.881215658169502e-05,0.0001851061354443457,-0.0009499158045035575,0.0006789213877319417,0.0001278256592588691,0.0001216640222421739,-0.000882462342731323,0.012304989497746277,-0.05861736932865824,-0.0001836705489992535,0.0008768242973159689,0.006917463886154144,0.03357703036173842,0.2153938070783234,0.08004202421496563,0.01941805377930779,0.002043310207615721,9.255771223110816e-05,0.00039526870653762,-0.001331440902105533,0.01561378330710932,0.0035261210924772968,-0.007162905352448011,-0.001623525685575538,-0.0001146639773380277,0.0002034757712275398,-0.001194121521590374,0.002074912419441758,0.001453779212226518,0.00175193966346861,0.0004283901601890926,0.2671911051744379,5.991341328729083,1.736700415611267,1.9381812810897827,0.5833333730697632,3.608803912675221,10.73497486114502
0.023705252810032107,-0.11039070317278857,0.0001660825542716507,0.0012365903431632377,0.006117449935928349,0.03695998128952078,0.1658776713857751,-0.1088789497913388,-0.02128857374166514,-0.002300157572693968,-1.629464724791329e-05,0.0006490349497379012,-0.023331331169799796,0.01582563423506581,-0.01075073456604514,0.003589988783905243,0.002023292416997494,-6.881215658169502e-05,0.0001851061354443457,-0.0009499158045035575,0.0006789213877319417,0.0001278256592588691,0.0001216640222421739,-0.000882462342731323,0.012304989497746277,-0.05861736932865824,-0.0001836705489992535,0.0008768242973159689,0.006917463886154144,0.03357703036173842,0.2153938070783234,0.08004202421496563,0.01941805377930779,0.002043310207615721,9.255771223110816e-05,0.00039526870653762,-0.001331440902105533,0.01561378330710932,0.0035261210924772968,-0.007162905352448011,-0.001623525685575538,-0.0001146639773380277,0.0002034757712275398,-0.001194121521590374,0.002074912419441758,0.001453779212226518,0.00175193966346861,0.0004283901601890926,0.2671835717342656,5.9913110880250615,-2.5234482288360596,-6.166553497314453,1.1666667461395264,3.6115637067365154,11.305588722229004
0.023705252810032107,-0.11039070317278857,0.0001660825542716507,0.001177705088726893,0.006423322432724767,0.03695998128952078,0.1658776713857751,-0.1088789497913388,-0.02128857374166514,-0.002300157572693968,-1.629464724791329e-05,0.0006490349497379012,-0.023331331169799796,0.01582563423506581,-0.01075073456604514,0.003589988783905243,0.002023292416997494,-6.881215658169502e-05,0.0001851061354443457,-0.0009499158045035575,0.0006789213877319417,0.0001278256592588691,0.0001216640222421739,-0.000882462342731323,0.012304989497746277,-0.05861736932865824,-0.0001836705489992535,0.0008768242973159689,0.006917463886154144,0.03357703036173842,0.2153938070783234,0.08004202421496563,0.01941805377930779,0.002043310207615721,9.255771223110816e-05,0.00039526870653762,-0.001331440902105533,0.01561378330710932,0.0035261210924772968,-0.007162905352448011,-0.001623525685575538,-0.0001146639773380277,0.0002034757712275398,-0.001194121521590374,0.002074912419441758,0.001453779212226518,0.00175193966346861,0.0004283901601890926,0.2671952584106003,5.990324960530702,2.4750940799713135,-1.343704104423523,0.5833333730697632,3.6071800450631173,10.666607856750488
0.023705252810032107,-0.11039070317278857,0.0001660825542716507,0.001177705088726893,0.006117449935928349,0.03880798035399682,0.1658776713857751,-0.1088789497913388,-0.02128857374166514,-0.002300157572693968,-1.629464724791329e-05,0.0006490349497379012,-0.023331331169799796,0.01582563423506581,-0.01075073456604514,0.003589988783905243,0.002023292416997494,-6.881215658169502e-05,0.0001851061354443457,-0.0009499158045035575,0.0006789213877319417,0.0001278256592588691,0.0001216640222421739,-0.000882462342731323,0.012304989497746277,-0.05861736932865824,-0.0001836705489992535,0.0008768242973159689,0.006917463886154144,0.03357703036173842,0.2153938070783234,0.08004202421496563,0.01941805377930779,0.002043310207615721,9.255771223110816e-05,0.00039526870653762,-0.001331440902105533,0.01561378330710932,0.0035261210924772968,-0.007162905352448011,-0.001623525685575538,-0.0001146639773380277,0.0002034757712275398,-0.001194121521590374,0.002074912419441758,0.001453779212226518,0.00175193966346861,0.0004283901601890926,0.26719365643551357,5.982425721025276,-0.9483040571212769,0.649509072303772,1.0,3.5623584302903017,11.217788696289062
0.023705252810032107,-0.11039070317278857,0.0001660825542716507,0.001177705088726893,0.006117449935928349,0.03695998128952078,0.17417155495506387,-0.1088789497913388,-0.02128857374166514,-0.002300157572693968,-1.629464724791329e-05,0.0006490349497379012,-0.023331331169799796,0.01582563423506581,-0.01075073456604514,0.003589988783905243,0.002023292416997494,-6.881215658169502e-05,0.0001851061354443457,-0.0009499158045035575,0.0006789213877319417,0.0001278256592588691,0.0001216640222421739,-0.000882462342731323,0.012304989497746277,-0.05861736932865824,-0.0001836705489992535,0.0008768242973159689,0.006917463886154144,0.03357703036173842,0.2153938070783234,0.08004202421496563,0.01941805377930779,0.002043310207615721,9.255771223110816e-05,0.00039526870653762,-0.001331440902105533,0.01561378330710932,0.0035261210924772968,-0.007162905352448011,-0.001623525685575538,-0.0001146639773380277,0.0002034757712275398,-0.001194121521590374,0.002074912419441758,0.001453779212226518,0.00175193966346861,0.0004283901601890926,0.25902459268954303,5.813262450210205,8.918390274047852,12.668455123901367,1.25,3.5576144363092963,19.66525650024414
0.023705252810032107,-0.11039070317278857,0.0001660825542716507,0.001177705088726893,0.006117449935928349,0.03695998128952078,0.1658776713857751,-0.11432289728090575,-0.02128857374166514,-0.002300157572693968,-1.629464724791329e-05,0.0006490349497379012,-0.023331331169799796,0.01582563423506581,-0.01075073456604514,0.003589988783905243,0.002023292416997494,-6.881215658169502e-05,0.0001851061354443457,-0.0009499158045035575,0.0006789213877319417,0.0001278256592588691,0.0001216640222421739,-0.000882462342731323,0.012304989497746277,-0.05861736932865824,-0.0001836705489992535,0.0008768242973159689,0.006917463886154144,0.03357703036173842,0.2153938070783234,0.08004202421496563,0.01941805377930779,0.002043310207615721,9.255771223110816e-05,0.00039526870653762,-0.001331440902105533,0.01561378330710932,0.0035261210924772968,-0.007162905352448011,-0.001623525685575538,-0.0001146639773380277,0.0002034757712275398,-0.001194121521590374,0.002074912419441758,0.001453779212226518,0.00175193966346861,0.0004283901601890926,0.28674119005147847,6.036477588993725,9.430476188659668,6.476346492767334,1.0,3.8885342645219145,14.795524597167969
0.023705252810032107,-0.11039070317278857,0.0001660825542716507,0.001177705088726893,0.006117449935928349,0.03695998128952078,0.1658776713857751,-0.1088789497913388,-0.022353002428748398,-0.002300157572693968,-1.629464724791329e-05,0.0006490349497379012,-0.023331331169799796,0.01582563423506581,-0.01075073456604514,0.003589988783905243,0.002023292416997494,-6.881215658169502e-05,0.0001851061354443457,-0.0009499158045035575,0.0006789213877319417,0.0001278256592588691,0.0001216640222421739,-0.000882462342731323,0.012304989497746277,-0.05861736932865824,-0.0001836705489992535,0.0008768242973159689,0.006917463886154144,0.03357703036173842,0.2153938070783234,0.08004202421496563,0.01941805377930779,0.002043310207615721,9.255771223110816e-05,0.00039526870653762,-0.001331440902105533,0.01561378330710932,0.0035261210924772968,-0.007162905352448011,-0.001623525685575538,-0.0001146639773380277,0.0002034757712275398,-0.001194121521590374,0.002074912419441758,0.001453779212226518,0.00175193966346861,0.0004283901601890926,0.2673190407453931,5.996110985857845,0.3431434631347656,1.320175290107727,0.4166666865348816,3.6573322241691946,11.30875301361084
0.023705252810032107,-0.11039070317278857,0.0001660825542716507,0.001177705088726893,0.006117449935928349,0.03695998128952078,0.1658776713857751,-0.1088789497913388,-0.02128857374166514,-0.002415165451328666,-1.629464724791329e-05,0.0006490349497379012,-0.023331331169799796,0.01582563423506581,-0.01075073456604514,0.003589988783905243,0.002023292416997494,-6.881215658169502e-05,0.0001851061354443457,-0.0009499158045035575,0.0006789213877319417,0.0001278256592588691,0.0001216640222421739,-0.000882462342731323,0.012304989497746277,-0.05861736932865824,-0.0001836705489992535,0.0008768242973159689,0.006917463886154144,0.03357703036173842,0.2153938070783234,0.08004202421496563,0.01941805377930779,0.002043310207615721,9.255771223110816e-05,0.00039526870653762,-0.001331440902105533,0.01561378330710932,0.0035261210924772968,-0.007162905352448011,-0.001623525685575538,-0.0001146639773380277,0.0002034757712275398,-0.001194121521590374,0.002074912419441758,0.001453779212226518,0.00175193966346861,0.0004283901601890926,0.26717494841282496,5.991474479775096,1.1000076532363892,-1.800896406173706,0.8333333730697632,3.607199259359032,11.063167572021484
0.023705252810032107,-0.11039070317278857,0.0001660825542716507,0.001177705088726893,0.006117449935928349,0.03695998128952078,0.1658776713857751,-0.1088789497913388,-0.02128857374166514,-0.002300157572693968,-1.7109379610308955e-05,0.0006490349497379012,-0.023331331169799796,0.01582563423506581,-0.01075073456604514,0.003589988783905243,0.002023292416997494,-6.881215658169502e-05,0.0001851061354443457,-0.0009499158045035575,0.0006789213877319417,0.0001278256592588691,0.0001216640222421739,-0.000882462342731323,0.012304989497746277,-0.05861736932865824,-0.0001836705489992535,0.0008768242973159689,0.006917463886154144,0.03357703036173842,0.2153938070783234,0.08004202421496563,0.01941805377930779,0.002043310207615721,9.255771223110816e-05,0.00039526870653762,-0.001331440902105533,0.01561378330710932,0.0035261210924772968,-0.007162905352448011,-0.001623525685575538,-0.0001146639773380277,0.0002034757712275398,-0.001194121521590374,0.002074912419441758,0.001453779212226518,0.00175193966346861,0.0004283901601890926,0.26719363743419894,5.991340983220061,1.9220577478408813,-0.5293391346931458,0.5,3.608395437437824,10.779115676879883
0.023705252810032107,-0.11039070317278857,0.0001660825542716507,0.001177705088726893,0.006117449935928349,0.03695998128952078,0.1658776713857751,-0.1088789497913388,-0.02128857374166514,-0.002300157572693968,-1.629464724791329e-05,0.0006814866972247963,-0.023331331169799796,0.01582563423506581,-0.01075073456604514,0.003589988783905243,0.002023292416997494,-6.881215658169502e-05,0.0001851061354443457,-0.0009499158045035575,0.0006789213877319417,0.0001278256592588691,0.0001216640222421739,-0.000882462342731323,0.012304989497746277,-0.05861736932865824,-0.0001836705489992535,0.0008768242973159689,0.006917463886154144,0.03357703036173842,0.2153938070783234,0.08004202421496563,0.01941805377930779,0.002043310207615721,9.255771223110816e-05,0.00039526870653762,-0.001331440902105533,0.01561378330710932,0.0035261210924772968,-0.007162905352448011,-0.001623525685575538,-0.0001146639773380277,0.0002034757712275398,-0.001194121521590374,0.002074912419441758,0.001453779212226518,0.00175193966346861,0.0004283901601890926,0.2672714079886017,5.991340043877587,11.799417495727539,13.892422676086426,0.9166666865348816,3.604003813702332,11.133191108703613
0.023705252810032107,-0.11039070317278857,0.0001660825542716507,0.001177705088726893,0.006117449935928349,0.03695998128952078,0.1658776713857751,-0.1088789497913388,-0.02128857374166514,-0.002300157572693968,-1.629464724791329e-05,0.0006490349497379012,-0.024497897728289787,0.01582563423506581,-0.01075073456604514,0.003589988783905243,0.002023292416997494,-6.881215658169502e-05,0.0001851061354443457,-0.0009499158045035575,0.0006789213877319417,0.0001278256592588691,0.0001216640222421739,-0.000882462342731323,0.012304989497746277,-0.05861736932865824,-0.0001836705489992535,0.0008768242973159689,0.006917463886154144,0.03357703036173842,0.2153938070783234,0.08004202421496563,0.01941805377930779,0.002043310207615721,9.255771223110816e-05,0.00039526870653762,-0.001331440902105533,0.01561378330710932,0.0035261210924772968,-0.007162905352448011,-0.001623525685575538,-0.0001146639773380277,0.0002034757712275398,-0.001194121521590374,0.002074912419441758,0.001453779212226518,0.00175193966346861,0.0004283901601890926,0.26481802197935056,5.989570974436038,7.00332498550415,4.206396579742432,0.9166666865348816,3.6642412052041946,18.3565616607666
