index,Nfeval,J,Jf,J_length,Lengths,J_CC,J_LENGTH_PENALTY,J_CURVATURE,J_MSC,J_ALS,curvatures,msc,B.n,gradJcoils,C-C-Sep
0,1,1.793087293287414e-05,1.7200530685693253e-05,1.2381335205309304e-07,12.381335205309304,5.618941384706434e-07,1.6263526617178858e-08,0.0,2.837123003996971e-08,2.7856924195306517e-09,23.10187412356281,40.00781571631558,0.0012172777154084101,0.0001509441205735088,0.07511680413518575
1,2,200.51024111793103,0.5367477918474597,3.8397606779237307e-07,38.39760677923731,0.005529135825053536,8.83197369097003,3.6393551496041154,187.4966349657083,1.21137709051793e-07,1341.019921809005,919.6191271802253,0.24020257877193002,70034.43605674585,0.02130022155216106
2,3,1.7930869083208376e-05,1.7200518497023607e-05,1.2381335209909e-07,12.381335209909,5.618985654376538e-07,1.626292809071774e-08,0.0,2.8375740557305727e-08,2.7856924119101928e-09,23.10187150568937,40.00781822467952,0.001217277427905906,0.00015082206761369714,0.0751168018579973
3,4,1.7928943616767333e-05,1.718767203636247e-05,1.238134082323004e-07,12.38134082323004,5.67266129453222e-07,1.5553224339376236e-08,0.0,3.4638818379965115e-08,2.7856832427820096e-09,23.098713618671354,40.0108530728919,0.0012169807330239587,0.0002597282694337307,0.07511405588836247
4,5,1.7927321986005532e-05,1.71900370885747e-05,1.2381316813486657e-07,12.381316813486656,5.660326949626707e-07,1.53301258854492e-08,0.0,3.21089084478455e-08,2.7856861550529467e-09,23.097127064803228,40.009117756100395,0.0012170194989036516,0.00011705215860855044,0.07511288323633801
5,6,1.7925298865992723e-05,1.718858082595781e-05,1.2381273095226887e-07,12.381273095226888,5.670780351626373e-07,1.459446631721818e-08,0.0,3.123280760278479e-08,2.7856990614003e-09,23.09148169465629,40.007566829197486,0.0012169872713545344,0.00015219987662775018,0.07510681728441829
6,7,1.7922070224459788e-05,1.7183278294297473e-05,1.2381215553792617e-07,12.381215553792616,5.69080466641432e-07,1.409557735012927e-08,0.0,3.1803730632829755e-08,2.7857223612258117e-09,23.081629083508393,40.00448711833999,0.0012167685038457874,0.00019922486768086088,0.07508959308141672
7,8,1.791506495804627e-05,1.7170218215799698e-05,1.238112715852913e-07,12.38112715852913,5.743263157504337e-07,1.495558316270364e-08,0.0,3.175357174813988e-08,2.78585400756013e-09,23.05744453357841,39.997076839219,0.0012163173607524324,0.00022431608783989753,0.07503669149796999
8,9,1.7907521996970384e-05,1.7164885786397966e-05,1.2380829777505432e-07,12.380829777505433,5.69461468074716e-07,1.2215011561037238e-08,0.0,3.715143316160947e-08,2.785919141108346e-09,23.03517829062108,39.99029929046127,0.001216031200653735,0.0004464036296008376,0.0749598420828448
9,10,1.7900231054760687e-05,1.7169982285222676e-05,1.2380764795075873e-07,12.380764795075873,5.66190919425532e-07,1.3333397510134482e-08,0.0,2.691680465158458e-08,2.7860001579939857e-09,23.025344430555243,39.985248463583126,0.0012161694715103874,0.00026357775381249715,0.07492312479752809
10,11,1.789688113736287e-05,1.7167820270324883e-05,1.238078102719541e-07,12.38078102719541,5.632139531595525e-07,1.4191624504525102e-08,0.0,2.7847479101954525e-08,2.7859759151928175e-09,23.030410524655167,39.987533680642315,0.0012161020116062892,0.0001407598215485909,0.07494354792927868
11,12,1.7893923739116377e-05,1.71671770659339e-05,1.2380755340768263e-07,12.380755340768264,5.582834966249006e-07,1.498044566228158e-08,0.0,2.9675177487611668e-08,2.7859049418831496e-09,23.036939313770837,39.990566690907215,0.001215932137502712,0.00014854064469679417,0.07497332041420592
12,13,1.7891537607736454e-05,1.7165051099855503e-05,1.2380699936394786e-07,12.380699936394787,5.555778791223992e-07,1.538565206106139e-08,0.0,3.1715977333540485e-08,2.785818766046362e-09,23.040375649022312,39.99255233339737,0.0012155844097995,0.00017049617349737788,0.07499521484835327
13,14,1.7885911594942015e-05,1.7154859095096428e-05,1.2380568181548568e-07,12.380568181548568,5.566443693642583e-07,1.630160029183235e-08,0.0,3.430084837400989e-08,2.7856103559582444e-09,23.04701795249146,39.99649475420695,0.001214708861142054,0.00017867655727554072,0.07501843520896442
14,15,1.787935927788657e-05,1.714370883973361e-05,1.2380285186261195e-07,12.380285186261194,5.629177626584534e-07,1.489367763842421e-08,0.0,3.403614599347092e-08,2.7851792848109046e-09,23.0621726892501,40.0029751382128,0.001213119604641941,0.0002536589998100996,0.07502240883107744
15,16,1.7874649935020887e-05,1.7124180501430755e-05,1.238007386695394e-07,12.38007386695394,5.725342539255107e-07,1.4487839233077484e-08,0.0,3.964660176200462e-08,2.78496797013392e-09,23.064737132983772,40.00849710573706,0.0012123903442020378,0.00024537967976673243,0.07498001472410593
16,17,1.787163384363101e-05,1.7125790737820663e-05,1.2380131260919407e-07,12.380131260919406,5.75679969985674e-07,1.4278090862180444e-08,0.0,3.208373235329655e-08,2.784983596997991e-09,23.068721244299805,40.006805215366455,0.0012125877616891198,0.000137691871956651,0.07495891855932799
17,18,1.787028369266548e-05,1.71253786859579e-05,1.238009131623556e-07,12.38009131623556,5.779218632525175e-07,1.377029190453404e-08,0.0,2.9411938388175657e-08,2.7849963725689735e-09,23.06585223014179,40.006229443672275,0.0012125874295327301,0.00011793826366462893,0.07492278524611481
18,19,1.7868857760176966e-05,1.7124140919170536e-05,1.2380068232039931e-07,12.380068232039932,5.779883057509373e-07,1.394908457607918e-08,0.0,2.897876835901889e-08,2.7849522315801017e-09,23.068432904382526,40.008128879561895,0.0012125536265973407,0.00010046634350100861,0.07491218164255319
19,20,1.791738901147205e-05,1.7121443971516595e-05,1.237998067661917e-07,12.37998067661917,5.725612851004853e-07,1.5483731199986492e-08,0.0,8.410021688879593e-08,2.7846202530892904e-09,23.092075738682006,40.02217604866086,0.001212468051488156,0.003979746057990266,0.07488965166594001
20,21,1.7867796799321598e-05,1.712364666184999e-05,1.2380058095568398e-07,12.380058095568398,5.773651038854933e-07,1.4108895055541096e-08,0.0,2.887555757489038e-08,2.784914420136559e-09,23.07106337340132,40.00964116125481,0.001212532688716113,9.768213166715205e-05,0.07490958540113758
21,22,1.7884821499038544e-05,1.712184840918675e-05,1.2380006361811398e-07,12.380006361811398,5.741642875177223e-07,1.499507832405863e-08,0.0,5.0013660391899875e-08,2.7847189646421097e-09,23.084913172031612,40.017812968791915,0.001212475326912376,0.0024635615982109265,0.07489628672898752
22,23,1.7867070779875603e-05,1.7123313887032657e-05,1.2380050692197558e-07,12.380050692197557,5.769091577769986e-07,1.4228331885739631e-08,0.0,2.8818896258232564e-08,2.7848867073566152e-09,23.073001128868416,40.01076335176967,0.0012125206017795228,9.829005045082728e-05,0.07490768730722407
23,24,1.80757764192309e-05,1.7122467994328623e-05,1.237989674304505e-07,12.379896743045048,5.654802353737e-07,1.5341003839856552e-08,0.0,2.486882182582709e-07,2.784292158751879e-09,23.112084751478896,40.03328983468431,0.0012123522141713602,0.007962800222395778,0.07489731636985603
24,25,1.7866795574932188e-05,1.712317199906057e-05,1.2380045262797544e-07,12.380045262797545,5.765119853401114e-07,1.4260915497927817e-08,0.0,2.9050222405604265e-08,2.7848661528057666e-09,23.074271150891057,40.01148499086343,0.0012125084544170367,0.00025410815337644535,0.07490728009652346
25,26,1.7864053989115133e-05,1.712601547967494e-05,1.2380107897839953e-07,12.380107897839952,5.674349580106183e-07,1.5541382984106677e-08,0.0,3.126108946707014e-08,2.784907071715474e-09,23.068293556280224,40.01232156029328,0.0012130010194824513,0.0002264789598238538,0.07489488828825328
26,27,1.7858607707239187e-05,1.71222855923247e-05,1.23798230498534e-07,12.3798230498534,5.669900822368018e-07,1.4679796164290308e-08,0.0,3.085400601486044e-08,2.783996934944142e-09,23.05959268388355,40.01235063737938,0.0012123040312116478,0.0002417985994543151,0.07486950426995112
27,28,1.7856064318175463e-05,1.710840466424302e-05,1.2379822317825586e-07,12.379822317825585,5.740048676076929e-07,1.5639341280574878e-08,0.0,3.4217221865922585e-08,2.7833424001494984e-09,23.05293411187754,40.01326748031497,0.001211931172686588,0.0003245835664434029,0.07481972016949986
28,29,1.7852373617651317e-05,1.7112269340831642e-05,1.2379824453494217e-07,12.379824453494217,5.699308400725402e-07,1.5524168503423558e-08,0.0,3.0851023708770866e-08,2.7832234220075568e-09,23.0542819766199,40.01128136633538,0.0012118935033204588,0.00012157509507872814,0.0748526066396398
29,30,1.7849665571996508e-05,1.7113550538974198e-05,1.2379729475872972e-07,12.379729475872972,5.658404654049252e-07,1.5610252565849974e-08,0.0,3.0867020292804626e-08,2.7828042471406596e-09,23.05224322200928,40.010753146181194,0.001211519013414882,0.0001189054236101334,0.07488148004285239
30,31,1.784607352364716e-05,1.7110973568021354e-05,1.2379591726867014e-07,12.379591726867012,5.652381103405209e-07,1.5438966299741702e-08,0.0,3.0626961716876373e-08,2.782177902179352e-09,23.04852743463574,40.009717282080345,0.0012114195189302111,0.00014887490648815986,0.07490348439817192
31,32,1.784059006352626e-05,1.710186098551212e-05,1.2379225952301742e-07,12.379225952301741,5.686707669902918e-07,1.4348447880037392e-08,0.0,3.1917603620794355e-08,2.780714198149138e-09,23.039340972814948,40.010424004125106,0.0012110781380599133,0.00013786647253703012,0.07492584083733723
32,33,1.7836067027496428e-05,1.7094552752909578e-05,1.2378972351205828e-07,12.378972351205828,5.68608615797891e-07,1.2677046704480404e-08,0.0,3.643888857241987e-08,2.7794381998036185e-09,23.03854869948621,40.01005183869475,0.0012109956470210325,0.00018123010145396643,0.07497035953099249
33,34,1.7831954664132095e-05,1.7090828102401746e-05,1.2378845327638238e-07,12.378845327638238,5.709893416121132e-07,1.345058545339772e-08,0.0,3.2898181388459477e-08,2.7784928833536917e-09,23.042009942448104,40.01033700322034,0.0012107577848564186,0.00014229073456282362,0.07500438741781151
34,35,1.782717334758264e-05,1.7086689851321607e-05,1.2378735168192169e-07,12.378735168192168,5.714100917441294e-07,1.3777831111764485e-08,0.0,3.15082217232168e-08,2.7773178097760905e-09,23.050351380830048,40.01140154198052,0.0012105888797711004,0.00012030046175591901,0.07504690871960155
35,36,1.7823074450720022e-05,1.7084623039745136e-05,1.2378807128064787e-07,12.378807128064786,5.713641998376383e-07,1.4778493337666276e-08,0.0,2.852064651893188e-08,2.7764164154741156e-09,23.062775882441805,40.008858031996205,0.0012108205829170333,0.00016763678344038123,0.075106820595676
36,37,1.781835197140367e-05,1.7074282003580392e-05,1.2378663382591614e-07,12.378663382591615,5.741360612166906e-07,1.49289017592507e-08,0.0,3.1218371021419535e-08,2.77510689858613e-09,23.068205930790185,40.011335326833425,0.0012103773619487523,0.0001419535368797246,0.07512413423835718
37,38,1.7813950691214395e-05,1.7062285599137493e-05,1.2378515940577223e-07,12.378515940577223,5.790044923118903e-07,1.494957088105935e-08,0.0,3.3925869478180794e-08,2.7736570582623357e-09,23.073632646653593,40.01294743219805,0.0012100592771712845,0.0002808369120808835,0.07509630119400913
38,39,1.7812416323023376e-05,1.7060821010093538e-05,1.2378505419936639e-07,12.378505419936637,5.80269553442538e-07,1.4595509678250394e-08,0.0,3.2945195609680704e-08,2.773303673319771e-09,23.07468801599624,40.01093890621678,0.0012102493859875289,0.00010984474183435875,0.07508883020008175
39,40,1.7810897125204447e-05,1.7058612781040345e-05,1.2378386247869193e-07,12.378386247869193,5.817118461141132e-07,1.4228256946362204e-08,0.0,3.256037862493413e-08,2.772606503308563e-09,23.076224075456583,40.011307706427765,0.0012103310868589586,0.0001089562931444939,0.07507981009746818
40,41,1.780906145064627e-05,1.705460469196879e-05,1.2377861392352205e-07,12.377861392352203,5.779827701205435e-07,1.2431012130675746e-08,0.0,4.026436250274153e-08,2.7689259145967684e-09,23.08996038456853,40.01576980048592,0.0012107512597866617,0.0012585761035713875,0.0750795028482937
41,42,1.780721332900521e-05,1.705617398314526e-05,1.2378123936298862e-07,12.378123936298863,5.798220977501164e-07,1.3279717505140034e-08,0.0,3.4156291241700813e-08,2.7707790716770798e-09,23.082933810880405,40.013033171367994,0.00121051769847429,0.0005074283863633959,0.07507939657175643
42,43,1.7801831364919504e-05,1.706055879826998e-05,1.2377862499893618e-07,12.377862499893617,5.725216135566733e-07,1.1962699084248995e-08,0.0,3.300962900966377e-08,2.768772903393381e-09,23.088745688353495,40.01222826718158,0.0012111337411492436,0.0004469272980880626,0.07510363640134178
43,44,1.779668346319005e-05,1.7071018390609178e-05,1.2377667519260954e-07,12.377667519260953,5.58496065040652e-07,1.400816904389362e-08,0.0,2.9384163303717543e-08,2.7664480556500153e-09,23.0982066278986,40.01160598103276,0.0012119041815273634,0.00024399575557680826,0.07510859947032182
44,45,1.7794271171076665e-05,1.707705508079256e-05,1.2377624426920485e-07,12.377624426920484,5.485142587867785e-07,1.5540713783991436e-08,0.0,2.9384873444128915e-08,2.765214814623507e-09,23.10337389241424,40.0100735466739,0.0012122759482058822,0.00011523577977675882,0.07511655120151835
45,46,1.7793105755868364e-05,1.7079374063934867e-05,1.237751456404273e-07,12.377514564042729,5.409382703248884e-07,1.7019866970109763e-08,0.0,3.199840899807468e-08,2.7634385484408643e-09,23.115086412647656,40.01111110327114,0.0012124640676787995,0.00013673905678649855,0.0751184248123116
46,47,1.7791178265819698e-05,1.7077520350044404e-05,1.23775401527797e-07,12.377540152779702,5.399901824926311e-07,1.7352582270554664e-08,0.0,3.253974948430862e-08,2.7631139702418474e-09,23.11696907782298,40.009552555882934,0.0012123673361741337,0.00010672676947892153,0.07512589406065341
47,48,1.7787379403455326e-05,1.7067160013805833e-05,1.2377562809541973e-07,12.377562809541972,5.43862405221178e-07,1.7307886764733752e-08,0.0,3.527346956816082e-08,2.76213272244142e-09,23.122395337196696,40.0065795337814,0.0012120024197917673,0.0001512774824715285,0.0751215919698
48,49,1.778283884302066e-05,1.7053004995239866e-05,1.237757005648718e-07,12.37757005648718,5.54752256259958e-07,1.6337434541536087e-08,0.0,3.496845641442754e-08,2.7607953214275004e-09,23.133233802099657,40.00364290004121,0.0012118678610776735,0.000142235026350595,0.07508110197204508
49,50,1.7776403198144913e-05,1.7009684893916818e-05,1.2377489063872643e-07,12.377489063872643,5.869334412083729e-07,1.5356004388105404e-08,0.0,4.0653967992888905e-08,2.7566088150484553e-09,23.177825190196188,39.999777393560045,0.0012112107928800519,0.00023600645264491632,0.07486334275797968
50,51,1.776998146313551e-05,1.701343663503648e-05,1.2377450079654557e-07,12.377450079654556,5.845847752507752e-07,1.6784837304946984e-08,0.0,3.140071474676074e-08,2.7540950060973144e-09,23.211642156609127,39.99821308387004,0.0012119853230239757,0.00011928248645099396,0.07486600238072597
51,52,1.776698688897053e-05,1.7019751008817195e-05,1.2377406503704936e-07,12.377406503704936,5.79013143581963e-07,1.541548845633071e-08,0.0,2.903318307799091e-08,2.7539249817278e-09,23.218116088739805,39.99860282705314,0.001212027313717217,0.00011419614687278341,0.07488418138162739
52,53,1.7760548430550254e-05,1.7024139128228427e-05,1.2377273733108141e-07,12.377273733108142,5.66471300957133e-07,1.4657156947386478e-08,0.0,3.150810708622602e-08,2.7510769020466895e-09,23.256662406821448,40.00145190820871,0.0012117027505744236,0.000232393780397888,0.07490715547285536
53,54,1.7757300559009677e-05,1.7028335838105047e-05,1.2377298579719578e-07,12.377298579719579,5.587958585827331e-07,1.4032479246615315e-08,0.0,3.236339727808626e-08,2.7502270302684082e-09,23.26706397119723,40.000343369183426,0.0012111074165307894,0.0001209229721072194,0.07495557661760031
54,55,1.7754465111192985e-05,1.7026884457575137e-05,1.2377215889381995e-07,12.377215889381993,5.541104213252898e-07,1.497835909820217e-08,0.0,3.47197143005363e-08,2.7470072453782627e-09,23.30341577692927,40.00194853832931,0.00121109696281316,0.00015219624318451303,0.07495266796427912
55,56,1.7752037370342222e-05,1.702376929596796e-05,1.237718673112764e-07,12.37718673112764,5.544533129476736e-07,1.5643959502452028e-08,0.0,3.439893461286277e-08,2.7449954986586643e-09,23.321598209839422,40.00142157289201,0.0012112325306258282,0.00013912015282554013,0.07494627762664453
56,57,1.774779429876748e-05,1.7013386666102356e-05,1.2377112454796216e-07,12.377112454796215,5.60291944632378e-07,1.6113100863405213e-08,0.0,3.423146262137765e-08,2.7420640777948555e-09,23.346426341919813,40.00223421961428,0.0012113123966540653,0.00010575378614237651,0.07491742134863831
57,58,1.7740716195859826e-05,1.6997272098549746e-05,1.237689904857119e-07,12.37689904857119,5.720031474181616e-07,1.583174572716949e-08,0.0,3.184021367903838e-08,2.7365695285486123e-09,23.388671984244418,40.00630076188662,0.0012115247280087508,9.538165929072274e-05,0.07485470560755784
58,59,1.7733895038085318e-05,1.6986624953142618e-05,1.2376725165255787e-07,12.376725165255788,5.660887045754848e-07,1.8362900747145192e-08,0.0,3.905122796751195e-08,2.7296562969691506e-09,23.43191666753419,40.01422708120664,0.0012111503456956538,0.0007370559627965887,0.07485174342409921
59,60,1.773229135244752e-05,1.6983432186874362e-05,1.237688575487655e-07,12.376885754876549,5.686658617317237e-07,1.876648347628583e-08,0.0,3.7657962816382425e-08,2.7326046997099873e-09,23.374551622798837,40.003254436379464,0.001210400358558259,0.0002315490507794322,0.0748596154043389
60,61,1.7728909858065152e-05,1.6992776972275888e-05,1.2376855112092747e-07,12.376855112092747,5.606074005858025e-07,1.7708552412071844e-08,0.0,3.4048381670463285e-08,2.7325732541987564e-09,23.380933234378528,40.004058532618934,0.001210601035050505,0.00015354835466406945,0.07487969060655171
61,62,1.7724104119206558e-05,1.7001509392921638e-05,1.237669532706903e-07,12.37669532706903,5.522437530828498e-07,1.4568168670847956e-08,0.0,3.2015851260532104e-08,2.7294241604594167e-09,23.399388613182587,40.005855798172895,0.0012107238346379542,0.00012092096466323803,0.07489511210212188
62,63,1.7726116127524026e-05,1.701407930937049e-05,1.2376456707065196e-07,12.376456707065195,5.366227722329348e-07,1.2680170899492344e-08,0.0,3.896930795045958e-08,2.7216327500336934e-09,23.446230916294976,40.013490515581196,0.0012109509238688364,0.0016634482252105855,0.07495228800270289
63,64,1.772029196138404e-05,1.700700151951276e-05,1.2376578278539833e-07,12.376578278539833,5.448261113123036e-07,1.3611613612878533e-08,0.0,3.1086934160700015e-08,2.7257147758144614e-09,23.42152037777589,40.00900567098267,0.0012108189667065956,0.0003260635683775952,0.07492192188576949
64,65,1.771700063174539e-05,1.7010277144178458e-05,1.237652343583511e-07,12.376523435835109,5.393434373873922e-07,1.3112295648774763e-08,0.0,3.0502520172415003e-08,2.722760296358234e-09,23.433852340993937,40.01005158403936,0.0012108085765048103,0.0004280045444027515,0.07495106357624172
65,66,1.7712435278427925e-05,1.7014587081387854e-05,1.2376472993673474e-07,12.376472993673474,5.323886680710807e-07,1.245956968772551e-08,0.0,2.9235229344531267e-08,2.7185464191918876e-09,23.44076364097875,40.009806495878976,0.0012107281221265041,0.00011634093441687428,0.07501380150431912
66,67,1.771057411993829e-05,1.701238708085098e-05,1.2376443274943832e-07,12.376443274943831,5.332087115377323e-07,1.2618087895192927e-08,0.0,2.8595806904944373e-08,2.7174044300879655e-09,23.441529853955878,40.0105266452763,0.0012107690060946148,0.00014034257210627162,0.07503009521220481
67,68,1.7709188221530033e-05,1.6999786701483133e-05,1.2376384312303088e-07,12.376384312303088,5.436061136822744e-07,1.4504823007394647e-08,0.0,2.752674023419813e-08,2.716057217998709e-09,23.406051511318342,40.00871306803867,0.0012105173430197432,0.00018742203109989726,0.07507467863066357
68,69,1.7703326579523095e-05,1.6984852535734694e-05,1.237645098867066e-07,12.376450988670662,5.513539324720683e-07,1.4554397682493247e-08,0.0,2.880120374713191e-08,2.7139964350264486e-09,23.431587932005062,40.01157234532144,0.0012102098297514336,0.00020935428998413322,0.07501223842731505
69,70,1.7701147612634188e-05,1.6971686490586898e-05,1.2376510186200438e-07,12.376510186200438,5.617825888575662e-07,1.4337233807879393e-08,0.0,2.9576197519842436e-08,2.7138521299416026e-09,23.434361922603962,40.010430900842756,0.0012098760887341428,0.00016860328786075148,0.07496285680579419
70,71,1.7699275327709465e-05,1.6960707335705165e-05,1.237654107215514e-07,12.376541072155138,5.706568016611218e-07,1.423304750044849e-08,0.0,2.99127321211759e-08,2.7136819171660788e-09,23.42658424447585,40.00889683310566,0.0012095541379883701,0.000101603403025788,0.07494023115607099
71,72,1.7696639465888442e-05,1.6942280878783653e-05,1.2376584574325507e-07,12.376584574325507,5.853658842519023e-07,1.380202732443155e-08,0.0,3.142482978520126e-08,2.7120094803544355e-09,23.41665904621955,40.0068782582881,0.0012090103145764172,0.0001271235278551221,0.07491425687595413
72,73,1.7690991060095703e-05,1.6926507001019723e-05,1.237667550969777e-07,12.37667550969777,5.963447400070067e-07,1.539289308976901e-08,0.0,2.8979670882226272e-08,2.710481478838326e-09,23.4065656926657,40.00332012711734,0.001208446908870927,0.0001015169910587061,0.07486927133163018
73,74,1.768185329982301e-05,1.6919760831196085e-05,1.2376609628247085e-07,12.376609628247085,5.936812790449554e-07,1.2957318087565085e-08,0.0,3.168777521193977e-08,2.7042791831172187e-09,23.402257686354638,40.00084953994814,0.0012079725275840982,0.00015652522403772074,0.0748643701131006
74,75,1.7674452941262405e-05,1.6929648985304407e-05,1.2376605774274947e-07,12.376605774274946,5.759260372480978e-07,1.5167966601610487e-08,0.0,2.994389436553896e-08,2.6995795473005e-09,23.39631377027667,39.99826082848008,0.001207869748916097,0.00012277874628444812,0.07487894016665633
75,76,1.766813587887022e-05,1.6939854283951056e-05,1.2376473730607877e-07,12.376473730607877,5.591554027288767e-07,1.4483151555758427e-08,0.0,3.087830332845125e-08,2.693480974747363e-09,23.406640757042933,39.99923263493601,0.0012079327013638343,0.00015912066016923436,0.07492562536475808
76,77,1.766321806807586e-05,1.6949268876944082e-05,1.237633360194831e-07,12.37633360194831,5.477108448977234e-07,1.3343011086825102e-08,0.0,2.913199912774999e-08,2.6902879485824986e-09,23.41275233835121,39.9984684113026,0.0012080850225990262,0.0001418745939403696,0.0749609485900336
77,78,1.7660641296609597e-05,1.693921969598652e-05,1.237630554934715e-07,12.376305549347151,5.526389747478005e-07,1.4322350177520014e-08,0.0,3.069722020428338e-08,2.6853291697740123e-09,23.426984069351604,40.002441964453844,0.0012079149666091424,0.00016758594721687415,0.07496341541326113
78,79,1.7658170767152537e-05,1.693042864863955e-05,1.2376278977433954e-07,12.376278977433955,5.607254332177126e-07,1.402831244402892e-08,0.0,2.9225583076902197e-08,2.685797041194745e-09,23.426648595443595,40.0015516689426,0.0012078224387486202,0.0001038116335943272,0.07495098966495414
79,80,1.765468886108932e-05,1.6911682177572465e-05,1.2376242698279979e-07,12.376242698279977,5.756946623168854e-07,1.3986650273778835e-08,0.0,2.956294394338925e-08,2.684796701908877e-09,23.426174412943645,40.001386821038444,0.0012074842840917636,0.00012640301670077464,0.07492914670185565
80,81,1.764957746188411e-05,1.6898947256377703e-05,1.2376108695246127e-07,12.376108695246126,5.836039506643142e-07,1.4036753866020864e-08,0.0,2.922841402360901e-08,2.6814502164563544e-09,23.435233169545757,40.00305425208922,0.0012072792125103057,0.00011964253818288502,0.07490649767652519
81,82,1.763793362683675e-05,1.6882039562988477e-05,1.2375817340206188e-07,12.375817340206186,5.859480739239509e-07,1.5672026449555664e-08,0.0,3.051579007270339e-08,2.6709333958703197e-09,23.55589411414836,40.011886063237306,0.0012067533512065006,0.00023577185361673542,0.07488448587830693
82,83,1.7632127209130386e-05,1.6880254818037006e-05,1.2375652932501152e-07,12.375652932501152,5.830609790914903e-07,1.4391665158698533e-08,0.0,3.0663217518179236e-08,2.6685941884629066e-09,23.559558917913357,40.010023351915535,0.0012064346931745546,0.00011749679499644948,0.07485116961579699
83,84,1.7645272611546538e-05,1.6880528548614785e-05,1.2375227729770644e-07,12.375227729770643,5.764134319920724e-07,1.441224289883548e-08,0.0,5.016611074313917e-08,2.6574139199069615e-09,23.66505207730879,40.017492525071745,0.0012062081260770198,0.0023420137991704455,0.07479191688569367
84,85,1.7629908377073553e-05,1.6879591529312087e-05,1.237553309059526e-07,12.37553309059526,5.81180991189816e-07,1.4255887846677052e-08,0.0,3.1124637819018116e-08,2.6655333893752805e-09,23.5880277842981,40.01169739674937,0.0012063391696616158,0.000369225613845078,0.07483512403531252
85,86,1.7626039097596028e-05,1.688480542625098e-05,1.2375356945046748e-07,12.375356945046748,5.746753877613908e-07,1.3793455225047885e-08,0.0,2.9011258908141276e-08,2.6604056018037684e-09,23.62388019753113,40.009958458226166,0.001206294817695621,0.00017052975367480743,0.07480515337357344
86,87,1.7623607592724916e-05,1.688240904227068e-05,1.2375326469627208e-07,12.375326469627208,5.740783046564192e-07,1.3585106160801982e-08,0.0,2.9781874940743476e-08,2.657154107060887e-09,23.6547724127767,40.01087029535056,0.0012061849919388413,0.00015022513380462017,0.07481130482244126
87,88,1.7619013772941685e-05,1.6873474187049848e-05,1.2375275130043862e-07,12.375275130043862,5.767665421393089e-07,1.3765334215966978e-08,0.0,3.125495823612209e-08,2.650130407445177e-09,23.723649209343403,40.01235788549319,0.0012060118840055848,0.00034528724867774257,0.0748367684357769
88,89,1.7616284656982978e-05,1.6868698161437755e-05,1.237527101368917e-07,12.375271013689172,5.790419009220553e-07,1.4028479810889082e-08,0.0,3.076340467538751e-08,2.648226124859145e-09,23.73917345710785,40.01064188836547,0.001206031641333645,0.00011936073957212851,0.07486495085776791
89,90,1.7613846929987217e-05,1.686173296544831e-05,1.2375199671248528e-07,12.375199671248527,5.822930226395297e-07,1.3920166036127178e-08,0.0,3.214877915076144e-08,2.644679041931822e-09,23.76622508014743,40.01042386004553,0.0012059303989042712,0.00012374407642280844,0.07486845837053435
90,91,1.7608865062357503e-05,1.6861525941706717e-05,1.2375081637427035e-07,12.375081637427035,5.790046159853907e-07,1.3853705751996282e-08,0.0,3.072998253912441e-08,2.6401260246204523e-09,23.783304678946934,40.00773118790782,0.0012059726787393317,8.953359774646631e-05,0.07490934353547207
91,92,1.7603475384602008e-05,1.6865195433105543e-05,1.2375002528812029e-07,12.37500252881203,5.71870212859409e-07,1.3331412037031774e-08,0.0,2.9328301311904226e-08,2.635737063016023e-09,23.787380631075496,40.004969779481485,0.0012060455277024167,9.35774760323062e-05,0.074975582806372
92,93,1.7594220230706723e-05,1.6858066819163816e-05,1.2374918060748911e-07,12.37491806074891,5.696429247213628e-07,1.4102305444414506e-08,0.0,2.8659000769642424e-08,2.628152459220389e-09,23.78756950546674,40.000811031644695,0.0012061598336926887,0.00011653136349537926,0.07502233385199507
93,94,1.7584268203957822e-05,1.685516498428705e-05,1.2374611820427113e-07,12.374611820427113,5.686860877623239e-07,1.0964599514699895e-08,0.0,2.5706414189478827e-08,2.6154328578474654e-09,23.794189049529294,39.99621473520005,0.0012055016264151974,0.0001828372919848869,0.07517397675703708
94,95,1.757304718565337e-05,1.6833708673949865e-05,1.2374526031277554e-07,12.374526031277554,5.737140628740832e-07,1.271438594843734e-08,0.0,2.9164802568212783e-08,2.6100634036085442e-09,23.772670896074604,39.99320507120077,0.0012057101499355822,0.00011520862717675714,0.07511986857240213
95,96,1.7564549874691373e-05,1.681977149686826e-05,1.2374400184056593e-07,12.374400184056594,5.779603780079138e-07,1.4154704383890884e-08,0.0,2.8919293590741642e-08,2.606806565479175e-09,23.761148041102285,39.991209568733,0.001205473306565273,0.0001320114842394584,0.07507496694499619
96,97,1.7555452401184867e-05,1.6801810577060436e-05,1.2374241133875008e-07,12.374241133875007,5.819440833064119e-07,1.4804429873962496e-08,0.0,3.315089960530605e-08,2.5980541957225533e-09,23.77799449595479,39.992130030558684,0.001204635668981015,0.00019597194932831444,0.07505821148628017
97,98,1.7549347823231423e-05,1.680479632624805e-05,1.2374126088187915e-07,12.374126088187914,5.78280720078234e-07,1.3118939026936285e-08,0.0,2.941057699632628e-08,2.5983022056674134e-09,23.763330031851915,39.988623426225956,0.0012042771815087751,0.00013560464450461333,0.0750539159323295
98,99,1.7544424112788234e-05,1.6802131866457914e-05,1.2374088630028012e-07,12.37408863002801,5.750155262298365e-07,1.3568871069314331e-08,0.0,2.9966962730889345e-08,2.592192945103544e-09,23.78713832881565,39.98908541390764,0.0012040024509898234,0.0001296434834070162,0.07508812521923305
99,100,1.7538507481387673e-05,1.6801664060440517e-05,1.2374149099728336e-07,12.374149099728337,5.702267578712304e-07,1.3690365384864192e-08,0.0,2.9184806693775293e-08,2.5857541293984777e-09,23.806427527577075,39.98761734214861,0.001203711889693359,0.00016198560083589215,0.07514219054832902
100,101,1.7532842099203907e-05,1.6795384621431947e-05,1.2374200431368127e-07,12.374200431368127,5.745556003447294e-07,1.1693616565796921e-08,0.0,2.7466256547753024e-08,2.5806509939027827e-09,23.81053586921565,39.98544015364578,0.001203536429625996,0.00011993656163391629,0.07513686468388864
101,102,1.7524214947040717e-05,1.677483961055124e-05,1.2374506509093176e-07,12.374506509093177,5.833901035558532e-07,1.3692119791784256e-08,0.0,2.8548048050908898e-08,2.5716319524467034e-09,23.80860492445212,39.98196131747398,0.001203115991507646,8.965885695375272e-05,0.07512329279787261
102,103,1.751880694666676e-05,1.6766766505276617e-05,1.237461084843398e-07,12.37461084843398,5.887395312659081e-07,1.1721572618506006e-08,0.0,2.783322902138388e-08,2.566376564554836e-09,23.80660975663249,39.97987322126854,0.0012032848187266013,0.0001228567787886995,0.07505312925992777
103,104,1.7510202327708895e-05,1.675243633552451e-05,1.2374992792024447e-07,12.374992792024447,5.90362807702798e-07,1.4174609639315758e-08,0.0,2.947864692202608e-08,2.5576919353085422e-09,23.80417808023776,39.978200850503804,0.001203068473628896,0.0001318126524294916,0.07499836651037707
104,105,1.749814336183523e-05,1.67457663478976e-05,1.237526100952079e-07,12.37526100952079,5.907289442347863e-07,7.950934578075595e-09,0.0,2.994452502956312e-08,2.54707088156867e-09,23.79149233543003,39.97544576892171,0.0012031430757144061,0.00018156067028548834,0.07495018842444094
105,106,1.748747832976932e-05,1.673791275547243e-05,1.237571510156608e-07,12.37571510156608,5.870044695908914e-07,1.056055211438861e-08,0.0,2.824340157595032e-08,2.5461071321168774e-09,23.77039052859797,39.97192967809109,0.0012026998134889776,0.000167321852724478,0.07497705740029122
106,107,1.7478914878623042e-05,1.6730798853184836e-05,1.2376193680258315e-07,12.376193680258314,5.782992039174341e-07,1.5055747790006035e-08,0.0,3.099913692818254e-08,2.540412248844126e-09,23.75801111937737,39.97325516212374,0.0012020536158730156,0.00010982317188403005,0.07501338349851025
107,108,1.7473235060780553e-05,1.6733273767311644e-05,1.23762517281235e-07,12.3762517281235,5.728840276622846e-07,1.48568832207768e-08,0.0,2.8457865304611503e-08,2.545953390562515e-09,23.735267081087198,39.970006355399306,0.0012020311182722944,0.00015274618733970922,0.07505839287106623
108,109,1.7466990176883966e-05,1.672429058948243e-05,1.2376429722893452e-07,12.376429722893452,5.739848928233501e-07,1.5203569529159015e-08,0.0,2.9746827820092425e-08,2.5432243417603067e-09,23.7337691429938,39.971030055483816,0.0012021252970554975,0.00011302255796482566,0.07500665171703116
109,110,1.7458508540357077e-05,1.6706595007179102e-05,1.2376709332028223e-07,12.376709332028224,5.792950066919923e-07,1.4344067034272231e-08,0.0,3.450736613142375e-08,2.5408974391946135e-09,23.72388768213946,39.97142492799143,0.0012027350904622214,0.0002865267117194059,0.07487192649487427
110,111,1.745543913929324e-05,1.6703688343530503e-05,1.2376771013980097e-07,12.376771013980097,5.809964063320254e-07,1.3867747268050529e-08,0.0,3.311893202285946e-08,2.542950765558036e-09,23.712331935403483,39.96929612967422,0.0012031733985283202,0.00010108732806578929,0.07483189423526422
111,112,1.7452917956659902e-05,1.6702536786505284e-05,1.2377034285099235e-07,12.377034285099235,5.797334815469583e-07,1.3805239773389064e-08,0.0,3.307210598327949e-08,2.5404393628856535e-09,23.69672136094947,39.968153231837285,0.0012034972703350163,0.0001271971730850536,0.07479003251344694
112,113,1.7446431133033664e-05,1.6703467315661322e-05,1.2377327604699283e-07,12.377327604699282,5.727773584007823e-07,1.40993246260333e-08,0.0,3.231385829853362e-08,2.5367359719525575e-09,23.674058561100445,39.96740268364856,0.0012034591676212897,0.00010594707686770886,0.07479414943348278
113,114,1.743084728737951e-05,1.668397122583433e-05,1.237810892227128e-07,12.37810892227128,5.752137751764782e-07,1.5487314254156665e-08,0.0,3.2393882891829986e-08,2.5255747853835795e-09,23.620458888263837,39.9675608107047,0.0012025340884683567,0.00017613018185760806,0.0747628463306574
114,115,1.7420478148691386e-05,1.6685255084629455e-05,1.2378343349278834e-07,12.378343349278834,5.68605268294962e-07,1.449331899424282e-08,0.0,2.834104327993685e-08,2.5199792154847875e-09,23.57591246869764,39.967498761013864,0.0012020039418824784,0.00015408756164955409,0.07479368714659691
115,116,1.74134152093403e-05,1.667623752881927e-05,1.237886426521749e-07,12.378864265217489,5.693014019123364e-07,1.3555841918035525e-08,0.0,3.0531794038481546e-08,2.512378391544146e-09,23.53056557466527,39.971735625492656,0.001201580124814235,0.00011412894387761421,0.07477129342635083
116,117,1.740556076807891e-05,1.6665714812865377e-05,1.237915676401586e-07,12.379156764015859,5.749658771392342e-07,1.1975936564409848e-08,0.0,2.911257386973301e-08,2.5069148045273595e-09,23.498159139924045,39.97394664678922,0.0012013222007411788,0.00014334414974487926,0.07475159392548265
117,118,1.7399904185443454e-05,1.66523595875059e-05,1.2379841434524195e-07,12.379841434524195,5.813481142340195e-07,1.2187394961277469e-08,0.0,3.021067439701679e-08,2.49907451117769e-09,23.458326587510392,39.979745259669414,0.0012011019435889904,0.00028724806907662385,0.07470997618163248
118,119,1.7395567744506212e-05,1.6649672922797538e-05,1.2379853910912514e-07,12.379853910912512,5.832699085369014e-07,1.1708880699193763e-08,0.0,2.711749336345718e-08,2.4997829755491945e-09,23.457690473854072,39.97774877046686,0.0012012218182997116,0.00012643442177658277,0.07469445465511376
119,120,1.7393221418803202e-05,1.664753553335803e-05,1.2380031215703073e-07,12.380031215703072,5.827033546066439e-07,1.2446572199284058e-08,0.0,2.6735646482208953e-08,2.499389652204767e-09,23.453843772316777,39.977359659974674,0.0012012545272155803,0.00010547181612588769,0.07469468485218055
120,121,1.7388521258051734e-05,1.6644509335308168e-05,1.2380510556940347e-07,12.380510556940347,5.765336597570719e-07,1.4289448140088766e-08,0.0,2.938370927700198e-08,2.498823785428812e-09,23.43559091239952,39.976316178143904,0.0012013423875917933,0.00017908056824150965,0.07471427707019665
121,122,1.7384306290874857e-05,1.664219541275436e-05,1.2380891748862804e-07,12.380891748862805,5.728285023598016e-07,1.5236135969241317e-08,0.0,3.023732230283022e-08,2.4971926928394347e-09,23.419035338790717,39.97603739394977,0.0012013648329404468,0.00020343131274764515,0.07473469654557918
122,123,1.7370922823874477e-05,1.6621671934434995e-05,1.2382088528166732e-07,12.382088528166731,5.763149149623568e-07,1.6919563373142102e-08,0.0,3.2195525822316867e-08,2.488579999853357e-09,23.382005385109885,39.97940418520984,0.001200781166700284,0.0002746905163068631,0.07474601076886195
123,124,1.7354618949146192e-05,1.659940064856745e-05,1.2383237196027976e-07,12.383237196027975,5.826851156408928e-07,1.6986942015900168e-08,0.0,3.1713870961668295e-08,2.4771601929336953e-09,23.35625034445652,39.98641151393303,0.0012002482787274796,0.00017386328594063438,0.07477210848480835
124,125,1.733991027618253e-05,1.6569379281254536e-05,1.2384968108783564e-07,12.384968108783564,5.925239668189256e-07,1.7186741545613206e-08,0.0,3.697060547561785e-08,2.4592764520691174e-09,23.300816098327545,40.007938898244376,0.0011997000507643035,0.00044743769977857137,0.07476295478853288
125,126,1.738390244232327e-05,1.655693470485269e-05,1.238529466131362e-07,12.385294661313617,6.095311268636417e-07,1.2307665317781808e-08,0.0,8.127599867602373e-08,2.4493900564203075e-09,23.429247258538613,40.01758394046161,0.0012001365361435977,0.0036036009411654934,0.07472517623985733
126,127,1.7333428931394172e-05,1.6564679993905042e-05,1.2385053844823862e-07,12.385053844823862,5.971917240062846e-07,1.5443355152756008e-08,0.0,3.2263319881848226e-08,2.4564893218335264e-09,23.30740669917374,40.01023017116333,0.0011997617748934124,0.00017606721823933334,0.0747522931507315
127,128,1.7410050653174737e-05,1.6554245458506268e-05,1.238558793878139e-07,12.385587938781391,6.075166853153171e-07,1.2649464721636911e-08,0.0,1.1178316524370298e-07,2.44724376431952e-09,23.438605796171807,40.023504866279254,0.0012000619231715796,0.004639193291492234,0.07472290896519976
128,129,1.7332539972518317e-05,1.656369300935318e-05,1.2385095296038697e-07,12.385095296038697,5.980093575604699e-07,1.5169886477613685e-08,0.0,3.181676616666827e-08,2.45573599509936e-09,23.317720422836825,40.01121075893713,0.0011997783417462817,0.00016767347171402151,0.07474981870000841
129,130,1.7361080252345888e-05,1.6557068904739063e-05,1.238541698374549e-07,12.38541698374549,6.042449519512032e-07,1.3388475344458744e-08,0.0,6.252375047370855e-08,2.4500987864447064e-09,23.396883157135683,40.01911006623037,0.0011999447408756391,0.002927745162567309,0.0747317487143964
130,131,1.7331923497196775e-05,1.656294101655529e-05,1.238512780825611e-07,12.385127808256112,5.986459102236566e-07,1.4963067143683788e-08,0.0,3.152222519158688e-08,2.455149593995822e-09,23.325785642006238,40.01198603300371,0.0011997913108409211,0.0001896768393085706,0.07474790209274097
131,132,1.7327805556897607e-05,1.6561465708974398e-05,1.2384732586161134e-07,12.384732586161133,6.151619092580672e-07,8.11396402509771e-09,0.0,1.9216648778434465e-08,2.454021280217476e-09,23.320742671667404,40.004964274594386,0.001200914741073725,0.0002755221660211426,0.07470850582349542
132,133,1.732183798327029e-05,1.655727260228821e-05,1.2385105422959757e-07,12.385105422959755,6.062183669056915e-07,1.0710317642877527e-08,0.0,2.3785642203915473e-08,2.4521399509764277e-09,23.3387305828302,40.00835539510683,0.0012005932889473153,0.00019116758368710102,0.0747290617122067
133,134,1.732839457655406e-05,1.6545555552606517e-05,1.238624881735735e-07,12.38624881735735,5.897269560664077e-07,1.6814467018229252e-08,0.0,5.2435112689330165e-08,2.4445719643185086e-09,23.399853147315994,40.016877093008596,0.0012000939639620408,0.0022612357105666015,0.07477592758218113
134,135,1.731826795386831e-05,1.655222257313008e-05,1.2385534852451918e-07,12.385534852451919,5.999313919724743e-07,1.2634197788642254e-08,0.0,2.962444245259831e-08,2.4492472940997306e-09,23.361717547997152,40.01138078372393,0.0012003836362573092,0.0008308843776339409,0.07474599429121921
135,136,1.731525338014804e-05,1.654195536711499e-05,1.2387287090416515e-07,12.387287090416514,5.644350146590898e-07,3.319344938315337e-08,0.0,5.179667808663489e-08,2.4423468222889728e-09,23.35476431252028,40.01469135781793,0.0011996783648979487,0.00043780268544589936,0.074850084783536
136,137,1.7300537278876944e-05,1.653578597895533e-05,1.2386864282027603e-07,12.386864282027602,5.833310231472827e-07,1.8629208876180305e-08,0.0,3.892242507787292e-08,2.442546125813683e-09,23.36498862684337,40.01168563312699,0.0012003145480906942,0.00022333285393413087,0.07479526772737889
137,138,1.7293970352498763e-05,1.6527234656673635e-05,1.2387239545699314e-07,12.387239545699313,5.94040033258779e-07,1.512585565464345e-08,0.0,3.369741145471305e-08,2.4384694088045323e-09,23.392330572429962,40.01227290354238,0.0012006783305644171,0.0003677522994686081,0.07478695162504517
138,139,1.728653552810616e-05,1.6510662985666024e-05,1.2388078843907638e-07,12.388078843907637,6.115045450423417e-07,1.1022234328215418e-08,0.0,2.9464974630503577e-08,2.431503839280601e-09,23.42949953486419,40.012583927077586,0.001201257913602127,0.0003800218575659219,0.07475208117455535
139,140,1.728175519709153e-05,1.6512025671926814e-05,1.238815454098735e-07,12.38815454098735,6.101953858284487e-07,1.0434652216526343e-08,0.0,2.521794170986495e-08,2.4299184450701294e-09,23.447286325732634,40.010005511564614,0.0012013368421732386,0.00015595769813191344,0.07474989416606127
140,141,1.7275713902302864e-05,1.6509866585067774e-05,1.2388951304964792e-07,12.388951304964792,6.013637853800296e-07,1.2919329533427729e-08,0.0,2.767468927198185e-08,2.4248499623032817e-09,23.490958716522282,40.01078176447179,0.0012011519984323868,0.0002632732196425011,0.07480629132925437
141,142,1.726747197133674e-05,1.65063745519585e-05,1.2389483118665454e-07,12.389483118665455,5.959092322313518e-07,1.4660191532874806e-08,0.0,2.6633164427358655e-08,2.4217972983289355e-09,23.518945613907313,40.00924996538069,0.0012004900399264734,0.00016087002203825517,0.07485579237924919
142,143,1.7258922360558926e-05,1.6500598020372488e-05,1.2389910619825982e-07,12.389910619825981,5.919831057488502e-07,1.3944698561810663e-08,0.0,2.8497429677518088e-08,2.419891818089092e-09,23.53726088353757,40.00832230642962,0.0011997772772225686,0.0001231969886594348,0.07490517828152435
143,144,1.724572318451931e-05,1.649153644257682e-05,1.239063839319335e-07,12.390638393193349,5.881210226707666e-07,1.2726798571217684e-08,0.0,2.943253676857496e-08,2.4174335401687362e-09,23.54546615958514,40.00618147614654,0.0011988296768405734,0.00011447840519597738,0.07499102510734329
144,145,1.72277241354658e-05,1.64725008282776e-05,1.2392312191862428e-07,12.392312191862427,5.858553661223606e-07,1.2434287755924688e-08,0.0,3.3010531391288435e-08,2.4134787230784522e-09,23.54897054754337,40.004718721581504,0.001197122513881671,0.00013638903591910116,0.07510868893701902
145,146,1.721149959281078e-05,1.6460024314500197e-05,1.239440400297665e-07,12.39440400297665,5.819148114865357e-07,1.2412540615294493e-08,0.0,3.3203886178988406e-08,2.4101498659241987e-09,23.542589279674687,40.002758393566225,0.0011960838827336047,0.00014203925171115935,0.07528492890607907
146,147,1.7198769814909684e-05,1.6437796383918174e-05,1.2396749084428966e-07,12.396749084428965,5.947006543226561e-07,1.2259834613161868e-08,0.0,3.004545121140452e-08,2.4076144892214767e-09,23.538401647337523,40.00470002189802,0.0011944282212302112,0.00017189870875202346,0.07532580877317857
147,148,1.719067810649098e-05,1.642865980399949e-05,1.2397826484643598e-07,12.397826484643597,6.022665267047727e-07,1.1045823019327229e-08,0.0,2.4727687920951952e-08,2.410299808880374e-09,23.50082621256476,39.99956774613369,0.0011933917075980368,0.0001682157836025322,0.0752560578356365
148,149,1.7184482306629886e-05,1.6416725540458093e-05,1.2398615164956707e-07,12.398615164956706,6.069310752313614e-07,1.2246119684355948e-08,0.0,2.4593419606508716e-08,2.4099465979072e-09,23.50575182652385,40.00027127642726,0.0011928721501015148,0.00016482860192958433,0.0752175422188354
149,150,1.7167716267184294e-05,1.63935373795557e-05,1.2400442100712937e-07,12.400442100712937,6.095107643844943e-07,1.3349291057545866e-08,0.0,2.7314411179423615e-08,2.4122024935287183e-09,23.504013962652458,40.00334171016849,0.001191954473583018,0.00016802586331240827,0.07517167998468945
150,151,1.73622160979206e-05,1.6365028391515267e-05,1.240291603219897e-07,12.40291603219897,6.203185214946686e-07,2.2322954762402851e-07,0.0,2.9610476964643146e-08,2.416046248103465e-09,23.465585456359474,40.008468297210115,0.0011907934685806544,0.0016625068284545005,0.07505412244907672
151,152,1.7165594718904195e-05,1.6390976529555384e-05,1.2400632922613758e-07,12.400632922613758,6.1033050970282e-07,1.3475040815802127e-08,0.0,2.6806309604052286e-08,2.412487469751202e-09,23.50101143414232,40.003514582057,0.0011918595526196137,0.00014030603887884782,0.07516230512747421
152,153,1.723666978162896e-05,1.6372960261646253e-05,1.2402133846559482e-07,12.402133846559483,6.168635225698453e-07,9.648262141629722e-08,0.0,2.6342037530968873e-08,2.414796557789471e-09,23.47761927601761,40.00618040528079,0.00119113224464469,0.0010193046027906164,0.07509037104419825
153,154,1.7163951722003935e-05,1.6388899422054504e-05,1.2400791195594394e-07,12.400791195594394,6.110124539519271e-07,1.3584724805803951e-08,0.0,2.644720923575684e-08,2.412725328173992e-09,23.49852595834357,40.00368673236059,0.001191781325051368,0.00012079382973898575,0.0751545691501164
154,155,1.7450971752505487e-05,1.6356668315488058e-05,1.2403309478601566e-07,12.403309478601567,6.20650218116347e-07,3.264810038557026e-07,0.0,2.31391202593611e-08,2.424124208060227e-09,23.38966041231925,40.00198743670548,0.0011903429733886406,0.0017951728523336614,0.07503491850233654
155,156,1.716152315892992e-05,1.6385479912341393e-05,1.2400978024968144e-07,12.400978024968143,6.116799193970511e-07,1.4783568055119043e-08,0.0,2.5569978886677652e-08,2.413574518937164e-09,23.49014824223419,40.003120633893644,0.001191650903772342,0.00015331942365861387,0.07514546700003488
156,157,1.7660529979585313e-05,1.6572813880011373e-05,1.2400534093987657e-07,12.400534093987657,6.212098937038106e-07,3.754783645347436e-08,0.0,3.0495302847677914e-07,2.4686249145801374e-09,23.068755580231105,40.03588131995832,0.0011988252443145262,0.0032692592611513155,0.07460902839578215
157,158,1.7143688602957656e-05,1.6375817906150463e-05,1.2400661939121752e-07,12.400661939121752,6.121108189818847e-07,1.321216630294511e-08,0.0,1.8541092131149536e-08,2.4251678356043326e-09,23.387325993967202,39.99431362285909,0.0011915213370628456,0.0002351513601324367,0.07514743998021856
158,159,1.713484108681348e-05,1.6366568903797845e-05,1.240070791808442e-07,12.40070791808442,6.093306477650108e-07,1.1708155342645546e-08,0.0,2.322630072713644e-08,2.4258821830473025e-09,23.38731557434771,39.99707106406125,0.0011913641338655435,0.00012891009614918945,0.07519906232948396
159,160,1.712935637330201e-05,1.6359754143696185e-05,1.2400806669925935e-07,12.400806669925935,6.062964049796748e-07,1.2086191014955117e-08,0.0,2.7211566911932506e-08,2.4266024549797487e-09,23.38176907309017,39.99865705134445,0.0011909838184517843,8.796650976384082e-05,0.07519146708344403
160,161,1.7125579310241728e-05,1.6354782908940873e-05,1.2400825424466507e-07,12.400825424466506,6.051104560542513e-07,1.2652946208529169e-08,0.0,2.9024744793412898e-08,2.4274088296695525e-09,23.372338243582398,39.998044833340124,0.0011906215262769498,0.00011742227936400651,0.07516560360107595
161,162,1.7121407736810465e-05,1.6353806831214003e-05,1.2400822459802165e-07,12.400822459802164,6.002369954392625e-07,1.2625606282214937e-08,0.0,3.073007927696406e-08,2.4288401170688534e-09,23.3665378308354,39.99938190688597,0.0011902699691182259,0.00012776720484233972,0.07516664170408538
162,163,1.7114477744231273e-05,1.6353469360393377e-05,1.2400828659314278e-07,12.400828659314278,5.949980666777532e-07,1.3136485495822209e-08,0.0,2.8865545071177825e-08,2.4296717508741033e-09,23.3749781907519,40.00104946818625,0.0011903568401612223,9.585272212140455e-05,0.07518768220533786
163,164,1.710670039840389e-05,1.6351133872858067e-05,1.2400816621288704e-07,12.400816621288705,5.912906697047702e-07,1.2599616628453406e-08,0.0,2.7668072999711973e-08,2.4314953543556853e-09,23.38762286126306,40.00413227177698,0.001190480513397873,8.401554174194648e-05,0.07520514170508348
164,165,1.7099066759994624e-05,1.6347469697520998e-05,1.2400816008863682e-07,12.400816008863682,5.897318122622364e-07,1.28932673585685e-08,0.0,2.496382276418678e-08,2.4328779112887494e-09,23.408066953008067,40.00666839863628,0.00119086858240926,0.00011463666107490855,0.07522816868125304
165,166,1.7100031679812706e-05,1.634102186685636e-05,1.2400827368016501e-07,12.4008273680165,5.863110386137944e-07,1.2206074752820446e-08,0.0,3.648442590956291e-08,2.435748721387654e-09,23.474683393919797,40.0156336334219,0.001190947790340548,0.0014956295016121735,0.07523885727375561
166,167,1.709406736437762e-05,1.6343577643274114e-05,1.2400819383851489e-07,12.400819383851488,5.878869273401478e-07,1.2483046164490211e-08,0.0,2.6111553760351174e-08,2.4343429313681134e-09,23.428577491634492,40.01093633753384,0.0011908906162379105,0.000188137888753383,0.07524117599708612
167,168,1.7086632393212824e-05,1.6334413401022768e-05,1.2400751500666363e-07,12.400751500666363,5.903442817448781e-07,1.120736544072125e-08,0.0,2.665982999779692e-08,2.435923549341736e-09,23.483606425477763,40.00973260299419,0.0011907813082410422,0.0001431284631464593,0.07520033200595233
168,169,1.708430352866927e-05,1.632777974369421e-05,1.240077372163336e-07,12.400773721633358,5.90518111963429e-07,1.1490403155160284e-08,0.0,3.050753264013639e-08,2.4371933321803762e-09,23.51492127732813,40.0118389225231,0.0011906471751393808,0.0009027037383348728,0.07518767766498434
169,170,1.7080675208744076e-05,1.6315527566023194e-05,1.2400847184379744e-07,12.400847184379742,5.923642564743545e-07,1.3335140688242485e-08,0.0,3.543977371448194e-08,2.4403243904173672e-09,23.534549190173806,40.0095320673801,0.001190022132444981,0.00021392219097963064,0.07519848053154306
170,171,1.707367802291861e-05,1.6321722822757972e-05,1.24007616169199e-07,12.400761616919901,5.894088907487485e-07,1.208244741470583e-08,0.0,2.645624582798636e-08,2.4387527480593054e-09,23.51995825808497,40.007930739626495,0.0011902897581624863,0.00010619043547444788,0.07518592461404473
171,172,1.7068824298325692e-05,1.6320643521930127e-05,1.2400777994412031e-07,12.400777994412032,5.846907256474458e-07,1.2342613606193043e-08,0.0,2.713965719780888e-08,2.438599399388822e-09,23.548782886899982,40.00875526483715,0.0011904271143741373,0.0003252644318805497,0.07519897332190745
172,173,1.7062075669805213e-05,1.6322564618530892e-05,1.2400807048253728e-07,12.400807048253728,5.754896694182282e-07,1.308093905218438e-08,0.0,2.6932372321375688e-08,2.437997076588122e-09,23.61539938766436,40.0087916768837,0.0011905989593996463,0.0006213738146910967,0.07524314435676217
173,174,1.705698501054261e-05,1.6323743889003882e-05,1.2400824184163656e-07,12.400824184163657,5.703916143136619e-07,1.3261915117181558e-08,0.0,2.5579350266242873e-08,2.4375278538543673e-09,23.662576014505376,40.00814270118306,0.0011906324821847791,0.0004714591192841356,0.07528514828077001
174,175,1.7050643919606446e-05,1.632177145035431e-05,1.2400821728019744e-07,12.400821728019745,5.670821234654627e-07,1.2827919771474928e-08,0.0,2.4954208735001064e-08,2.43741505027413e-09,23.724860784995883,40.00849074867987,0.0011906292906159132,0.00036405543143555174,0.0752465220127215
175,176,1.7043003205422692e-05,1.6314672966141926e-05,1.2400794093925803e-07,12.400794093925803,5.678748861805087e-07,1.1801079661757455e-08,0.0,2.464633249924154e-08,2.4377648907645243e-09,23.772979025366205,40.00924355357137,0.0011905516180665049,0.00013009308563135535,0.07519323757325676
176,177,1.7044093019136666e-05,1.6304492570623848e-05,1.24007835067007e-07,12.400783506700698,5.685408448906774e-07,1.1350445922508644e-08,0.0,3.570132263262419e-08,2.4392019779896117e-09,23.85922438834553,40.01543237996262,0.0011906325261049986,0.0007932346261282653,0.07512726855219956
177,178,1.7039813318283704e-05,1.630926161624518e-05,1.240078494597476e-07,12.40078494597476,5.681229218775236e-07,1.1503624047102883e-08,0.0,2.691730665415079e-08,2.4384181111420974e-09,23.814185910419223,40.01183998650522,0.001190566029187384,0.00026225274113636775,0.07516121721250552
178,179,1.7034249496643157e-05,1.6299164900266613e-05,1.2400727406675135e-07,12.400727406675134,5.73691430313452e-07,1.0810773540515911e-08,0.0,2.6575118455821198e-08,2.438917960799933e-09,23.803056258184526,40.00964829083436,0.001190629003897982,0.00013820006631414775,0.07513461935163866
179,180,1.7030231306440494e-05,1.629140012670244e-05,1.2400758400915087e-07,12.400758400915088,5.76457327969113e-07,1.1200427338920906e-08,0.0,2.71658404208718e-08,2.440318225254936e-09,23.775683447033327,40.00851339032915,0.001190526332170636,0.00014499308252958207,0.07514469652466114
180,181,1.7018405111661606e-05,1.6274364922187893e-05,1.240079615167742e-07,12.400796151677419,5.811172434139121e-07,1.2202883668499635e-08,0.0,2.6712100874527488e-08,2.4423323366699428e-09,23.75183267401581,40.005573216886866,0.001189871603274867,9.254396961932447e-05,0.07518846978256476
181,182,1.700629809872727e-05,1.6258030945192185e-05,1.2400864869260376e-07,12.400864869260374,5.84971103995759e-07,1.3596223443790518e-08,0.0,2.569117740293474e-08,2.444202600543403e-09,23.772023791689733,40.00479390781214,0.0011891636303507209,0.00018115283550647392,0.07509603094997172
182,183,1.699387809655661e-05,1.624771947528135e-05,1.2400902677574684e-07,12.400902677574683,5.8293285149187e-07,1.4415735938655434e-08,0.0,2.4801007068986907e-08,2.443081170740122e-09,23.865370687533108,40.00495170154795,0.001188651339103878,0.00014014299873860988,0.07500911625268707
183,184,1.698608607045858e-05,1.6245126735030054e-05,1.240087908078293e-07,12.400879080782932,5.761531775660838e-07,1.3423829237323481e-08,0.0,2.7373537817294973e-08,2.4438863010840735e-09,23.993625258661886,40.012994880197795,0.0011884537254030214,0.0006055409827997319,0.07499521657923616
184,185,1.6980005175681542e-05,1.6249647714077577e-05,1.2400725089378857e-07,12.400725089378858,5.765585952513936e-07,1.0323913504488797e-08,0.0,1.9467701954293136e-08,2.439841336057054e-09,24.003169788482303,40.00673152583911,0.0011886278306978205,0.0001511924332443592,0.07504664204055325
185,186,1.6976204857869375e-05,1.6244234670514448e-05,1.240072574686516e-07,12.40072574686516,5.752183235167918e-07,9.929113405536203e-09,0.0,2.2815492963951205e-08,2.4379541015695453e-09,24.085130966040875,40.00884658559644,0.0011888414796718345,0.000654852790486888,0.07507048684605044
186,187,1.6972722555665036e-05,1.623350695975609e-05,1.2400719858414924e-07,12.400719858414924,5.808771134559186e-07,9.430873110776322e-09,0.0,2.4900410758097733e-08,2.4381315093586844e-09,24.08308016737155,40.00790538401678,0.0011887883106779045,0.0001436660781243339,0.0750643736535722
187,188,1.697061517893547e-05,1.6225722557842004e-05,1.2400720683749092e-07,12.400720683749093,5.846268605734983e-07,9.541646237601416e-09,0.0,2.6716907444871634e-08,2.4375284423969544e-09,24.120478682425663,40.008401493701406,0.001188816020080177,0.00023473710111052934,0.07504556038142551
188,189,1.6967829205975255e-05,1.622079836970498e-05,1.2400730393647112e-07,12.400730393647112,5.863081524342172e-07,1.0086894055551957e-08,0.0,2.662848584403617e-08,2.4374285200980713e-09,24.150485453479668,40.008170475358476,0.001188860735843919,0.00027807961535924113,0.07500988472346996
189,190,1.6961570860976036e-05,1.6215644799273873e-05,1.240077213376159e-07,12.400772133761588,5.852558751259698e-07,1.1243803373301351e-08,0.0,2.5418661865276752e-08,2.4374403893357703e-09,24.20116959725592,40.007751802328855,0.0011888860008628871,0.00035553445310428273,0.07497431519608574
190,191,1.6949794734677068e-05,1.6210636239219074e-05,1.2400818526346702e-07,12.4008185263467,5.805512253666214e-07,1.2621304463686993e-08,0.0,2.1977780364218003e-08,2.436771295572487e-09,24.278802460685796,40.00711461259413,0.0011886758441553413,0.000303431003023273,0.07494988878461817
191,192,1.693568343194036e-05,1.620581963311462e-05,1.2400847714478931e-07,12.400847714478932,5.729332163103129e-07,1.2949428213385215e-08,0.0,1.9972677157254564e-08,2.4352493275380685e-09,24.372836519692825,40.00896816298411,0.0011883128835641374,0.0003560561524931326,0.07496470889632022
192,193,1.6929867644844263e-05,1.6193999508148057e-05,1.2400771320034423e-07,12.400771320034423,5.722419520423144e-07,1.1549914362541186e-08,0.0,2.80685570910058e-08,2.4327566862086505e-09,24.432008102823907,40.01028986203997,0.001187321779686661,0.0008641219480683193,0.07494689440091716
193,194,1.6919781902484123e-05,1.6196567757803518e-05,1.240065179404903e-07,12.40065179404903,5.703227290085336e-07,9.52968415047297e-09,0.0,1.935521358110749e-08,2.429458302337295e-09,24.365820701443287,39.99947658258042,0.0011870839681220897,0.0002107663117516879,0.07501372572855912
194,195,1.691324679763827e-05,1.618752684870477e-05,1.2400765368765345e-07,12.400765368765345,5.690903380237204e-07,1.0520652052172306e-08,0.0,2.2101305169948136e-08,2.429057947982906e-09,24.386201791433123,40.00238820347405,0.0011870535968318881,0.00012474296830047868,0.07502508194506095
195,196,1.690867877915788e-05,1.6169474458654813e-05,1.2400841432844491e-07,12.40084143284449,5.727466763000026e-07,1.1562488538417101e-08,0.0,3.0886741336200735e-08,2.4276651310919195e-09,24.411397153682685,40.0070587979269,0.001186528497719459,0.0004503275840662475,0.07499438640875165
196,197,1.6904928623147914e-05,1.6165791114701738e-05,1.240080132734519e-07,12.40080132734519,5.757881877334947e-07,1.0956860074161265e-08,0.0,2.838444736506798e-08,2.427426679510223e-09,24.386957189261704,40.004352521782096,0.0011862998588779662,0.0002558437221570648,0.07497465782683267
197,198,1.6899113993597936e-05,1.615025132645194e-05,1.2400774160067084e-07,12.400774160067085,5.840563546106815e-07,1.0912190134757395e-08,0.0,2.988638079989058e-08,2.4269326882559226e-09,24.356809866379727,40.00090233497503,0.0011856428442774327,0.0001470128952925235,0.07490810702245942
198,199,1.689347794434607e-05,1.6139289028131306e-05,1.240077607159582e-07,12.400776071595821,5.895687112240809e-07,1.1513358916367807e-08,0.0,2.9099085358356805e-08,2.427376907911896e-09,24.352632691982755,39.998671654854874,0.001185197853909529,0.00012448199841598226,0.07484495122434598
199,200,1.6882939250225646e-05,1.612611876617464e-05,1.2400830709726644e-07,12.400830709726645,5.927774831762793e-07,1.296459083809436e-08,0.0,2.7070102939364468e-08,2.4294395487978585e-09,24.39486227274088,39.99814739501635,0.0011849068860483722,0.00018945910488104504,0.074758903908971
200,201,1.6874645948385927e-05,1.6121070412216856e-05,1.2400874740757274e-07,12.400874740757272,5.925231875364383e-07,1.3953862942283803e-08,0.0,2.3089738282772287e-08,2.431762203665573e-09,24.458614419727606,39.99877318667821,0.0011850657287676555,0.0001845973307927212,0.07472585907573671
201,202,1.686622734065533e-05,1.6117459421218586e-05,1.2400874629783832e-07,12.400874629783832,5.888230293241061e-07,1.3417639927841522e-08,0.0,2.251850388695906e-08,2.433361913999032e-09,24.532451437121722,40.00147172177146,0.0011854105855596962,0.0001565439334531537,0.07475186988893492
202,203,1.68488691793991e-05,1.6104271857727082e-05,1.2400893868055682e-07,12.400893868055682,5.854376513492e-07,1.2808150865379905e-08,0.0,2.2342580776881704e-08,2.4363182444607097e-09,24.67308050428047,40.00803620867018,0.0011858261422277184,0.0002224465857782129,0.07480924222305146
203,204,1.6841239012858574e-05,1.6099339196559617e-05,1.2400720608353551e-07,12.400720608353552,5.764152587523469e-07,9.992410121888277e-09,0.0,3.148494134118785e-08,2.439532563892522e-09,24.762430108849077,40.01199687638662,0.001186317507613656,0.0016127651552633997,0.07498435739202024
204,205,1.684152780476483e-05,1.610064810389693e-05,1.2400253366754974e-07,12.400253366754972,5.813776756335109e-07,6.418787284599658e-09,0.0,2.9080704282243788e-08,2.43790444985789e-09,24.632165230616295,39.99510606589998,0.0011862035193262984,0.00030657279693143975,0.07502485285290166
205,206,1.683290160006841e-05,1.609836235623909e-05,1.2400527667553982e-07,12.400527667553982,5.782759057797458e-07,8.218771359944898e-09,0.0,2.4039290014087608e-08,2.4388500524081694e-09,24.709658834633004,40.004589248377044,0.0011862051414195719,0.0001895513029501133,0.0750294508953951
206,207,1.6825824031113885e-05,1.6087156804172996e-05,1.2400848000740635e-07,12.400848000740634,5.792604293010995e-07,1.2668784864407959e-08,0.0,2.2729532767973048e-08,2.440291444175368e-09,24.739820221356183,40.0073881460497,0.001186065708742134,0.00013274084169060684,0.07498147819080263
207,208,1.682203243997732e-05,1.6085819465503646e-05,1.240077746025105e-07,12.40077746025105,5.758609882251083e-07,1.0370505520867087e-08,0.0,2.5973706125186815e-08,2.4421404535246395e-09,24.733358622789964,40.01144393945417,0.0011859541727909572,0.0002944460101988739,0.07495679611364969
208,209,1.6816846905308455e-05,1.6095923664622734e-05,1.240052371302969e-07,12.400523713029688,5.675334873726605e-07,6.086029816188465e-09,0.0,2.329848636657806e-08,2.442762622535931e-09,24.695359492104622,40.00940229491321,0.001186018048763492,0.00017299717897285684,0.07495661296292745
209,210,1.6812904510586674e-05,1.6091584980993295e-05,1.2400601680580334e-07,12.400601680580333,5.649159202194989e-07,7.806778144631052e-09,0.0,2.4590814423450026e-08,2.443222471995309e-09,24.698782147450142,40.01069226231067,0.0011859702193571737,0.0002746376200899788,0.07500482960413206
210,211,1.6808536534393224e-05,1.608803571117515e-05,1.2400777997275132e-07,12.400777997275132,5.608036621924938e-07,1.2094760816163958e-08,0.0,2.3594620236665173e-08,2.4426590017882065e-09,24.702092323477565,40.00971570150007,0.0011857466631204462,0.0001518518099144568,0.07508735095131346
211,212,1.6806316711812945e-05,1.608623607226121e-05,1.240078615033632e-07,12.400786150336321,5.608092304783824e-07,1.1669570631043369e-08,0.0,2.3593976938947776e-08,2.4439693966829813e-09,24.691295696115585,40.01011217333547,0.0011855998657495609,0.00014298672256557508,0.07509525901575777
212,213,1.6800720167389002e-05,1.608078558337904e-05,1.2400805461736292e-07,12.400805461736292,5.617657071690827e-07,1.1354234092656255e-08,0.0,2.280658813086052e-08,2.4464697688470526e-09,24.679893896486554,40.01053465945185,0.0011852658235804278,0.00036991277647894144,0.07509101100101917
213,214,1.6794602949113105e-05,1.6067918789063772e-05,1.240081788096444e-07,12.40081788096444,5.687052240225674e-07,1.1367533015685936e-08,0.0,2.2603224201434837e-08,2.44681845019398e-09,24.69684318244967,40.008815132625195,0.0011846675357694931,0.00013769384127470833,0.07505674953550215
214,215,1.6790311112904875e-05,1.6055421471853052e-05,1.2400780595756692e-07,12.400780595756691,5.751858577080271e-07,1.0844152728693627e-08,0.0,2.4851824657532053e-08,2.4483329343182265e-09,24.723027234343395,40.01086820524523,0.0011843162680427444,0.0002175664414485399,0.07500268739312704
215,216,1.678517441507687e-05,1.6039596105653422e-05,1.2400754597361628e-07,12.400754597361626,5.852036359634609e-07,1.10455483308029e-08,0.0,2.532157915556856e-08,2.4476457579637093e-09,24.757051804822805,40.01021455621587,0.0011840002998845457,0.00013473733921506457,0.07492631967429611
216,217,1.6780725809597606e-05,1.6036415372283447e-05,1.2400728862163006e-07,12.400728862163007,5.839146215300948e-07,1.0954335382274086e-08,0.0,2.5434191780158465e-08,2.4466504218111354e-09,24.79302288559397,40.01042071512705,0.001184046838052543,0.00012824511512882363,0.07494995077061456
217,218,1.677211186522753e-05,1.6032842483495197e-05,1.240070245722144e-07,12.40070245722144,5.798862364903031e-07,1.0735795358986136e-08,0.0,2.4640325310825065e-08,2.445365168483921e-09,24.829296801583858,40.010183801230085,0.0011844531008195051,0.00014190630611110542,0.0749763018061464
218,219,1.6763675842299187e-05,1.6029900120467337e-05,1.240073718580166e-07,12.400737185801662,5.737129332684882e-07,1.056379019077072e-08,0.0,2.5491626514575074e-08,2.4451525569616054e-09,24.85691437444232,40.01198814254181,0.0011847249872639666,0.0005001299971791895,0.07504329487275375
219,220,1.675886594232961e-05,1.6040518665856424e-05,1.2400654657778063e-07,12.400654657778063,5.661689005538542e-07,8.195354939109606e-09,0.0,1.9976474402443953e-08,2.4429377963291887e-09,24.829400572077798,40.00670669913406,0.0011853899140153747,0.00019017124909138236,0.07504295672995305
220,221,1.675343227620901e-05,1.6027352268002726e-05,1.2400731217710355e-07,12.400731217710355,5.72832795934332e-07,9.609465158711617e-09,0.0,1.9630434936137052e-08,2.444939649796748e-09,24.803480402955614,40.00876171915921,0.0011846925922739408,0.00019442500391523564,0.07501271284559737
221,222,1.6751568486769726e-05,1.6007023995140487e-05,1.2400774771756374e-07,12.400774771756373,5.842510071293824e-07,1.0882465426442571e-08,0.0,2.540327135584915e-08,2.4482983096567387e-09,24.756336553644466,40.01305952471019,0.0011833530429094037,0.0007935931044191304,0.07497533375969631
222,223,1.6748224480596705e-05,1.600348701707246e-05,1.2400788074066165e-07,12.400788074066163,5.875674492420909e-07,1.1770788647121054e-08,0.0,2.1391344894372795e-08,2.447162150667914e-09,24.749003148255397,40.00919765925681,0.0011827869683618555,9.314685969876787e-05,0.07496712786272908
223,224,1.6746953454715515e-05,1.5998851638249124e-05,1.2400766890238202e-07,12.400766890238202,5.906826609237733e-07,1.1271215355399563e-08,0.0,2.2140271284834226e-08,2.4468025852717413e-09,24.7449709624981,40.009311085928886,0.0011828206354750942,9.743715912231263e-05,0.07493523675661161
224,225,1.674437668516334e-05,1.5991337259035752e-05,1.2400740241666933e-07,12.400740241666933,5.958641387102681e-07,1.0917335642058038e-08,0.0,2.2250549358593122e-08,2.447011007115865e-09,24.734623052324864,40.009909327778885,0.0011825758469076733,0.00016142204413875335,0.07491603922037847
225,226,1.6739781441669274e-05,1.5973695492607845e-05,1.2400693806022472e-07,12.400693806022472,6.080472238975348e-07,1.0524498485596718e-08,0.0,2.3507288618073912e-08,2.4472684290300937e-09,24.7211982305153,40.01077422450861,0.001181892563523591,0.00021909876375640882,0.0749020507592629
226,227,1.6735982251443883e-05,1.5966426659754794e-05,1.2400676160815283e-07,12.400676160815284,6.116749713603216e-07,1.0269374723767827e-08,0.0,2.36044839968435e-08,2.447633407037785e-09,24.709738721830846,40.010293776759596,0.0011816076435284986,0.00019851855436908163,0.07492735569713864
227,228,1.6732520728879428e-05,1.5965851719367838e-05,1.24006677908457e-07,12.400667790845699,6.080443781406777e-07,9.697169136342814e-09,0.0,2.4920784326112657e-08,2.4472301726689964e-09,24.73053971800208,40.0089611561933,0.0011817589584077978,0.00010121069560763272,0.07499853995076482
228,229,1.6730997785927914e-05,1.5971082633021072e-05,1.2400702883148513e-07,12.400702883148512,6.034006087641915e-07,9.777332987041474e-09,0.0,2.273018232412593e-08,2.4473619233743753e-09,24.733323753431478,40.007920555850944,0.0011819864249954584,7.307807658116507e-05,0.07503110354858272
229,230,1.672921149284334e-05,1.5975601676740354e-05,1.240073747905068e-07,12.40073747905068,5.978469234216887e-07,1.0020983484403416e-08,0.0,2.173453440638637e-08,2.4475822352671893e-09,24.7420975944627,40.00747075150235,0.0011821565562430887,7.338886097196908e-05,0.07506497837379593
230,231,1.672611482320563e-05,1.5975721251894975e-05,1.240076728378495e-07,12.400767283784951,5.950910494600838e-07,1.0549339865386693e-08,0.0,2.074550914733351e-08,2.447988739338758e-09,24.75402263085948,40.00702668965181,0.0011821233108750238,8.687761463078139e-05,0.07509046413200686
231,232,1.6717947667449447e-05,1.5967120819707596e-05,1.240082013753799e-07,12.400820137537991,5.929983392552043e-07,1.1708724004477814e-08,0.0,2.21115831067847e-08,2.449778822805275e-09,24.78741908840389,40.008254444884415,0.001181598388070377,0.0001767149540608488,0.07516266714915303
232,233,1.6712656016810937e-05,1.595955046663686e-05,1.2400799694804008e-07,12.40079969480401,5.947843940534602e-07,1.193220945560587e-08,0.0,2.2380949716971244e-08,2.450840428557905e-09,24.81455670537317,40.008215286059304,0.001181176532487907,9.448699634541113e-05,0.07517249298649245
233,234,1.6710274538406312e-05,1.594746358007265e-05,1.2400771105129146e-07,12.400771105129145,6.030221609312357e-07,1.1306778935752646e-08,0.0,2.4474307415384633e-08,2.4517195620121698e-09,24.820501486952516,40.01001209868405,0.0011806322373972772,0.00011425603690076463,0.07518293259105024
234,235,1.6709059271717358e-05,1.5941999858944434e-05,1.2400711165799273e-07,12.400711165799272,6.084391522328561e-07,1.0439342338147126e-08,0.0,2.4173806543927276e-08,2.4515101209900397e-09,24.817508976255834,40.00900460757368,0.0011804207569312464,9.655752403135847e-05,0.07516553204706083
235,236,1.6708338391437914e-05,1.5940050727314825e-05,1.2400697703920127e-07,12.400697703920127,6.104475672857199e-07,1.0021277215791784e-08,0.0,2.381184258237693e-08,2.4515491567872374e-09,24.81870832031808,40.009201367882156,0.0011803524281571247,6.575565298169638e-05,0.07516828665430221
236,237,1.6706975260796328e-05,1.5936606155657973e-05,1.2400701128063127e-07,12.400701128063126,6.131843982850363e-07,9.694406303774653e-09,0.0,2.3483289268911082e-08,2.451341028715063e-09,24.834616832541847,40.009026753381576,0.0011802236881370825,9.305426214622462e-05,0.07516273900316908
237,238,1.6705370624748136e-05,1.5935681644351453e-05,1.2400701594190043e-07,12.400701594190043,6.133716155319137e-07,9.476783601038166e-09,0.0,2.2833565321828605e-08,2.4509325873117814e-09,24.85988242571524,40.00804605276996,0.0011802123698791875,0.00010796192826501373,0.07517446231354177
238,239,1.6700906125081594e-05,1.5933425559776628e-05,1.2400723960378692e-07,12.400723960378693,6.11077338780364e-07,9.759630483933005e-09,0.0,2.263635643688314e-08,2.4506264968897004e-09,24.92527901374122,40.00713078817006,0.0011801650060986931,0.00012734402755205533,0.07519718678606001
239,240,1.669340313923779e-05,1.5929249165129328e-05,1.2400742924361814e-07,12.400742924361815,6.067747798027098e-07,1.0211441116514682e-08,0.0,2.316032394561544e-08,2.4509553256826318e-09,25.025852420780303,40.007286417018804,0.00118024780181584,0.00020039175898353177,0.07516657217371372
240,241,1.66871830802395e-05,1.5926551920478134e-05,1.2400775909113316e-07,12.400775909113316,6.021333595162524e-07,1.1490659127611907e-08,0.0,2.2999382026368174e-08,2.451612191435191e-09,25.085971846498076,40.007624462869416,0.00118030523741224,8.289520084660368e-05,0.07517754722143294
241,242,1.668411544828977e-05,1.5923420031840116e-05,1.240075101353832e-07,12.400751013538322,6.012861416956765e-07,1.1181499069060296e-08,0.0,2.4220265549534134e-08,2.453510835243134e-09,25.113075336563867,40.01061511182414,0.0011802444955898708,0.00021182967274514577,0.07517825772353735
242,243,1.6683476958867807e-05,1.592345667506156e-05,1.2400711047192373e-07,12.400711047192372,6.013897457419241e-07,1.064682608141491e-08,0.0,2.3976601510980006e-08,2.454358073247e-09,25.075047963306073,40.01072119322084,0.001180197179036264,0.0006065890923345296,0.07521130276349061
243,244,1.6682260391202304e-05,1.5925540672367992e-05,1.2400671634414343e-07,12.400671634414344,6.020832484489536e-07,9.642739221809375e-09,0.0,2.098701481940324e-08,2.4534317960838888e-09,25.050144488426213,40.00737812144039,0.0011804653888444002,0.00010187779718878342,0.0752099460181057
244,245,1.6680562722801956e-05,1.5919052797656e-05,1.2400751203692654e-07,12.400751203692653,6.042406660041027e-07,1.0766397523885455e-08,0.0,2.2495349581043035e-08,2.453482454865333e-09,25.072864560614054,40.00890341656003,0.0011800686583101085,5.037881377911978e-05,0.07518851875335934
245,246,1.6679103875454537e-05,1.5913446446492203e-05,1.240076075153196e-07,12.400760751531962,6.068817380884945e-07,1.0802741918319537e-08,0.0,2.3965341440201206e-08,2.453651173439051e-09,25.0843494767291,40.0107112985213,0.0011798311967060962,0.0002055889090345998,0.07516849217211705
246,247,1.6677188138968827e-05,1.590789418875787e-05,1.2400754599537282e-07,12.400754599537283,6.107252003650201e-07,1.0577311825193856e-08,0.0,2.3983892025367863e-08,2.453273248025819e-09,25.069128790174634,40.01104501522626,0.0011795867956358069,0.00025895477844966816,0.07516346624343612
247,248,1.6675963698442114e-05,1.5905680503097846e-05,1.240071953851775e-07,12.400719538517752,6.138505714972556e-07,9.79318552990141e-09,0.0,2.2632242931933506e-08,2.452039531528352e-09,25.051189242816584,40.00929253213191,0.0011795974247071604,6.655658254151345e-05,0.0751629886310931
248,249,1.6675328149697772e-05,1.590261396917354e-05,1.2400710634909343e-07,12.400710634909341,6.170391627186875e-07,9.538222216477438e-09,0.0,2.2129689239976425e-08,2.4514488258532065e-09,25.05657434418013,40.00958239957393,0.0011795268058086463,6.68997750702634e-05,0.0751560048547189
249,250,1.66741414485354e-05,1.5899675782320915e-05,1.2400715034275442e-07,12.400715034275441,6.189928648095532e-07,9.706188023983786e-09,0.0,2.1759463038190702e-08,2.4505842530992035e-09,25.06974949342566,40.009963600569314,0.0011794355276443162,0.00011042578944226174,0.07515102539030753
250,251,1.667234504605215e-05,1.589867325455868e-05,1.240073165593901e-07,12.40073165593901,6.18175401388668e-07,1.0215296727468919e-08,0.0,2.12737768179429e-08,2.449361154082804e-09,25.09148663050992,40.00961455729951,0.0011794444540076175,0.00011261213045915632,0.07514176027109068
251,252,1.667029932892989e-05,1.590101844658912e-05,1.240075379257025e-07,12.400753792570251,6.130044594254865e-07,1.0760848369927891e-08,0.0,2.150803661965204e-08,2.4486775371943333e-09,25.104300157158555,40.009282312560636,0.001179556644591009,9.497197823919311e-05,0.07515091369775428
252,253,1.666671680318592e-05,1.590871653584525e-05,1.2400769642046905e-07,12.400769642046905,6.00984335086742e-07,1.0861230020033771e-08,0.0,2.214700581342514e-08,2.4479461256529416e-09,25.11393146444184,40.00894218519623,0.0011798509845326367,8.620590192293664e-05,0.07518400096072433
253,254,1.666248099135831e-05,1.5914874660116006e-05,1.2400799559847125e-07,12.400799559847126,5.893554631062246e-07,1.2312505067736024e-08,0.0,2.1930367469872012e-08,2.4477522776399555e-09,25.120009510725655,40.00828459279438,0.0011798843638994258,7.412265860473011e-05,0.07521342222219889
254,255,1.6658711404503457e-05,1.5917018529360145e-05,1.2400762005650242e-07,12.400762005650243,5.839585395527026e-07,1.0730305214098167e-08,0.0,2.2996410320009803e-08,2.4473582856377656e-09,25.116664913253363,40.00919068864458,0.0011796747453842289,0.00011738418393513593,0.07522903040906276
255,256,1.6656844984815738e-05,1.5915016141752505e-05,1.2400697649015248e-07,12.400697649015246,5.855824825488598e-07,9.937139769522914e-09,0.0,2.2302244254695156e-08,2.4476164808264563e-09,25.094346312202596,40.007858060503196,0.001179359719343245,9.02765338614367e-05,0.07523154347292928
256,257,1.6655437401636133e-05,1.590955520972658e-05,1.240072212217679e-07,12.400722122176791,5.886283343530944e-07,1.0281148332428917e-08,0.0,2.296548800226557e-08,2.4473692488498407e-09,25.104906727375514,40.00918598537052,0.0011790309486897908,5.5733711354269485e-05,0.07522322383615887
257,258,1.6654215514199287e-05,1.5903490477318387e-05,1.2400720640971477e-07,12.400720640971477,5.932436321999367e-07,1.0303614301928881e-08,0.0,2.317058396932037e-08,2.4470944456703814e-09,25.119048364327263,40.01052927727271,0.0011787072089955502,0.00018536157644527215,0.07520433437776115
258,259,1.6653141780866257e-05,1.5899775057756918e-05,1.2400711329235683e-07,12.400711329235683,5.967410092384668e-07,1.0224761999636013e-08,0.0,2.23938385788815e-08,2.446893636167801e-09,25.134114080983263,40.009695148980896,0.0011785402307252662,6.0086701704139876e-05,0.07519655462069777
259,260,1.6652303523733636e-05,1.589663305499073e-05,1.240072642662343e-07,12.40072642662343,5.989361112605607e-07,1.0421380537351546e-08,0.0,2.230571267876034e-08,2.447002536645229e-09,25.13892224600456,40.00989154801611,0.001178376064623457,8.922254544766015e-05,0.07519067849743144
260,261,1.6650634865597794e-05,1.589539155676551e-05,1.2400749437658354e-07,12.400749437658353,5.986961178786191e-07,1.0656807448932042e-08,0.0,2.1882889128152246e-08,2.447327089199084e-09,25.141927314706543,40.009744806139196,0.0011782146658870013,7.633935484297181e-05,0.0751827697038302
261,262,1.6648473862896923e-05,1.589218600151053e-05,1.2400761745589732e-07,12.400761745589731,5.99827411775134e-07,1.0783465907147238e-08,0.0,2.166936624821579e-08,2.448012438177174e-09,25.134717101258985,40.00969617553692,0.0011780379206896246,8.384756098742811e-05,0.07517690027216598
262,263,1.6644344281088947e-05,1.5888338413453155e-05,1.240076858032456e-07,12.40076858032456,5.989649316671205e-07,1.0869474481946618e-08,0.0,2.216377568347884e-08,2.449154319111761e-09,25.119915513992417,40.00995593740356,0.001177908411094328,9.339098359454456e-05,0.07517323073203586
263,264,1.6641110761568444e-05,1.5883543232782722e-05,1.2400745238075225e-07,12.400745238075224,6.004917783579062e-07,1.0552320263902158e-08,0.0,2.2515977783164725e-08,2.450137515793298e-09,25.09578479020741,40.008810292398024,0.0011779053105869563,7.99671128156936e-05,0.07517707246896853
264,265,1.6639487428317524e-05,1.5883784103204762e-05,1.2400733420137592e-07,12.400733420137591,5.976233300080783e-07,1.0210846585253003e-08,0.0,2.3861814318055964e-08,2.4505409496674734e-09,25.10687148375502,40.010271251740825,0.0011779812749414397,0.0001197278623470915,0.0751823582157759
265,266,1.6638239339726985e-05,1.5885295570254915e-05,1.2400698917151757e-07,12.400698917151757,5.963242603427464e-07,9.849718418038291e-09,0.0,2.2762801539768122e-08,2.450218869266868e-09,25.108802777635205,40.00888432710876,0.0011781328012974216,6.645189331825324e-05,0.0751897586070156
266,267,1.663757994286296e-05,1.5884227588748207e-05,1.2400712608154785e-07,12.400712608154786,5.966408219899237e-07,1.0121263278700005e-08,0.0,2.258314276458013e-08,2.4500982841510697e-09,25.124508939363828,40.00883753838924,0.001178179981797514,4.507974537341616e-05,0.07518863800244248
267,268,1.663667987487296e-05,1.5883323776903556e-05,1.2400730857825665e-07,12.400730857825664,5.968028142322647e-07,1.0335733084349933e-08,0.0,2.221024207453433e-08,2.4500616656555865e-09,25.136470291213453,40.008825594034356,0.0011781833108325404,3.843911117492642e-05,0.07518663017612241
268,269,1.663509639230557e-05,1.5880740989179307e-05,1.2400754311883803e-07,12.400754311883802,5.977685246649486e-07,1.0583434940602297e-08,0.0,2.1995900401875902e-08,2.450219101013945e-09,25.147095615358243,40.00921155619798,0.0011781698525022933,5.800807189346616e-05,0.07518405890007339
269,270,1.6632829691481053e-05,1.587773843315122e-05,1.2400774618448734e-07,12.400774618448734,5.980931604748998e-07,1.0739490807486814e-08,0.0,2.225086086295941e-08,2.4504539353361925e-09,25.1539863561943,40.01029174310409,0.0011781755695206427,0.00018460306489540245,0.07518300910255325
270,271,1.663107599585035e-05,1.5878532059088e-05,1.240075917819248e-07,12.40075917819248,5.957803100714662e-07,1.0437103920353374e-08,0.0,2.2318930988602342e-08,2.44986875842856e-09,25.145979421895643,40.01026676235138,0.001178278977990547,0.00020383780198087183,0.07518610767894919
271,272,1.662885419452165e-05,1.5877787611351014e-05,1.2400753043982786e-07,12.400753043982785,5.941795496562274e-07,1.0268828908702454e-08,0.0,2.2610674165875185e-08,2.448981042002106e-09,25.148142556214378,40.010234736020294,0.0011784283538879706,0.00021817956298139635,0.07518562184294215
272,273,1.662607326916467e-05,1.587775515439077e-05,1.2400725487990577e-07,12.400725487990577,5.916757242921077e-07,9.93016734284894e-09,0.0,2.2704968259037965e-08,2.4475799339865372e-09,25.155981623858803,40.00973522280727,0.0011785349948022611,6.470317828154528e-05,0.07517456800009811
273,274,1.662426112786932e-05,1.5872825942578697e-05,1.2400736327340556e-07,12.400736327340557,5.940183799551402e-07,1.0063843925894007e-08,0.0,2.3345598136179572e-08,2.4469147511400377e-09,25.17443900626543,40.01026272474245,0.0011784507233397069,0.0001943685214776645,0.07515337448070263
274,275,1.6622683756558396e-05,1.5871978951881734e-05,1.2400696176881078e-07,12.400696176881077,5.948414565569293e-07,9.621802923105595e-09,0.0,2.223458342781435e-08,2.4459827326381774e-09,25.187234722471185,40.008492110368294,0.00117831169121765,8.48072840342326e-05,0.07513325583382227
275,276,1.6621620480249875e-05,1.587255721271093e-05,1.2400715241010564e-07,12.400715241010563,5.931088256184682e-07,9.848807886539155e-09,0.0,2.2098481623833735e-08,2.4458349441273154e-09,25.202702551508587,40.00852798040212,0.0011782014119051702,4.950147981229767e-05,0.07513371166411321
276,277,1.6620663818051444e-05,1.5870210189069256e-05,1.2400722733086466e-07,12.400722733086464,5.946434183383593e-07,9.908587734933017e-09,0.0,2.189439557803486e-08,2.4460064346631347e-09,25.217719738468443,40.00791385486117,0.0011780159763301356,6.243249338305936e-05,0.07513325748002267
277,278,1.6619868905172417e-05,1.5868125532082587e-05,1.2400726251621913e-07,12.400726251621911,5.958848924366977e-07,9.917582138022368e-09,0.0,2.193363599889515e-08,2.4461226830713156e-09,25.229155549342714,40.00763915900161,0.0011778054838915376,5.497802198766558e-05,0.07513118820443589
278,279,1.661799437118355e-05,1.5862863972121254e-05,1.2400724957278322e-07,12.400724957278321,5.989176776325313e-07,9.817408300682372e-09,0.0,2.2388063556296583e-08,2.446368175837639e-09,25.24206486120996,40.00708565963944,0.0011774657967177425,5.010536796674467e-05,0.07512595246920829
279,280,1.6615091597059503e-05,1.5855968538008244e-05,1.2400736490344752e-07,12.400736490344752,6.025380731489001e-07,1.0068954792054144e-08,0.0,2.2508666206855424e-08,2.446725989059984e-09,25.24924414131117,40.00662008094848,0.0011770274936747666,5.774655814135839e-05,0.07511561771811975
280,281,1.6611304551015934e-05,1.5847835707699727e-05,1.2400732336423024e-07,12.400732336423024,6.07021170493137e-07,1.0005663054217517e-08,0.0,2.2434686404623924e-08,2.4473663244427037e-09,25.236470734603923,40.00607993363459,0.0011766113763270625,6.660612620094771e-05,0.07507578172403559
281,282,1.660820836559846e-05,1.584383585533595e-05,1.240076758042189e-07,12.400767580421888,6.072125565760153e-07,1.0640357549918262e-08,0.0,2.2511920332357743e-08,2.4479720003389923e-09,25.226565849611696,40.0063397216456,0.0011765088225227343,0.00010035958054405279,0.07501289120333475
282,283,1.6605447003742202e-05,1.5843207659841122e-05,1.2400759018030785e-07,12.400759018030785,6.050031670728467e-07,1.0466796987652594e-08,0.0,2.2761789660271097e-08,2.44846420747719e-09,25.19985843569025,40.00584603119857,0.0011766801053114684,8.194454797017065e-05,0.07495851068741934
283,284,1.6604642346666193e-05,1.5843060842975542e-05,1.240077587891209e-07,12.400775878912091,6.038271679108874e-07,1.0533626793511859e-08,0.0,2.321295019712962e-08,2.448296402676441e-09,25.213132727558943,40.00681652867854,0.0011767029399613249,7.880979763224261e-05,0.07495721346596791
284,285,1.6603929391512274e-05,1.5845624055555246e-05,1.2400754090783314e-07,12.400754090783312,6.023656058492701e-07,1.0247347231574365e-08,0.0,2.1684841968346254e-08,2.447927716179676e-09,25.21846885380844,40.00597664440658,0.0011768188531341922,3.950690865646144e-05,0.07498073831976702
285,286,1.6603055454248788e-05,1.5844207092540588e-05,1.2400733473683515e-07,12.400733473683516,6.035241996271315e-07,9.946430185832123e-09,0.0,2.137039715840167e-08,2.447665244753707e-09,25.22341545844961,40.00552891070832,0.0011767993085585583,4.1482806281802e-05,0.07496998342798687
286,287,1.6601787477698168e-05,1.5839680352449798e-05,1.2400730603003563e-07,12.400730603003563,6.063105790859769e-07,9.955378205088713e-09,0.0,2.183386192727021e-08,2.447341536597346e-09,25.232547751638776,40.005158501139114,0.0011766534138173052,4.3012897477330463e-05,0.07494663016148738
287,288,1.6599082449023203e-05,1.5835052787872065e-05,1.2400721164232626e-07,12.400721164232626,6.074667608010607e-07,9.746519849208202e-09,0.0,2.2809168858543073e-08,2.4467926543758963e-09,25.259664921437576,40.00512911616678,0.0011766509194703718,4.482268633295389e-05,0.07494787576171523
288,289,1.6595640080324897e-05,1.5830421033506293e-05,1.2400740444767194e-07,12.400740444767195,6.068912357880627e-07,1.0048841951489512e-08,0.0,2.427156463138016e-08,2.445814710322866e-09,25.31299882230975,40.0052909953653,0.0011768310873347706,8.450032881592965e-05,0.07496618967834923
289,290,1.6594113835891936e-05,1.5832301091767343e-05,1.2400731637125268e-07,12.400731637125267,6.048573549312564e-07,9.975837985674248e-09,0.0,2.2972234836412554e-08,2.4452076421202834e-09,25.331332733411802,40.004543103262755,0.0011770118679161289,6.240151430345742e-05,0.07498396455771554
290,291,1.6593094819700043e-05,1.5834924036487725e-05,1.240076139615088e-07,12.400761396150878,6.015087903815865e-07,1.0561249935921987e-08,0.0,2.209312893329976e-08,2.4439330755852576e-09,25.38123260163038,40.00588859955186,0.0011774238925309649,0.0001711594397873951,0.07499624535663248
291,292,1.659212040285877e-05,1.5835367854451096e-05,1.2400740955636198e-07,12.400740955636198,6.014013222683349e-07,1.03024620499285e-08,0.0,2.1041354533051873e-08,2.4436850912557306e-09,25.37940809178573,40.00464720026233,0.0011773975824647936,5.1218288569586314e-05,0.07499747389853753
292,293,1.6591618527746603e-05,1.583350396755315e-05,1.2400732951733568e-07,12.400732951733566,6.028929351752068e-07,1.0070783114970737e-08,0.0,2.1143512385940227e-08,2.4431655268505703e-09,25.387037194886446,40.004627378207026,0.0011773286671141212,5.145194971445767e-05,0.07498823390935365
293,294,1.6590008455453147e-05,1.5827250197692997e-05,1.2400738549942638e-07,12.400738549942638,6.068200759886156e-07,1.001255572717977e-08,0.0,2.191824054492482e-08,2.4411486355145835e-09,25.430000131315808,40.005292320334796,0.0011771940934598732,3.887002293309855e-05,0.0749644661394172
294,295,1.6588713626016022e-05,1.582397156351788e-05,1.2400734294502524e-07,12.400734294502524,6.08299147287057e-07,9.852469627812861e-09,0.0,2.2583102638246956e-08,2.439441093072486e-09,25.464884764030366,40.0064060315279,0.0011771426960729059,6.271057818786278e-05,0.07495337670879293
295,296,1.6587398246127823e-05,1.582310022289933e-05,1.2400732769733827e-07,12.400732769733827,6.07242539364677e-07,9.95731229824171e-09,0.0,2.3090843868235817e-08,2.438109794929042e-09,25.49291428267017,40.00729442967333,0.0011771826356636824,6.122684620416932e-05,0.07495570486619817
296,297,1.6585675254392957e-05,1.582321644870788e-05,1.2400721790476216e-07,12.400721790476217,6.057765546467282e-07,9.812743821836204e-09,0.0,2.2862289311749404e-08,2.437728650225733e-09,25.509567079748944,40.00774802340177,0.0011772048463765399,3.548981777544803e-05,0.07496992575440055
297,298,1.6583726731306867e-05,1.5824518795296703e-05,1.2400731860780138e-07,12.400731860780137,6.027681305250024e-07,1.0011712148052953e-08,0.0,2.2420774729305013e-08,2.437784467958679e-09,25.537539857569016,40.008920965951816,0.0011772731330890326,3.0940563227088156e-05,0.07500978379814015
298,299,1.6581915313616177e-05,1.5822104343861553e-05,1.240072484343805e-07,12.400724843438049,6.038886655717315e-07,1.0367344890729403e-08,0.0,2.1547710857783012e-08,2.437727003173828e-09,25.537593919090277,40.00934325608794,0.0011769921514952256,8.816967806976528e-05,0.07501728291154774
299,300,1.6580592747326876e-05,1.5818564484266225e-05,1.2400698195964872e-07,12.400698195964871,6.061814029328938e-07,1.051022160541708e-08,0.0,2.1329656562689833e-08,2.4375308177527024e-09,25.522743221023287,40.00724129236547,0.0011763903987946386,9.6989626593678e-05,0.07505277718282168
300,301,1.6580050223052724e-05,1.5815245931698566e-05,1.2400749119007532e-07,12.400749119007532,6.083316649964024e-07,1.0444724359588558e-08,0.0,2.2020410808092076e-08,2.4367797350886768e-09,25.545124442165488,40.00970110383841,0.0011762679610925388,8.272452968132872e-05,0.07503840152245955
301,302,1.657984387468529e-05,1.581368662538342e-05,1.2400746371570186e-07,12.400746371570186,6.098034100192756e-07,9.980892915737603e-09,0.0,2.2365482651156876e-08,2.4370474157567773e-09,25.525077735523425,40.00953839779901,0.0011763509618923748,0.0001501347257368952,0.07500470416723205
302,303,1.657977293531455e-05,1.5814791742710203e-05,1.2400710800065862e-07,12.40071080006586,6.09043998311389e-07,9.806837734505632e-09,0.0,2.2123248557794312e-08,2.436985573815965e-09,25.516505980100916,40.00798199408965,0.0011763961845319155,8.241816283959715e-05,0.0750075325780005
303,304,1.657954284373953e-05,1.5814673734730194e-05,1.2400719958928997e-07,12.400719958928995,6.085257659079762e-07,1.0094746116573613e-08,0.0,2.224139739549889e-08,2.4366160237965645e-09,25.52857101935853,40.008637582040166,0.0011763583517736672,4.310920935282623e-05,0.07501234690832852
304,305,1.65793584482968e-05,1.581419777755982e-05,1.240073643181906e-07,12.400736431819059,6.083031610592065e-07,1.033117386758155e-08,0.0,2.2518971492003712e-08,2.4361713079346604e-09,25.5390335202996,40.009385218281366,0.0011763373501338765,5.164677617292091e-05,0.07501081409567525
305,306,1.657909761460454e-05,1.5814123284092463e-05,1.2400755676100197e-07,12.400755676100196,6.076392223167444e-07,1.0559997068232781e-08,0.0,2.276755436609858e-08,2.4358477846706105e-09,25.541991180872603,40.009703751739366,0.0011763303072173839,5.302459942470359e-05,0.07500754821246508
306,307,1.657851290645978e-05,1.5816061908490882e-05,1.24007589082884e-07,12.400758908288399,6.047879411390302e-07,1.0581851588431051e-08,0.0,2.3073616158552298e-08,2.4350962859250583e-09,25.54242134120521,40.01020610104845,0.0011764301739493857,0.00020107600108144395,0.07500070265696833
307,308,1.657789636605044e-05,1.5820282572771284e-05,1.240075697082189e-07,12.400756970821888,5.999747630175482e-07,1.0591747736883838e-08,0.0,2.3039712816507766e-08,2.434224491107167e-09,25.52875235433487,40.00854829715027,0.0011765527942893697,8.046131982002692e-05,0.07500449663344182
308,309,1.657757325566216e-05,1.5820754376998905e-05,1.2400744991748133e-07,12.400744991748132,6.001236992379857e-07,1.040810823339964e-08,0.0,2.2279621274390745e-08,2.4340671446424355e-09,25.537251015145202,40.00854083672382,0.0011765211598375805,7.795897878251369e-05,0.07501195508837472
309,310,1.6576987172951387e-05,1.5821214703407278e-05,1.2400711270907292e-07,12.400711270907292,6.002468877215116e-07,9.857263273287057e-09,0.0,2.1661205840237682e-08,2.4332537661141694e-09,25.561883593856578,40.00913251818316,0.0011764018616548506,6.854031682158323e-05,0.07503571608989673
310,311,1.6576586850817682e-05,1.5821153967069132e-05,1.2400713751296022e-07,12.40071375129602,6.001140199430459e-07,9.799005674597552e-09,0.0,2.1512720617948538e-08,2.4334431472510902e-09,25.55616783995843,40.00875587126767,0.0011763762263260723,3.6414674208783346e-05,0.07504325103148324
311,312,1.6576128156817978e-05,1.5821631378828848e-05,1.2400701988220035e-07,12.400701988220035,5.992226125777406e-07,9.643386275953434e-09,0.0,2.1623759253235728e-08,2.4334116341427813e-09,25.54450586669551,40.008676893691344,0.001176411705520488,6.822511752908257e-05,0.0750448002715696
312,313,1.6575650493794338e-05,1.5821055438431792e-05,1.2400702939127052e-07,12.40070293912705,5.987630278098037e-07,9.692622543700693e-09,0.0,2.2132375617772786e-08,2.433356864580514e-09,25.530427094515264,40.009105388963576,0.001176448108455409,7.697000447252737e-05,0.07504055288954432
313,314,1.6575087549846035e-05,1.582006449503224e-05,1.2400713121295158e-07,12.400713121295158,5.981675529419362e-07,9.810527011017049e-09,0.0,2.303784364788778e-08,2.433222820400063e-09,25.503793653447453,40.010158345100976,0.0011765059123468404,0.000331607491879602,0.07503285589543904
314,315,1.6573990361769114e-05,1.5818409332626273e-05,1.240071595598813e-07,12.40071595598813,5.988324811331639e-07,9.911882097424001e-09,0.0,2.2829506352371706e-08,2.4332278091742217e-09,25.483181148402476,40.0097796166051,0.0011765523019030475,0.0001587887472924987,0.07502903310940105
315,316,1.657282995033561e-05,1.5815426069963226e-05,1.2400751476578594e-07,12.400751476578593,5.994013460972661e-07,1.0483218934724158e-08,0.0,2.3511800574609316e-08,2.4325951708231467e-09,25.44802827619513,40.00987121238401,0.001176439014163459,5.216215854327196e-05,0.07503408979210499
316,317,1.6572369768891392e-05,1.5815419284855916e-05,1.2400761018290154e-07,12.400761018290153,5.992066120349236e-07,1.061230278414854e-08,0.0,2.3123959033505777e-08,2.432142304844144e-09,25.424385031897664,40.00985604106655,0.0011763493541844087,6.351641930672279e-05,0.07503921829529767
317,318,1.6571680761812838e-05,1.5815875686814182e-05,1.24007652888511e-07,12.4007652888511,5.985477964813533e-07,1.0616709981488069e-08,0.0,2.2632915647304902e-08,2.4315516843434067e-09,25.395721055718653,40.009764770885454,0.0011762382267069753,5.663670390066137e-05,0.07505331920496529
318,319,1.6570501027553697e-05,1.5815261329751686e-05,1.2400764604846155e-07,12.400764604846156,5.984452858032524e-07,1.0569226321359555e-08,0.0,2.221753962893693e-08,2.4308279510653806e-09,25.360243221719863,40.00971516673365,0.0011760426810876745,7.146414580737142e-05,0.07507234350523938
319,320,1.6569506633691593e-05,1.581467190329938e-05,1.2400747709862604e-07,12.400747709862603,5.985111154832073e-07,1.0318727365349103e-08,0.0,2.1997410445029142e-08,2.4303029858906743e-09,25.337973807092496,40.00935432792461,0.001175949914610174,4.573602079446634e-05,0.07507292412283992
320,321,1.6569098925026492e-05,1.5814810779610497e-05,1.2400743088796058e-07,12.400743088796057,5.975083216846841e-07,1.0296408370169115e-08,0.0,2.2475984473181765e-08,2.430009629114619e-09,25.32619106618075,40.00982735496928,0.0011759486000943267,0.00016570161024672263,0.07508080825398282
321,322,1.6568854378775916e-05,1.5813994998926444e-05,1.240071741797376e-07,12.400717417973759,5.98218904510757e-07,1.0003029560015045e-08,0.0,2.2630271598958866e-08,2.4304233663365055e-09,25.339136050933377,40.00890301957815,0.0011760238541513388,8.210561504983242e-05,0.07508153216664779
322,323,1.6568646687622802e-05,1.5813961148615063e-05,1.2400729250072184e-07,12.400729250072184,5.979119440826598e-07,1.0166320126552552e-08,0.0,2.25999822978051e-08,2.4304519377745193e-09,25.33777659866692,40.00920406486492,0.0011760072249074288,6.295863175042762e-05,0.07507954539618007
